"";"OPK";"AVT";"GPN";"SDRL";"LEG";"ITC";"TEG";"IEX";"CSGP";"CSL"
"2010-01-04";1.95;29.6;52.23;17.44;16.48;15.53;32.79;28.96;42.25;32.52
"2010-01-05";1.93;29.36;52.12;17.14;16.3;15.41;32.23;28.76;42.45;32.58
"2010-01-06";1.79;29.17;51.94;17.01;16.49;15.48;32.44;29.11;42.5;32.47
"2010-01-07";1.92;28.57;51.61;17.11;17.02;15.45;31.93;29.05;42.42;33
"2010-01-08";1.89;29.07;48.56;17.27;17.02;15.72;31.72;29.5;42.34;32.79
"2010-01-11";1.91;29.08;47.42;16.95;16.94;15.71;32.1;29.5;42.36;33.3
"2010-01-12";1.82;27.78;47.37;16.55;16.41;15.77;32.03;29.07;41.72;33.61
"2010-01-13";1.83;27.66;47.41;16.88;16.62;16.2;32.29;29.18;41.52;33.86
"2010-01-14";1.84;28.22;46.59;16.52;16.64;16.12;32.48;29.07;42.49;34.15
"2010-01-15";1.76;27.49;46.1;16.55;16.86;15.96;32.17;28.69;41.42;33.25
"2010-01-19";1.85;27.97;46.37;15.92;17;16.16;32.36;29.02;41.95;33.73
"2010-01-20";1.88;27.81;46.3;15.33;16.87;16.06;33.06;28.79;40.93;33.87
"2010-01-21";1.71;27.72;45.49;15.19;16.36;15.72;33.19;28.03;41.02;33.24
"2010-01-22";1.72;26.5;45.02;14.9;16.08;15.62;32.32;27.54;40.61;32.35
"2010-01-25";1.74;27.07;44.92;15.09;16.25;15.55;32.9;27.16;41.04;32.21
"2010-01-26";1.79;27.23;44.87;14.81;16.21;15.47;33;27;40.66;32.06
"2010-01-27";1.79;27.26;45.13;14.87;16.11;15.83;33.13;26.9;41;31.62
"2010-01-28";1.78;26.4;44.9;14.84;15.92;16.1;32.69;26.46;40.62;31.4
"2010-01-29";1.7;25.87;44.13;15;14.67;16.17;32.46;25.92;40.38;31.05
"2010-02-01";1.74;26.29;44.63;15.07;15.17;16.12;32.71;26.44;40.02;31.53
"2010-02-02";1.7;26.78;44.94;15.6;15.51;16.02;33.07;26.94;39.04;31.69
"2010-02-03";1.71;26.95;44.89;15.79;15.39;15.97;33.04;26.93;39.05;33.05
"2010-02-04";1.64;25.78;44.85;14.97;14.99;15.62;32.4;26.91;38.22;33
"2010-02-05";1.63;26.23;44.76;14.28;14.82;15.65;32.02;26.66;38.5;31.73
"2010-02-08";1.69;26.22;44.61;14.31;14.75;15.48;31.67;26.85;38.45;31.69
"2010-02-09";1.68;26.36;45.1;14.58;14.99;15.56;31.88;26.91;38.65;31.86
"2010-02-10";1.74;26.11;44.85;14.41;14.87;15.46;31.82;26.66;38.77;31.39
"2010-02-11";1.94;26.53;45.23;14.87;15.06;15.78;32.25;27.14;39.45;31.91
"2010-02-12";2.03;26.84;44.14;14.08;15.09;15.86;31.93;27.5;39.02;31.97
"2010-02-16";2.07;27.13;44.24;14.31;15.58;16.22;32.95;27.85;39.5;32.42
"2010-02-17";2.03;27.21;43.36;14.31;15.65;16.32;33.99;28.11;39.85;32.09
"2010-02-18";2.03;27.4;43.5;13.83;15.74;16.33;34.53;28.7;40.06;32.34
"2010-02-19";2.02;27.59;43.25;14.54;15.59;16.57;35.46;28.92;40.18;32.29
"2010-02-22";2.04;27.14;42.68;14.54;15.64;16.58;35.6;28.95;40.65;32.09
"2010-02-23";2.05;26.68;42.38;14.41;15.43;16.44;35.53;28.31;39.83;31.95
"2010-02-24";2;26.84;42.75;14.38;15.53;16.5;35.39;28.38;39.82;32.35
"2010-02-25";2.01;27.13;42.6;14.21;15.14;16.2;35.28;28.52;39.47;32.33
"2010-02-26";2.01;27.02;42.47;15.3;15.23;16.16;34.71;28.48;39.35;31.92
"2010-03-01";2.05;27.65;43.43;15.37;15.53;16.36;35.3;28.99;39.63;32.87
"2010-03-02";2.05;27.71;43.17;15.3;15.68;16.49;35.77;29.18;39.96;33.29
"2010-03-03";2.02;28.01;42.48;15.46;16;16.43;35.85;29.02;41.05;33.21
"2010-03-04";2.02;27.24;42.41;15.37;16.29;16.35;35.87;28.78;41.11;33.28
"2010-03-05";2.05;27.45;43.31;15.69;16.56;16.49;36.16;29.55;41.91;33.53
"2010-03-08";2.01;27.56;43.62;15.5;16.71;16.5;36.31;29.67;41.31;33.83
"2010-03-09";2.01;27.65;44.68;15.46;16.9;16.47;36.64;29.79;41.37;34.6
"2010-03-10";2.02;28.26;45.05;15.96;17.31;16.5;36.86;30;41.8;34.5
"2010-03-11";2.03;28.31;44.9;15.96;17.29;16.58;36.85;30.31;41.99;34.48
"2010-03-12";2.06;28.17;44.85;16.19;17.31;16.62;36.53;30.13;42.29;34.69
"2010-03-15";2.05;27.62;44.27;15.46;17.19;16.75;36.74;30.05;42.87;35
"2010-03-16";2.05;28.08;44.65;15.56;17.39;16.81;37.27;29.92;42.73;35.3
"2010-03-17";2.04;28.88;45.7;15.53;17.51;16.87;36.89;30.13;42.5;35.54
"2010-03-18";1.99;28.64;46.08;15.4;17.66;16.63;36.92;29.66;42.58;35.3
"2010-03-19";2.03;28.45;45.66;15.4;17.46;16.66;36.41;29.48;42;34.97
"2010-03-22";2.01;28.72;46.37;15.17;17.52;16.61;36.27;29.83;42.62;35.43
"2010-03-23";2.02;29.13;46.02;15.69;17.66;16.69;36.43;30.43;42.97;35.99
"2010-03-24";2.03;28.31;44.76;15.46;17.49;16.59;36.13;29.91;42.05;35.87
"2010-03-25";2.02;27.85;45.09;15.27;17.57;16.49;36.1;29.58;41.56;35.95
"2010-03-26";2.03;27.76;45.24;14.97;17.57;16.56;36.46;30.15;41.09;35.64
"2010-03-29";2.03;29.11;45.51;15.27;17.51;16.73;36.97;30.51;41.31;35.79
"2010-03-30";2.02;29.87;45.96;14.9;17.71;16.69;37.34;30.7;42.03;35.76
"2010-03-31";1.98;29.36;45.19;15.46;17.6;16.65;37.3;30.4;41.52;35.45
"2010-04-01";2;29.75;45.28;15.63;17.64;16.84;37.85;30.46;41.78;35.71
"2010-04-05";2.02;31.26;44.34;15.76;17.67;16.88;37.9;30.87;42.79;35.87
"2010-04-06";2.02;30.53;44.87;16.39;17.7;17.08;38.44;30.93;43.22;35.98
"2010-04-07";2.02;30.4;43.86;16.42;17.51;17.01;37.87;30.8;43.01;36.13
"2010-04-08";2.03;29.83;43.31;16.35;17.63;16.8;37.56;30.67;42.8;35.72
"2010-04-09";2.05;30.4;42.93;16.78;17.81;16.8;37.58;30.94;42.74;35.51
"2010-04-12";2.16;30.34;43.58;17.14;17.75;16.96;37.76;31.23;42.97;35.4
"2010-04-13";2.32;30.5;43.21;16.68;17.76;17.03;37.8;31.47;43.29;35.74
"2010-04-14";2.36;31.65;43.91;17.24;18.01;16.95;38.31;31.7;44.33;36.46
"2010-04-15";2.33;31.58;45.27;17.89;18.1;16.92;38.53;31.84;45.02;36.4
"2010-04-16";2.35;31.17;45.51;17.19;17.95;16.76;38.07;31.5;45.31;36.07
"2010-04-19";2.28;30.83;45.49;16.79;17.99;16.51;38.06;30.98;45.19;36.12
"2010-04-20";2.31;31.28;45.01;17.48;18.41;16.51;38.25;31.56;45.95;36.65
"2010-04-21";2.29;31.53;45.13;17.33;18.82;16.59;38.61;32.07;45.73;36.85
"2010-04-22";2.25;31.56;44.9;17.91;19.36;16.6;38.97;32.24;45.34;37.92
"2010-04-23";2.22;32.11;45.55;18.21;19.49;17;39.51;32.14;45.14;38.23
"2010-04-26";2.23;31.8;44.94;18.31;19.6;16.99;39.41;32.31;44.9;38.74
"2010-04-27";2.18;31.34;44.24;17.45;19.34;16.82;38.73;31.67;44.71;37.03
"2010-04-28";2.16;31.91;44.07;17.33;19.84;16.9;39.31;31.43;44.27;36.66
"2010-04-29";2.21;32.77;43.93;17.6;20.14;17.01;39.6;31.94;45;36.17
"2010-04-30";2.16;31.28;42.47;16.62;19.95;16.9;39.06;31;43.95;35.11
"2010-05-03";2.22;31.72;42.88;17.12;20.35;16.98;39.67;31.75;44.38;36.2
"2010-05-04";2.2;30.09;42.53;16.12;19.82;16.57;39.32;30.64;43.63;36.06
"2010-05-05";2.09;29.45;42.66;15.72;19.39;16.18;38.9;30.81;42.9;35.48
"2010-05-06";1.88;27.84;42.58;14.58;18.68;15.57;37.67;29.46;42.36;34.83
"2010-05-07";1.87;26.9;40.16;14.38;18.07;15.22;36.43;28.49;40.81;33.96
"2010-05-10";2.03;29.03;41.28;15.68;19.4;15.9;37.81;30.35;42.31;36.28
"2010-05-11";2.04;28.89;40.83;15.36;19.63;15.9;38.24;30.42;42.71;36.24
"2010-05-12";2.2;29.19;41.65;15.5;20.03;15.97;38.73;31.11;43.83;37.66
"2010-05-13";2.17;29.47;42.54;15.39;19.77;16.04;38.51;31.18;43.92;37.66
"2010-05-14";2.11;28.61;41.3;15.04;19.58;15.89;38.11;30.24;44.2;37.55
"2010-05-17";2.16;28.69;42.03;14.79;19.66;16.04;38.36;30.42;43.9;37.71
"2010-05-18";2.16;27.81;42.2;14.65;19.38;15.89;38.01;30;43.85;37.22
"2010-05-19";2.12;27.76;42.02;14.15;19.19;15.66;37.6;29.21;43.27;36.44
"2010-05-20";1.98;26.77;40.72;13.42;18.33;15.03;36.17;27.73;41.76;35.17
"2010-05-21";2.03;27.59;41.72;14.17;18.54;15.03;36.2;27.76;41.58;35.62
"2010-05-24";2.03;26.91;40.99;13.71;18.26;14.9;36.13;27.68;40.62;35.69
"2010-05-25";1.99;26.79;40.88;14.04;18.31;14.85;35.76;27.4;39.91;35.21
"2010-05-26";1.96;26.7;40.92;14.44;18.27;15.66;35.38;27.6;40.03;35.54
"2010-05-27";2.05;28.48;41.99;14.25;19.14;16.1;36.08;28.68;41.09;36.89
"2010-05-28";1.98;28.1;41.88;13.61;18.93;16.06;36.15;28.18;40.77;36.33
"2010-06-01";1.97;26.72;41.13;12.71;18.7;15.64;35.31;27.57;40.42;36.46
"2010-06-02";2.06;27.17;41.27;13.68;19.09;15.92;36.08;28.4;41.38;37.17
"2010-06-03";2.06;27.29;41.99;13.95;19.1;16.21;36.13;29.08;41.94;37.38
"2010-06-04";1.97;26.01;40.57;13.4;18.19;15.7;34.64;27.42;40.74;35.83
"2010-06-07";1.88;25;39.76;13.08;17.6;15.62;34.44;26.81;39.5;34.77
"2010-06-08";1.91;25.07;39.8;12.94;17.83;15.77;34.75;26.73;39.28;35.16
"2010-06-09";1.93;25.26;39.71;12.63;17.91;15.79;34.57;26.78;39.45;34.72
"2010-06-10";2.01;25.82;41.18;13.71;18.66;16.16;35.61;28.01;40.41;35.9
"2010-06-11";2.03;26.41;41.26;13.69;18.71;16.09;35.71;28.46;40.64;36.32
"2010-06-14";2.07;26.33;41.15;14.17;18.75;16.12;35.61;28.91;40.47;36.21
"2010-06-15";2.13;27.29;42.33;14.57;19.16;16.35;36.55;29.98;41.08;37.34
"2010-06-16";2.12;27.26;42.24;14.26;18.99;16.42;36.9;29.65;41;37.04
"2010-06-17";2.13;27.39;42.25;13.94;18.57;16.58;37.5;29.29;41.06;37.09
"2010-06-18";2.19;27.32;42.3;14.01;18.52;16.71;37.38;29.13;41;37.29
"2010-06-21";2.15;27.31;38.6;14.11;18.52;16.67;37.12;29.02;40.59;36.75
"2010-06-22";2.17;26.46;39.11;13.84;18.08;16.29;36.31;28.14;40.46;36.27
"2010-06-23";2.03;26.3;38.62;13.79;17.86;16.33;35.58;28.09;40.24;35.74
"2010-06-24";2.2;25.24;37.87;13.42;17.39;16.25;35.59;28.16;40.17;35.71
"2010-06-25";2.55;25.21;38.37;13.36;17.65;16.31;35.71;28.28;40.77;35.87
"2010-06-28";2.29;25.4;38.31;13.08;17.6;16.47;35.94;27.83;40.94;35.47
"2010-06-29";2.24;24.09;36.91;12.25;16.81;16.28;35.04;26.67;39.25;34.33
"2010-06-30";2.26;23.59;36.27;12.37;16.5;16.12;34.96;26.36;38.8;33.76
"2010-07-01";2.15;23.42;35.83;12.5;16.16;15.86;34.67;26.02;38.73;33.37
"2010-07-02";2.2;23.47;35.9;12.92;16.05;15.95;34.86;25.7;38.15;33.12
"2010-07-06";2.23;23.25;35.98;13.38;15.9;16.15;35.27;25.81;37.66;32.88
"2010-07-07";2.31;24.58;37.15;14;16.67;16.58;36.61;26.53;38.44;33.94
"2010-07-08";2.37;24.62;36.82;14.04;16.8;16.68;36.9;26.75;39.1;34.62
"2010-07-09";2.4;24.59;37.32;13.71;16.98;16.64;37.1;27.02;39.19;34.85
"2010-07-12";2.37;24.73;37.28;13.98;16.81;16.62;37.24;27.14;38.73;34.25
"2010-07-13";2.49;25.09;37.98;14.66;17.2;16.6;37.5;28.24;40.13;35.07
"2010-07-14";2.47;25.24;38.11;14.72;17.08;16.63;37.54;28.22;40.43;34.63
"2010-07-15";2.41;25.2;37.96;14.47;16.99;16.58;37.58;28.07;40.21;35.04
"2010-07-16";2.32;24.22;36.68;14.09;16.45;16.46;36.45;26.86;39.33;33.69
"2010-07-19";2.39;24.7;36.96;14.13;16.61;16.64;36.86;27.61;39.9;33.57
"2010-07-20";2.34;24.62;37.11;14.23;16.81;16.91;37.54;28.41;40.16;34.11
"2010-07-21";2.36;24.14;37.11;14.15;16.9;16.77;36.82;28.85;39.73;33.82
"2010-07-22";2.39;25.09;38.5;14.85;17.54;17.01;37.82;29.49;42.42;35.15
"2010-07-23";2.37;25.42;39.39;15.04;17.58;17.33;38.15;30.07;44.24;36.25
"2010-07-26";2.44;26.5;39.77;15.36;18.17;17.46;38.69;30.27;45.19;36.58
"2010-07-27";2.54;26.32;39.64;15.41;17.61;17.78;39.28;29.73;45.2;31.88
"2010-07-28";2.47;25.56;36.28;15.49;17.11;17.64;38.98;29.35;44.59;32
"2010-07-29";2.45;25.06;37.12;15.64;17.08;17.37;38.38;29.49;43.51;31.35
"2010-07-30";2.49;24.61;37.45;15.85;17.14;17.29;37.85;29.83;43.83;31.47
"2010-08-02";2.49;25.24;38.25;16.71;17.45;17.81;38.64;30.4;44.59;32.34
"2010-08-03";2.56;25.31;38.01;16.79;17.18;17.92;38.87;30.22;44.08;31.19
"2010-08-04";2.6;25.59;37.95;16.84;17.47;17.67;39.01;30.46;44.45;31.04
"2010-08-05";2.59;25.56;37.87;16.9;17.39;17.79;39.52;30.61;43.85;30.64
"2010-08-06";2.54;25.68;38.31;16.78;17.33;17.73;39.27;30.5;43.76;30.6
"2010-08-09";2.6;25.77;38.85;16.65;17.63;17.81;39.69;30.7;44.91;30.77
"2010-08-10";2.53;25.17;38.51;16.44;17.18;17.79;40.02;30.28;44.17;29.57
"2010-08-11";2.28;24.62;37.63;15.42;16.57;17.48;38.83;29.21;42.74;28.54
"2010-08-12";2.26;23.89;37.22;15.39;16.37;17.41;38.44;28.94;42.63;27.96
"2010-08-13";2.17;23.29;36.94;15.49;16.19;17.62;38.72;28.69;42.21;28.39
"2010-08-16";2.4;23.42;37.09;15.68;16.19;17.27;38.86;28.58;42.28;28.45
"2010-08-17";2.37;23.68;37.46;15.86;16.51;17.45;39.45;29.29;42.82;28.7
"2010-08-18";2.26;24.11;37.73;15.83;16.62;17.3;39.33;29.82;42.61;28.8
"2010-08-19";2.24;23.94;37.34;15.69;16.2;17.1;38.93;29;41.81;28.18
"2010-08-20";2.2;23.65;37.63;15.51;16.11;17.58;39.11;29.02;41.76;28.09
"2010-08-23";2.2;23.26;37.2;15.65;16.04;17.79;38.98;28.76;41.35;27.7
"2010-08-24";2.12;22.76;37.14;15.36;15.69;17.85;39.19;27.94;41.62;27.38
"2010-08-25";2.15;22.39;37.43;15.18;15.97;18.06;39.44;28.01;41.76;27.75
"2010-08-26";2.15;22.37;37.52;15.01;15.64;17.94;39.47;27.75;41.58;27.34
"2010-08-27";2.19;23.25;38.09;15.86;16.02;18.06;39.92;28.46;42.99;27.72
"2010-08-30";2.1;22.68;37.67;15.96;15.72;17.77;39.23;27.69;41.82;27.14
"2010-08-31";2.07;22.41;37.37;15.69;15.77;17.76;39.27;27.63;41.27;26.36
"2010-09-01";2.14;23.59;38.52;16.74;16.53;18.15;40.5;29;42.77;27.58
"2010-09-02";2.14;24.23;38.79;17.39;16.93;18.19;40.25;29.88;43.41;27.83
"2010-09-03";2.14;24.92;39.23;17.48;17.31;18.27;40.69;30.37;44.02;28.39
"2010-09-07";2.08;23.77;38.58;17;17.13;18.24;40.68;29.99;42.78;27.39
"2010-09-08";2.1;23.7;38.75;17.18;17.24;18.2;40.01;30.2;43.3;27.56
"2010-09-09";2.1;24.33;39.3;17.48;17.43;18.4;40.36;30.33;43.8;27.55
"2010-09-10";2.09;24.38;39.62;17.68;17.59;18.61;40.3;30.46;43.88;28.01
"2010-09-13";2.08;25.02;40.27;18.04;17.84;18.81;40.78;31.2;45.14;28.18
"2010-09-14";2.09;25.14;40.14;17.88;17.81;18.89;41.03;31.09;45.11;28.37
"2010-09-15";2.25;25.41;40.36;17.9;18.02;18.56;41.13;31.2;45.19;27.86
"2010-09-16";2.26;25.49;40.6;17.91;17.89;18.36;40.6;31.48;45.23;27.32
"2010-09-17";2.28;25.28;40.5;18;17.99;18.38;40.5;31.78;45.63;27.54
"2010-09-20";2.43;25.98;41.05;18.57;18.57;18.57;41.19;32.54;47.52;27.83
"2010-09-21";2.41;25.73;40.64;18.72;18.62;18.63;41.04;32.5;47.42;27.82
"2010-09-22";2.31;25.27;40.46;19.13;18.29;18.64;41.12;32.2;46.94;27.57
"2010-09-23";2.34;25.54;40.09;19.09;18.26;18.43;40.62;31.66;46.33;26.54
"2010-09-24";2.28;26.26;41.14;19.63;18.99;18.63;41.66;32.65;48.45;27.14
"2010-09-27";2.17;25.89;41.63;19.42;18.89;19.18;41.99;32.45;48.39;27.25
"2010-09-28";2.22;26.31;41.7;19.31;19.2;19.14;42.36;32.94;49.19;27.62
"2010-09-29";2.23;26.45;42.18;19.77;19.11;19.27;42.27;32.76;49.53;27.97
"2010-09-30";2.24;26.43;42.6;20.11;18.96;19.07;42.19;32.93;48.71;28.14
"2010-10-01";2.29;26.26;41.78;20.3;19.18;19.12;42.4;33.28;49.35;28.55
"2010-10-04";2.23;26.04;41.36;19.91;19.19;18.88;42.17;32.62;48.98;28.24
"2010-10-05";2.34;26.62;41.61;20.39;19.75;18.93;42.93;33.78;49.75;29.16
"2010-10-06";2.34;26.67;41.48;20.73;19.68;18.74;42.66;33.57;49.21;29.35
"2010-10-07";2.31;26.8;41.49;20.42;19.66;18.96;42.73;33.45;49.12;29.32
"2010-10-08";2.46;26.92;41.74;20.43;19.79;19;43.01;33.78;49.31;29.86
"2010-10-11";2.44;27.27;42.05;20.19;19.85;18.91;43.01;33.84;49.06;29.78
"2010-10-12";2.45;27.2;38.63;20.47;19.86;18.98;42.62;33.63;48.86;29.7
"2010-10-13";2.51;27.16;38.49;20.93;20.06;18.98;42.51;34.18;50.28;29.73
"2010-10-14";2.52;27.04;38.33;21.31;19.82;18.81;42.65;34.3;50.74;29.76
"2010-10-15";2.52;27.04;38.63;21.12;19.83;18.89;43.11;34.04;51.76;30.74
"2010-10-18";2.61;27.22;38.8;21.03;19.84;18.97;43.21;34.53;51.8;30.92
"2010-10-19";2.61;26.67;38.11;20.63;19.53;18.87;42.9;33.09;51.06;30.59
"2010-10-20";2.72;27.16;38.15;21.19;19.06;19.01;43.34;33.76;51.55;31.49
"2010-10-21";2.73;27.69;38.18;20.73;19.15;18.83;43.24;33.96;50.65;31.8
"2010-10-22";2.74;28.18;39.03;20.98;17.5;18.69;43.27;33.92;50.04;32.31
"2010-10-25";2.77;28.48;39.57;21.2;16.9;18.78;43.1;34.19;50.41;32.6
"2010-10-26";2.78;28.12;39.59;20.87;17.03;18.73;42.79;33.76;50.25;32.32
"2010-10-27";2.74;28.41;39.03;20.63;17.04;18.85;42.57;33.65;50.05;32.25
"2010-10-28";2.75;29.56;38.74;20.99;16.96;18.86;42.98;33.61;49.96;32.27
"2010-10-29";2.76;29.14;38.69;21.11;16.98;19.18;43.11;33.6;49.66;32.95
"2010-11-01";2.72;29.35;38.69;21.26;16.65;19.01;42.83;33.62;49.18;32.63
"2010-11-02";2.78;29.6;39.41;21.85;16.95;19.17;43.36;34.33;50.37;32.89
"2010-11-03";2.9;29.66;39.39;21.76;16.97;19.09;43.2;34.49;50.42;33.03
"2010-11-04";3.03;30.34;39.96;22.68;17.15;19.22;43.52;35.16;51.82;33.83
"2010-11-05";2.99;30.77;40.05;22.96;17.08;19.24;43.21;35.28;52.91;34.52
"2010-11-08";3.02;30.37;40.65;22.75;16.99;19.14;42.47;35.1;53.35;34.47
"2010-11-09";2.96;30.2;40.6;23.14;16.87;18.85;42.22;34.96;52.65;33.72
"2010-11-10";3.04;30.45;41.15;22.94;16.99;18.72;42.08;35.26;53.78;33.91
"2010-11-11";2.98;30.46;41.11;22.55;17;18.61;41.9;35;52.1;34.37
"2010-11-12";2.87;30.21;40.99;22.19;16.76;18.54;41.44;34.6;51.94;34.25
"2010-11-15";2.91;30.19;40.84;21.98;16.79;18.54;41.72;34.91;51.9;34.19
"2010-11-16";2.91;29.23;40.04;21.33;16.52;18.61;40.95;34.33;51.66;33.47
"2010-11-17";2.84;29.41;39.96;21.81;16.66;18.59;41.03;34.25;51.29;33.48
"2010-11-18";2.91;30.52;40.93;22.45;16.8;18.77;41;34.75;51.51;34.14
"2010-11-19";2.89;30.52;40.78;22.57;16.95;18.61;40.85;34.87;51.49;34.66
"2010-11-22";2.92;30.79;40.77;22.62;16.98;18.73;41.25;34.97;52.28;34.7
"2010-11-23";2.94;30.02;40.21;21.76;16.86;18.67;40.4;34.38;51.68;34.48
"2010-11-24";3.11;31.31;41.05;21.92;17.23;18.72;40.57;35.33;53.01;35.37
"2010-11-26";3.17;31.2;41.3;21.62;17.1;18.75;40.32;35.09;53.06;35.32
"2010-11-29";3.14;30.67;40.94;21.92;17.12;18.64;39.97;34.58;52.94;35.02
"2010-11-30";3.02;29.99;41.3;21.57;17.24;18.65;40.01;34.89;52.74;34.57
"2010-12-01";3.12;31.07;42.03;22.71;17.69;18.74;40.27;35.82;54.34;35.62
"2010-12-02";3.1;31.69;42.09;22.78;17.92;18.72;39.43;36.49;54.51;35.85
"2010-12-03";3.11;32.41;42.49;23.62;18.17;18.73;39.28;36.58;54.58;36.14
"2010-12-06";3.15;32.62;41.89;23.62;18.16;18.6;39.46;36.2;55.37;36.62
"2010-12-07";3.17;32.51;42.74;23.65;18.27;18.54;39.26;36.31;56.68;37.06
"2010-12-08";3.3;32.47;43.13;23.91;18.33;18.49;39.71;36.2;55.75;37.05
"2010-12-09";3.46;32.42;43.76;23.52;18.44;18.6;39.87;36.06;55.43;37.46
"2010-12-10";3.58;32.21;43.82;23.77;18.48;18.77;40.42;36.8;55.84;37.64
"2010-12-13";3.58;32.15;43.69;24.11;18.86;18.86;40.61;36.97;55.21;37.55
"2010-12-14";3.7;32.39;44.03;23.76;18.98;19.07;40.59;37.03;55.07;37.95
"2010-12-15";3.7;31.76;44.15;23.1;18.92;18.88;40.25;36.72;54.8;38.19
"2010-12-16";3.74;32.16;43.63;22.64;19.27;19.02;40.54;36.9;54.5;38.56
"2010-12-17";3.81;32.29;44.44;22.68;19.59;19;40.46;37.21;54.86;38.34
"2010-12-20";3.88;32.2;44.52;23.65;19.41;19.04;40.19;37.19;55.19;38.38
"2010-12-21";3.85;32.04;44.91;23.82;19.42;19.01;40.39;37.29;55.55;38.21
"2010-12-22";3.84;31.86;45.6;23.48;19.48;19.15;40.5;37.24;56.03;38.49
"2010-12-23";3.78;32.02;45.54;23.6;19.37;19.1;40.42;36.9;55.45;38.24
"2010-12-27";3.77;32.43;45.84;23.75;19.52;19.04;40.37;36.77;56;38.6
"2010-12-28";3.68;32.51;46.23;23.7;19.46;19.08;40.36;36.63;56.97;38.25
"2010-12-29";3.73;32.48;45.92;23.67;19.46;19.12;40.29;36.49;57.44;38.54
"2010-12-30";3.71;32.54;46.34;23.74;19.36;19.08;40.1;36.69;57.75;38.32
"2010-12-31";3.67;32.32;45.92;24;19.19;19.09;39.86;36.43;57.56;37.52
"2011-01-03";3.93;32.6;46.49;24.29;19.52;19.26;40.16;37;58.29;38.23
"2011-01-04";3.88;32.41;45.58;23.94;19.42;19.58;40.09;36;58.58;38.06
"2011-01-05";3.87;32.1;45.89;24.04;19.52;19.68;39.64;35.92;58.88;38.41
"2011-01-06";3.96;32.28;45.63;23.86;19.41;19.69;39.61;35.94;58.83;38.08
"2011-01-07";3.98;32.15;47.17;23.74;19.3;19.94;39.69;35.81;58.66;37.88
"2011-01-10";4.09;32.52;47.44;23.58;19.22;20.03;39.27;36.04;59.18;38.36
"2011-01-11";4.01;32.57;47.21;23.72;19.3;20.12;39.53;36.22;59.25;38.74
"2011-01-12";4.03;32.7;47.22;24.38;19.41;20.1;39.49;36.71;58.82;38.96
"2011-01-13";4.03;33.11;46.82;23.92;19.35;19.94;39.21;36.48;58.3;38.58
"2011-01-14";4.01;33.23;46.99;23.97;19.36;19.88;39.41;36.91;59.75;38.49
"2011-01-18";3.85;35.87;47.54;24;19.3;19.75;39.63;37.3;60.02;39.03
"2011-01-19";3.58;34.59;47.41;23.79;19.17;19.86;39.64;36.78;58.26;38.27
"2011-01-20";3.64;34.16;46.73;23.07;19.07;20.01;39.7;35.96;57.33;37.55
"2011-01-21";3.48;34.23;46.28;23.23;18.88;20.02;39.45;35.79;56.76;37.41
"2011-01-24";3.65;34.9;46.89;22.79;19.03;20.13;39.5;36.51;57.19;37.52
"2011-01-25";3.83;34.86;47.22;22.7;19.13;20.19;39.58;36.64;57.36;37.23
"2011-01-26";3.95;34.98;47.15;23.42;19.38;20.46;39.69;37.08;58.25;36.82
"2011-01-27";4.02;34.48;47.34;23.43;19.59;20.65;39.92;37.22;57.84;36.32
"2011-01-28";3.85;34.26;46.52;22.8;19.08;20.24;39.2;36.41;56.3;35.27
"2011-01-31";3.9;34.86;46.94;23.46;19;20.24;39.1;37.08;56.28;35.6
"2011-02-01";3.92;35.78;47.71;24.42;19.36;20.67;39.56;37.78;58.06;36.38
"2011-02-02";3.88;36.14;47.64;24.86;19.28;20.68;39.41;37.71;58.12;36.57
"2011-02-03";3.98;36.13;47.9;24.76;19.1;20.68;39.64;37.57;58.31;36.17
"2011-02-04";3.99;36.13;48.33;24.5;19.03;20.65;39.62;38.07;57.94;36.68
"2011-02-07";4.24;35.84;48.36;25.07;19.18;20.79;39.83;38.56;58.4;40.1
"2011-02-08";4.28;36.1;49.12;24.88;19.39;20.74;39.98;38.5;58.67;40.14
"2011-02-09";4.51;35.84;48.46;24.94;19.28;20.72;40.05;38.52;57.58;39.92
"2011-02-10";4.49;35.54;48.56;25.15;19.41;20.69;40.59;39.24;58.03;39.64
"2011-02-11";4.54;35.61;49.05;25.36;19.93;20.7;40.47;39.43;59.06;39.71
"2011-02-14";4.44;35.83;49.36;26.09;19.65;20.72;40.47;39.31;59.22;40.61
"2011-02-15";4.89;36.01;49.34;25.46;19.41;20.75;40.53;39.07;59.16;40.75
"2011-02-16";4.79;36.04;49.27;25.9;19.81;20.66;40.16;39.16;61.01;41.4
"2011-02-17";4.74;36.13;49.1;26.09;19.82;20.79;40.43;39.21;61.29;42.72
"2011-02-18";4.52;36.18;49.11;25.9;19.92;20.98;40.54;39.38;61.06;43.18
"2011-02-22";4.42;34.66;48.34;25.74;19.41;20.85;40.63;38.23;59.83;40.67
"2011-02-23";4.41;33.3;46.87;26.47;18.87;20.63;39.96;37.23;58.58;39.96
"2011-02-24";4.44;33.14;46.65;26.41;18.92;20.78;40.35;37.18;56.51;40.24
"2011-02-25";4.5;33.75;47.67;26.97;19.34;20.98;40.43;38.39;57.23;40.93
"2011-02-28";4.83;33.48;47.7;27.06;19.45;21.22;40.81;38.55;56.67;40.77
"2011-03-01";4.74;32.62;47.18;26.63;19.19;20.92;40.53;37.98;55.86;40.04
"2011-03-02";4.6;32.87;47.73;27.26;19.62;21.02;41.11;38.18;56.31;40.07
"2011-03-03";4.25;34.48;48.32;27.21;20.11;21.24;41.8;39.32;57.63;41.17
"2011-03-04";3.97;33.45;47.95;26.96;20;21.26;41.43;38.79;57.16;40.41
"2011-03-07";3.69;32.63;47.22;26.48;19.64;21.3;41.58;38.05;56.72;40.13
"2011-03-08";3.84;34.13;48.22;26.91;20.07;21.3;42.08;38.76;57.24;40.52
"2011-03-09";3.59;33.27;48.11;26.35;20.17;21.53;42.46;38.86;57.19;40.08
"2011-03-10";3.53;32.38;46.85;25.12;19.74;21.03;41.79;38.43;55.85;39.77
"2011-03-11";3.75;32.47;46.94;25.7;19.81;21.2;41.86;39.03;56.21;39.67
"2011-03-14";3.79;32;46.51;25.39;19.63;21.04;41.71;38.86;56.21;39.51
"2011-03-15";3.66;31.4;46.4;24.98;19.59;20.96;41.03;38.47;56.69;39.44
"2011-03-16";3.64;31.2;45.63;24.5;19.3;20.73;40.5;38.09;55.96;39.61
"2011-03-17";3.65;31.31;45.64;25.28;19.25;20.64;40.65;38.53;55.58;39.64
"2011-03-18";3.67;31.34;46.09;25.96;19.5;20.62;40.94;38.95;57.48;40.03
"2011-03-21";3.7;32.25;46.77;26.71;20;20.93;41.56;39.81;59.38;41.39
"2011-03-22";3.73;31.86;46.65;26.46;19.86;20.91;41.32;39.34;59.14;40.83
"2011-03-23";3.84;31.95;46.81;26.37;19.96;20.86;41.12;39.17;59.13;40.46
"2011-03-24";3.89;32.76;47.18;26.25;20.21;20.96;41.36;39.61;58.98;40.57
"2011-03-25";3.82;33.11;47.44;26.22;20.26;21.07;41.38;40.21;60.35;40.74
"2011-03-28";3.75;32.79;47.29;26.2;20.19;21.09;41.26;39.82;60.11;40.97
"2011-03-29";3.83;33.23;47.87;26.29;20.46;21.21;41.6;39.99;61.83;41.38
"2011-03-30";3.82;33.28;47.98;26.6;20.98;21.6;42.23;40.11;62.89;41.42
"2011-03-31";3.73;33.36;48.63;26.13;20.9;21.64;42.09;40.81;62.68;42.23
"2011-04-01";3.76;32.92;50.24;26.61;20.62;21.96;42.43;41.55;63.01;42.79
"2011-04-04";3.81;32.88;49.37;26.88;20.66;21.89;42.39;41.73;63.38;43.24
"2011-04-05";3.78;33.12;51.77;26.66;20.2;21.53;42.17;42.22;62.63;43.6
"2011-04-06";3.78;33.47;51.3;26.21;20.14;21.54;42.36;42.34;62.93;43.46
"2011-04-07";3.8;33.98;51.87;26;20.2;21.33;42.01;41.76;62.37;42.87
"2011-04-08";3.75;33.52;52.1;26.27;19.79;21.39;42.01;41.44;61.19;42.59
"2011-04-11";3.7;33.19;52.27;25.4;19.79;21.24;41.47;40.93;61.07;42.42
"2011-04-12";3.68;32.5;51.99;25.17;19.45;21.02;41.16;40.52;60.57;41.7
"2011-04-13";3.65;32.52;52.12;25.4;19.38;21.12;41.23;40.58;60.25;41.66
"2011-04-14";3.7;32.36;51.55;25.22;19.51;21.27;41.35;40.96;60.69;41.46
"2011-04-15";3.74;32.59;51.81;24.98;19.68;21.42;42.19;41.18;61.6;41.34
"2011-04-18";3.83;31.99;51.06;24.31;19.52;21.06;41.69;40.55;60.34;40.1
"2011-04-19";3.81;32.46;51.51;25.11;19.6;20.98;41.4;40.97;59.96;40.67
"2011-04-20";3.84;33.9;51.58;25.9;19.98;21.38;41.94;41.8;61;41.28
"2011-04-21";3.75;34.1;51.49;25.98;20.16;21.54;41.91;43.86;60.83;41.26
"2011-04-25";3.81;33.98;52;25.9;20.2;21.57;42.05;43.85;60;40.74
"2011-04-26";4;34.85;51.54;25.77;20.57;21.83;42.56;44.19;60.25;45.18
"2011-04-27";3.95;35.44;52.38;26.06;20.63;21.95;43.02;43.84;61.38;46.02
"2011-04-28";3.96;35.52;52.7;25.35;20.94;22;43.36;43.71;65.05;46.41
"2011-04-29";3.98;35.54;52.92;25.83;22.43;21.96;43.63;44.04;68.01;46.96
"2011-05-02";3.91;36.25;52.88;25.41;22.33;21.92;43.73;43.71;67.9;47.22
"2011-05-03";3.82;35.86;53.07;24.92;22.31;21.85;44.05;43.14;67.95;46.6
"2011-05-04";3.76;35.66;52.02;24.33;22.23;21.81;43.94;42.37;68.4;46.35
"2011-05-05";3.7;35.51;52.36;23.46;22.06;21.6;43.19;42.07;68.3;46.31
"2011-05-06";3.75;35.63;51.34;23.48;22.29;21.74;44.04;42.36;68.67;47.1
"2011-05-09";3.81;36.08;51.99;24.43;22.31;22.23;44.16;43.04;69.48;47.51
"2011-05-10";3.85;36.48;52.86;25;22.5;22.69;44.66;43.24;70.75;47.91
"2011-05-11";3.76;36.39;52.58;24.02;22.13;22.73;44.39;42.76;70.7;47.01
"2011-05-12";3.8;37;52.72;23.99;22.29;22.99;44.78;42.93;72.84;46.91
"2011-05-13";3.74;36.41;52.16;23.66;22.16;23.06;44.91;41.9;71.75;46.44
"2011-05-16";3.65;36.07;51.85;24.01;22.23;22.73;44.33;41.7;70;46.11
"2011-05-17";3.67;34.61;51.53;24.03;22.27;22.6;44.67;40.95;68.87;44.95
"2011-05-18";3.75;36.33;52.61;25.2;22.35;22.81;44.63;42;68.58;46.29
"2011-05-19";3.8;36.22;52.93;25.3;22.48;22.85;44.9;42.04;68.52;46.38
"2011-05-20";3.75;35.73;52.47;25.38;22;22.73;44.72;41.84;67.73;45.8
"2011-05-23";3.75;34.43;51.31;24.69;21.74;22.35;44.02;41.13;64.6;44.83
"2011-05-24";3.7;33.98;51.45;25.19;21.69;22.22;43.95;40.98;63.62;44.53
"2011-05-25";3.75;34.12;50.54;25.38;21.67;22.34;43.71;41.32;61.53;45.37
"2011-05-26";3.8;34.4;51.55;25.8;21.81;22.26;43.81;41.42;62.75;45.44
"2011-05-27";3.77;34.78;51.56;25.77;21.83;22.4;43.88;41.94;63.16;45.94
"2011-05-31";3.76;35.42;51.67;26.07;22.04;22.49;44.19;42.55;63.1;46.23
"2011-06-01";3.56;34.21;50.85;25.72;21.44;22.04;43.37;40.94;61.02;44.15
"2011-06-02";3.6;33;51.13;26.19;21.24;22.01;43.39;40.94;60.23;43.78
"2011-06-03";3.56;32.31;49.71;26.1;20.71;21.78;42.9;40.26;59.3;42.67
"2011-06-06";3.51;31.56;50.34;25.38;20.42;21.54;42.51;39.98;58.66;42.59
"2011-06-07";3.54;31.85;49.54;25.66;20.31;21.5;42.47;40.2;58.59;42.83
"2011-06-08";3.51;30.99;50.17;25.21;20.31;21.61;42.59;40.15;58.5;42.54
"2011-06-09";3.43;31.09;50.57;25.74;20.47;21.66;42.44;40.26;59.14;43.28
"2011-06-10";3.42;30.76;48.9;24.98;19.86;21.62;42.13;39.75;57.33;43.51
"2011-06-13";3.39;30.17;48.79;24.82;19.97;21.79;42.26;39.82;57.12;42.88
"2011-06-14";3.48;30.84;49.4;25.34;20.41;21.81;42.58;40.68;58.68;44.09
"2011-06-15";3.39;30.28;48.59;24.36;20.02;21.66;42.03;40.09;57.22;43.33
"2011-06-16";3.4;29.57;48.32;24.18;20.04;21.74;42.14;39.81;58.18;43.89
"2011-06-17";3.29;29.35;48.88;24.17;20.25;21.96;42.5;40.35;57.86;44.21
"2011-06-20";3.28;29.33;49.41;24.24;20.41;22.05;43.07;40.58;57.48;44.96
"2011-06-21";3.45;29.92;50.29;25.04;20.47;22.08;43.3;41.39;58;46.44
"2011-06-22";3.4;29.89;49.64;25.05;20.09;21.99;43.17;41.68;57.4;46.09
"2011-06-23";3.39;30.34;49.75;24.98;20.07;21.95;42.82;41.4;57.16;45.18
"2011-06-24";3.45;29.51;48.92;24.44;19.75;22.12;42.9;40.82;55.86;45.11
"2011-06-27";3.6;29.92;49.3;24.58;19.97;22.2;43.28;40.72;57.06;45.16
"2011-06-28";3.57;29.98;49.52;25.13;20.22;22.48;43.51;41.56;57.75;45.67
"2011-06-29";3.6;30.38;50.32;25.69;20.7;22.48;43.73;42.24;58.09;46
"2011-06-30";3.69;31.2;50.72;26.1;21.05;22.43;43.77;43.03;59.28;46.82
"2011-07-01";3.72;31.85;51.07;26.43;21.49;22.74;44.37;43.39;59.25;47.64
"2011-07-05";3.69;31.47;50.78;26.49;21.37;22.56;44.15;43.33;59.5;47.16
"2011-07-06";3.81;31.61;51.34;26.26;21.31;22.56;44.27;43.85;59.2;47.14
"2011-07-07";3.96;32.15;51.93;26.6;21.41;22.46;44.49;44.05;59.24;47.58
"2011-07-08";4.06;31.52;51.95;26.25;20.92;22.44;44.4;44.02;58.83;47.32
"2011-07-11";4.01;30.39;50.89;25.67;20.58;22.51;43.73;42.59;57.82;45.83
"2011-07-12";4;29.78;50.78;25.39;20.4;22.66;43.91;42.2;58.18;45.22
"2011-07-13";4.14;29.73;50.39;25.92;20.37;22.64;43.73;42.2;58.58;44.77
"2011-07-14";4.33;29.31;50.92;25.67;20.1;22.59;43.47;41.41;57.05;44.78
"2011-07-15";4.3;29.11;51;25.78;20.07;22.71;43.67;41.66;56.65;45.14
"2011-07-18";4.33;28.16;50.24;25.46;19.78;22.2;43.11;41.46;55.6;44.65
"2011-07-19";4.38;28.96;51.64;25.88;20.33;22.41;43.39;43.64;57.21;46.21
"2011-07-20";4.34;28.93;51.84;26.29;20.2;22.37;43.66;43.76;56.92;46.22
"2011-07-21";4.27;29.2;51.91;26.54;20.44;22.57;44.36;42.17;57.89;47.14
"2011-07-22";4.4;29.29;47.96;26.46;20.29;22.58;43.94;42.11;58.11;46.6
"2011-07-25";4.43;28.88;48.08;26.38;20.3;22.51;43.8;42.02;57.77;46.24
"2011-07-26";4.27;29.01;48.07;26.39;19.99;22.48;43.44;40.84;58.02;42.03
"2011-07-27";4.11;27.53;47.49;25.86;19.51;22.26;43.01;39.31;57;41.61
"2011-07-28";4.21;28.68;47.53;25.84;19.08;22.17;42.61;39.16;58.66;41.68
"2011-07-29";4.35;28.67;47.15;25.72;18.73;21.96;42.39;39.08;58.76;41.12
"2011-08-01";4.44;28.57;47.11;25.55;18.21;22.31;42.47;39.22;59.04;40.52
"2011-08-02";4.25;27.32;45.7;24.59;17.49;22.17;41.63;37.92;57.23;38.76
"2011-08-03";4.24;27.6;47.05;24.79;17.76;22.4;41.48;38.04;57.34;38.75
"2011-08-04";3.88;25.77;44.77;22.22;16.66;21.91;40;35.67;55.63;34.81
"2011-08-05";3.93;25.65;44.4;22.16;16.66;21.64;40.17;35.55;55.96;35.21
"2011-08-08";3.54;23.67;41.25;19.47;15.43;20.65;37.03;32.39;51.86;32.3
"2011-08-09";3.8;24.96;43.25;21.34;16.5;21.35;38.52;34.15;50.28;34.68
"2011-08-10";3.62;24.97;41.95;20.67;16.19;21.18;37.54;32.53;46.95;33.1
"2011-08-11";3.83;27.34;43.75;22;17.21;22.19;39.67;34.5;48.21;33.72
"2011-08-12";3.88;27.13;44.53;21.96;17.35;22.11;39.65;34.39;49.31;35.04
"2011-08-15";3.97;28;45.01;23.27;17.89;22.49;41.44;35.14;51.32;36.01
"2011-08-16";3.87;27.28;44.59;22.49;17.54;22.51;41.21;34.48;51.58;35.98
"2011-08-17";3.9;26.73;43.98;22.84;17.32;22.81;41.55;34.05;51.26;35.72
"2011-08-18";3.64;25.12;41.86;21.5;16.56;22.38;40.72;31.86;47.42;32.69
"2011-08-19";3.63;24.22;40.88;21.11;16.69;22.26;40.41;30.87;47.65;31.75
"2011-08-22";3.62;24.25;41.62;21.39;16.47;22.25;40.45;31.07;46.7;31.86
"2011-08-23";3.88;25.24;42.91;22.27;17.16;22.88;41.46;32.31;48.9;33.76
"2011-08-24";3.89;25.59;43.58;22.96;17.83;23.49;42.3;33.2;49.21;34.52
"2011-08-25";3.91;24.85;42.78;22.13;17.54;23.42;41.57;32.3;47.41;34.03
"2011-08-26";4.02;25.43;43.97;22.92;17.89;23.57;41.72;33.46;48.3;34.7
"2011-08-29";4.14;26.59;45.06;23.53;18.68;24.03;42.7;34.39;50.09;37.2
"2011-08-30";4.19;25.44;45.32;23.72;18.81;24.03;42.58;34.8;50.13;36.75
"2011-08-31";4.18;25.68;45.59;23.95;19.15;23.76;42.86;35.03;51.18;37.48
"2011-09-01";4.04;25.5;44.71;23.93;19.09;23.77;42.06;34.08;50.61;36.43
"2011-09-02";4.01;24.41;43.57;23.6;18.55;23.45;41.47;32.67;48.36;34.73
"2011-09-06";4.03;23.97;42.74;22.82;18.28;23.16;41.12;32.12;48.73;34.15
"2011-09-07";4.17;25.72;44.09;23.85;19.05;23.43;41.57;32.94;51.44;34.98
"2011-09-08";4.18;25.34;43.69;23.71;18.55;23.23;41.35;32.48;50.74;34.5
"2011-09-09";4.18;24.32;42.38;23.37;18.01;22.84;40.42;31.26;49.19;33.35
"2011-09-12";4.42;24.57;42.55;23.36;17.83;22.97;40.8;30.72;49.99;33.61
"2011-09-13";4.48;25.13;42.99;23.24;18.09;23.39;41.26;31.65;50.98;34.44
"2011-09-14";4.5;26.53;43.57;23.85;18.6;23.65;41.64;32.33;52.1;35.88
"2011-09-15";4.52;27.33;43.91;24.4;18.74;23.81;42.35;32.96;53.56;36.59
"2011-09-16";4.51;27.34;44.05;24.65;18.87;24.12;42.77;32.57;54.18;35.51
"2011-09-19";4.66;27.14;43.16;24.11;18.69;24.05;42.42;32.31;54.04;34.5
"2011-09-20";4.53;26.53;42.74;24.21;18.53;24.32;43.21;32.03;54.06;33.62
"2011-09-21";4.39;26.3;41.66;23.73;17.78;24.08;41.82;30.22;51.98;31.87
"2011-09-22";4.41;24.92;39.75;22.43;17.12;23.74;40.74;28.64;50.54;30.22
"2011-09-23";4.39;25.62;39.75;22.26;17.23;23.88;40.95;29.31;50.96;30.3
"2011-09-26";4.47;26.82;40.23;22.64;17.85;23.92;41.59;29.97;51.53;30.32
"2011-09-27";4.63;26.97;40.98;22.09;18.32;23.77;42.14;31.32;54.01;31.76
"2011-09-28";4.43;26.65;39.94;21.59;17.67;23.34;41.37;30.29;51.4;30.74
"2011-09-29";4.51;26.6;40.22;21.96;18.01;23.76;42.05;30.77;52.2;31.33
"2011-09-30";4.33;25.52;40.18;20.86;17.32;24.31;41.62;29.36;51.97;30.47
"2011-10-03";4.1;24.24;39.13;19.61;16.29;23.9;40.17;28.07;49.22;29.17
"2011-10-04";4.31;25.61;40.64;19.82;17.27;23.13;40.04;29.83;52.18;31.81
"2011-10-05";4.45;26.89;40.88;20.42;17.92;22.8;40.67;30.83;52.18;32.79
"2011-10-06";4.43;27.34;41.86;21.2;18.53;23.12;41.53;31.51;52.04;34.06
"2011-10-07";4.44;27.69;42.08;21.91;18.07;22.12;41.45;30.05;51.42;33.77
"2011-10-10";4.54;28.9;42.74;22.76;18.81;23.26;42.55;30.76;52.56;35.87
"2011-10-11";4.55;27.93;43.46;22.85;19.15;22.95;41.5;31.18;53.29;36.4
"2011-10-12";4.81;28.73;43.97;23.36;19.01;22.9;41.84;32.5;54.32;36.71
"2011-10-13";5.04;28.86;43.87;23.33;18.94;23.27;42;32.58;54.39;36.25
"2011-10-14";5.15;29.83;44.03;24.11;19.28;23.22;42.55;33.03;55.67;37.19
"2011-10-17";5.17;28.83;42.61;23.55;18.88;22.84;42.02;32.32;53.76;35.71
"2011-10-18";5.37;28.92;43.68;24.3;19.34;22.82;42.79;33.81;55.9;37.08
"2011-10-19";5.19;27.89;42.53;23.99;19.33;22.9;42.89;32.95;54.71;36.4
"2011-10-20";5.26;27.93;43.5;24.44;19.58;22.52;43.19;32.18;54.61;36.62
"2011-10-21";5.4;29.41;44.13;25.14;20.16;23.03;44.18;32.79;55.99;37.81
"2011-10-24";5.39;29.86;45.07;25.68;20.78;22.61;44.82;33.91;57.85;38.25
"2011-10-25";5.16;28.91;43.59;25.2;20.52;22.31;44.61;33.15;56.29;39.47
"2011-10-26";5.23;29.96;43.77;25.39;20.93;22.51;44.79;33.72;58.03;40.26
"2011-10-27";5.38;31.05;47.12;26;20.63;22.59;45.94;34.57;63.89;42.06
"2011-10-28";5.5;30.34;46.6;25.93;19.6;23.01;45.89;34.26;62.42;41.47
"2011-10-31";5.38;29.66;45.68;25.1;19.16;22.82;45.29;33.57;61.53;39.88
"2011-11-01";5.16;28.76;44.69;24.25;18.38;22.79;43.96;32.62;59.54;38.48
"2011-11-02";5.28;29.23;45.9;25.08;18.9;23.5;45.02;33.42;61.98;38.99
"2011-11-03";5.2;30.63;46.87;25.93;19.12;23.76;45.75;34.64;63.95;40.49
"2011-11-04";5.18;30.26;46.47;25.97;19.12;23.6;45.32;34.12;63.54;40.28
"2011-11-07";5.2;30.04;46.27;26.3;19.23;23.51;45.26;33.93;64;40.75
"2011-11-08";5.23;30.63;46.82;26.55;19.56;23.49;45.21;34.4;64.56;41.89
"2011-11-09";5.16;28.92;45.06;25.56;18.86;22.9;43.76;32.94;61.54;40.96
"2011-11-10";5.1;28.98;45.01;25.6;19.35;23.11;43.96;33.21;61.48;40.98
"2011-11-11";5.37;30.18;46.61;26.19;19.82;23.44;44.74;33.93;62.33;41.68
"2011-11-14";5.62;29.67;45.31;26.08;19.74;23;43.95;33.37;63;42.24
"2011-11-15";5.66;30.33;45.35;26.21;19.82;23.16;44.17;33.62;64.23;42.87
"2011-11-16";5.32;29.7;44.39;26.01;19.51;23.02;43.85;33.36;62.96;41.85
"2011-11-17";5.14;28.81;43.91;25.27;19.19;23.03;43.72;32.28;62.71;40.85
"2011-11-18";5.04;28.52;43.29;25.58;19.14;23.07;44.1;32.83;62.68;41.34
"2011-11-21";4.98;27.87;42.6;25.01;18.45;22.75;43.2;32.15;60.03;40.17
"2011-11-22";4.99;27.52;41.98;24.71;18.53;22.52;42.35;32.26;59.32;40.37
"2011-11-23";4.88;26.42;41.13;23.72;18.02;22.25;41.71;31.39;58.59;38.32
"2011-11-25";4.82;26.44;41.16;23.59;17.92;22.32;42.02;31.1;58.09;38.13
"2011-11-28";5;27.56;41.83;24.73;18.49;22.75;42.5;32.45;63.47;41.01
"2011-11-29";4.77;27.47;41.38;24.82;18.71;22.85;43.09;32.64;63.62;41.02
"2011-11-30";4.96;29.15;44.02;26.43;19.58;23.32;44.7;34.53;66.54;42.8
"2011-12-01";5.1;28.72;44.01;26.3;19.65;23.16;44.59;34.14;66.58;42.02
"2011-12-02";5.1;29.37;44.88;26.39;19.61;23.28;44.06;34.54;66.57;41.98
"2011-12-05";5;30.49;45.08;26.73;20.01;24;44.13;34.96;67.08;42.49
"2011-12-06";4.99;30.33;44.72;27.16;20;22.83;44.44;34.97;66.49;42.13
"2011-12-07";4.87;30.7;44.71;27.12;20.29;22.68;44.64;35.16;66.02;41.42
"2011-12-08";4.78;29.72;43.93;25.99;19.79;22.61;43.72;34.18;64.47;40.8
"2011-12-09";4.82;30.04;44.7;26.57;20.21;22.81;44.48;35.07;66.86;42.13
"2011-12-12";4.89;29.46;44.13;26.03;20.14;22.55;43.91;34.64;65.19;41.27
"2011-12-13";4.79;28.66;43.95;25.47;19.48;22.62;43.97;34.31;64.72;41.04
"2011-12-14";4.72;27.71;43.74;24.93;18.96;22.45;43.73;33.57;62.58;39.26
"2011-12-15";4.87;28.17;43.8;24.71;19;22.64;44.84;33.74;63.83;40.04
"2011-12-16";4.9;28.46;44.37;25.02;19.28;22.8;44.88;33.83;64.67;41.24
"2011-12-19";4.75;27.94;43.68;24.68;19.37;22.78;44.6;33.27;65.35;40.32
"2011-12-20";4.83;29.59;46.27;25.65;20.06;23.38;45.95;34.36;68.39;41.92
"2011-12-21";4.84;29.5;46.07;25.69;20.37;23.89;46.18;34.17;66.51;42.05
"2011-12-22";4.77;30.23;46.22;25.85;20.69;24.07;46.34;34.3;66.52;42.58
"2011-12-23";4.79;30.7;46.76;26.03;20.97;24.27;46.73;34.61;67.04;42.94
"2011-12-27";4.85;30.78;47.17;26.11;21.03;24.5;47.19;34.32;66.75;42.91
"2011-12-28";4.8;30.1;47;25.5;20.77;23.97;46.92;34;65.75;41.91
"2011-12-29";4.8;30.61;47.31;25.75;21.09;24.21;47.2;35.01;66.89;42.59
"2011-12-30";4.9;30.42;47.16;25.68;20.41;23.94;47.03;35.14;66.73;42.52
"2012-01-03";4.88;30.49;47.92;26.28;20.5;23.57;46.51;35.32;65.88;43.73
"2012-01-04";4.77;30.35;47.98;26.29;20.68;23.51;46.42;35.43;63.9;44.21
"2012-01-05";4.92;30.78;47.76;26.61;20.49;23.39;46.58;36.07;63.15;44.72
"2012-01-06";4.9;31.1;46.14;26.57;20.16;22.97;46.17;35.98;62.38;44.94
"2012-01-09";4.95;31.09;47.18;26.51;19.94;23.42;46.1;36.07;61.37;44.93
"2012-01-10";4.9;31.47;47.95;26.93;19.85;23.5;45.95;36.58;62;45.68
"2012-01-11";4.99;31.35;48.24;27.04;19.87;23.43;45.76;36.73;61.89;45.7
"2012-01-12";5.03;31.28;47.82;27.21;20.06;23.14;45.54;36.96;61.98;45.69
"2012-01-13";5.05;30.74;46.87;27.33;19.92;23.12;45.2;36.97;61.57;45.43
"2012-01-17";5.27;30.66;47.38;27.34;20.16;23.28;45.27;37.2;61.35;45.21
"2012-01-18";5.48;33.23;48.4;27.86;20.68;23.27;44.94;37.66;62.18;45.1
"2012-01-19";5.35;33.36;48.41;28.05;20.91;23.12;44.48;38.15;61.55;46.69
"2012-01-20";5.27;33.2;47.97;27.63;20.53;23.04;44.35;37.85;60.6;46.48
"2012-01-23";5.19;32.88;47.86;27.73;20.33;22.92;44.51;37.58;60.3;46.12
"2012-01-24";5.08;32.83;48.32;27.66;20.64;22.85;44.61;37.54;60.13;45.78
"2012-01-25";5.27;33.1;49.95;28.21;20.67;23.1;45.69;37.94;59.99;47.1
"2012-01-26";5.24;32.88;49.84;28.56;20.34;23.16;45.75;38.02;60.2;46.24
"2012-01-27";5.27;34.21;49.98;28.54;20.08;23.03;45.09;38.01;60.34;46.37
"2012-01-30";5.2;34.06;49.77;28.54;19.52;22.93;44.63;38.06;60.04;46.08
"2012-01-31";5.26;34.12;49.78;28.72;19.01;23.26;45.06;38.54;56.67;45.81
"2012-02-01";5.21;34.95;49.95;28.79;19.51;23.35;45.54;39.55;56.87;47.56
"2012-02-02";5.22;34.9;50.1;28.88;19.9;23.35;45.56;39.73;57.07;45.96
"2012-02-03";5.28;35.44;50.49;29.32;20.57;23.48;45.76;40.56;59.22;47.56
"2012-02-06";5.23;35.32;50.19;29.65;20.72;23.8;45.96;40.61;57.95;46.95
"2012-02-07";5.28;35.12;50.31;29.7;19.49;23.81;46.35;40;58.17;46.37
"2012-02-08";5.23;35.42;51.27;29.94;19.44;23.82;46.3;39.69;57.77;46.69
"2012-02-09";5.17;35.72;51.68;30.24;19.28;23.75;46.21;40.47;58.05;46.86
"2012-02-10";5.14;34.96;51.23;30.58;18.92;23.62;46.32;39.53;57.68;45.75
"2012-02-13";5.12;35.25;51.03;30.55;19.07;23.56;46.41;40.4;58.76;46.43
"2012-02-14";5.21;35.17;51.65;30.32;19.02;23.51;46.6;40.46;58.8;45.78
"2012-02-15";5.14;35.23;51.62;29.98;19.04;23.63;46.72;40.43;58.49;45.1
"2012-02-16";5.11;35.54;51.87;30.39;19.28;23.89;46.93;40.79;60.37;46.43
"2012-02-17";5.03;35;51.89;30.51;19.44;23.77;47.38;40.64;59.45;47.36
"2012-02-21";4.83;35.06;51.36;30.66;19.32;23.96;46.91;40.77;58.95;48.63
"2012-02-22";4.71;34.85;51.31;31;19.4;23.86;46.96;40.53;58.2;47.77
"2012-02-23";4.9;35.29;51.71;31.26;19.75;23.81;47.1;40.71;60.37;48.28
"2012-02-24";4.79;35.49;51.72;31.64;20.01;23.72;47.23;40.42;60.74;47.96
"2012-02-27";4.95;34.78;51.72;31.78;20.1;24.03;46.78;40.39;60.5;47.76
"2012-02-28";5;34.88;51.98;31.81;20.07;23.89;46.42;40.27;60.76;47.67
"2012-02-29";4.94;34.97;51.4;32.56;20.05;23.93;45.74;39.76;59.98;47.01
"2012-03-01";4.85;35.27;51.87;31.45;19.82;23.89;45.95;39.64;60.85;47.13
"2012-03-02";4.83;34.93;51;30.85;19.46;23.81;45.77;38.99;58.92;47.51
"2012-03-05";4.8;34.19;51.02;30.56;20.09;23.91;45.97;38.8;58.94;46.9
"2012-03-06";4.73;33.49;50.53;29.27;19.59;23.86;45.77;37.55;58.92;45.6
"2012-03-07";4.8;33.96;50.71;29.91;19.5;23.78;46.02;38.12;60.18;46.15
"2012-03-08";4.83;34.59;51.17;30.27;19.72;24.03;46.8;38.88;61.41;46.52
"2012-03-09";4.93;34.76;51.72;30.64;19.86;24.29;47.05;39.56;62.52;47.13
"2012-03-12";4.87;34.57;51.7;30.11;20.21;24.17;47.52;39.62;63.12;47
"2012-03-13";5;35.25;52.27;30.53;20.7;24.35;47.58;40.72;65.35;49.29
"2012-03-14";5.06;35.09;52.09;29.72;20.53;24.2;46.73;40.5;65.5;48.36
"2012-03-15";4.99;35.37;52.65;30.04;20.83;24.3;46.69;40.74;66.67;48.64
"2012-03-16";4.93;35.03;52.56;30.65;20.86;24.52;46.59;40.47;67.07;48.8
"2012-03-19";4.91;35.19;52.38;30.58;20.7;24.34;46.36;40.44;67.3;48.8
"2012-03-20";4.85;35.82;52.29;29.7;20.49;24.42;46.66;39.88;66.6;47.99
"2012-03-21";4.85;35.72;52.19;29.59;20.5;24.22;46.5;39.57;67.27;48.02
"2012-03-22";4.82;35.27;52.28;29.22;20.28;24.28;46.24;38.75;67.27;47.11
"2012-03-23";4.87;35.19;52.39;29.73;20.09;24.32;46.32;39.14;68.36;47.75
"2012-03-26";4.82;36.04;53.25;30.41;20.43;24.68;46.64;39.7;69.54;48.4
"2012-03-27";4.8;35.98;53.04;29.77;20.54;24.63;46.83;39.92;69.08;48.76
"2012-03-28";4.73;35.5;52.34;29.39;20.56;24.38;46.5;40.22;69.79;48.43
"2012-03-29";4.69;35.54;52;29.08;20.57;24.37;46.46;40.07;69.86;48.33
"2012-03-30";4.73;35.61;47.29;29.65;20.64;24.39;46.58;40.07;69.05;48.09
"2012-04-02";4.86;35.53;45.54;30;20.79;24.56;46.95;40.35;69.54;49.97
"2012-04-03";4.81;35.22;46.7;29.92;20.8;24.76;46.88;40.42;68.86;50.51
"2012-04-04";4.7;34.9;45.99;29.51;20.68;24.5;46.51;40.35;69.48;49.99
"2012-04-05";4.75;34.46;45.46;29.41;20.8;24.2;45.9;39.81;68.95;49.93
"2012-04-09";4.61;33.87;45.25;29.19;20.41;24.17;45.77;39;68.49;49.04
"2012-04-10";4.45;33.52;44.35;28.28;19.51;23.94;45.1;37.99;67.26;47
"2012-04-11";4.57;34.08;44.28;28.53;19.75;24.13;45.02;38.37;67.85;47.83
"2012-04-12";4.48;34.53;45.25;29.46;20.13;24.2;45.5;39.26;68.16;49.26
"2012-04-13";4.38;34.27;44.53;29.3;20.02;24.09;45.49;38.74;67.7;47.95
"2012-04-16";4.48;33.85;44.52;29.39;20.11;24.23;45.89;39.38;67.89;48.36
"2012-04-17";4.68;34.66;45.19;29.78;20.6;24.59;46.4;40.23;68.79;49.17
"2012-04-18";4.74;34.84;44.65;30.2;20.75;24.39;46.12;39.66;72.12;48.76
"2012-04-19";4.89;34.53;44.99;29.97;20.52;24.19;46.1;38.99;70.76;48.17
"2012-04-20";4.99;34.53;45.25;29.82;20.69;24.36;46.76;39.65;71;48.61
"2012-04-23";4.89;34.33;44.53;29.69;20.71;24.37;46.58;39.1;70.6;47.95
"2012-04-24";4.84;34.11;44.55;29.68;20.95;24.8;47.02;39.63;70.08;53.15
"2012-04-25";4.88;34.42;45.36;30.04;21.17;24.62;47.35;40.65;71.8;52.89
"2012-04-26";4.83;35.71;46.35;30.34;21.23;24.78;47.66;40.82;72.81;52.89
"2012-04-27";4.82;35.86;46.52;30.36;19.72;24.77;47.84;41.96;73.17;53.58
"2012-04-30";4.75;35.31;46.23;30.93;19.52;24.55;48.03;41.39;72.89;53.04
"2012-05-01";4.65;35.05;46.72;31.17;19.75;24.51;48.28;41.41;72.72;53.98
"2012-05-02";4.65;35.1;46.16;30.91;19.69;24.38;47.85;41.42;71.5;53.98
"2012-05-03";4.54;34.38;45.05;30.82;19.52;22.79;47.24;41.21;70.51;53.17
"2012-05-04";4.47;33.99;44.76;29.68;19.27;23.44;47.12;40.43;70.51;52.22
"2012-05-07";4.51;33.42;44.23;29.37;19.15;23.3;46.84;40.59;70.5;52.61
"2012-05-08";4.42;33.25;43.78;28.75;19.03;23.09;47.1;40.3;69.31;52.69
"2012-05-09";4.49;33.14;43.41;28.41;18.59;22.82;46.95;39.77;68.42;51.94
"2012-05-10";4.47;32.83;43.18;28.53;18.66;22.89;47.63;39.83;70.05;52.38
"2012-05-11";4.55;32.55;43.2;28.94;18.68;22.72;47.41;40.15;70.05;52.65
"2012-05-14";4.59;32.32;42.85;28.65;18.41;22.69;47.37;39.46;69.81;52.33
"2012-05-15";4.62;32.3;42.58;28.42;18.29;22.58;47.21;38.89;70.46;52.34
"2012-05-16";4.58;31.21;42.3;28.71;18.3;22.34;47.25;38.36;70.75;51.31
"2012-05-17";4.52;30.19;41.45;28.44;18;21.69;46.83;37.17;70.08;49.48
"2012-05-18";4.49;29.66;41.09;28.19;17.84;21.84;46.77;37.03;69.17;49.5
"2012-05-21";4.55;30.25;42.14;29.28;18.16;22.24;47.16;37.7;70.78;50.66
"2012-05-22";4.62;30.19;42.01;28.63;18.3;22.43;47.72;37.73;71.29;51.45
"2012-05-23";4.65;29.94;42.35;28.6;18.51;22.11;47.71;38.6;72.06;52.43
"2012-05-24";4.8;30;41.94;28.35;18.64;22.02;48.14;38.65;72.96;53.06
"2012-05-25";4.78;29.89;42.5;28.43;18.58;21.97;48.11;38.32;72.67;52.43
"2012-05-29";4.8;30.49;42.98;28.9;18.84;21.89;48.3;38.99;73.68;53.07
"2012-05-30";4.58;30.08;42.44;27.88;18.64;21.88;47.59;38.45;73.73;51.59
"2012-05-31";4.6;29.84;42.32;27.14;18.65;21.97;48.15;37.97;73.89;50.25
"2012-06-01";4.49;28.97;41.23;26.14;18.21;21.7;47.76;36.76;72.03;48.15
"2012-06-04";4.54;28.6;41.26;26.03;17.74;21.62;47.75;36.2;72.24;47.07
"2012-06-05";4.6;29.13;41.22;26.43;18.07;22.04;48.07;36.5;73.45;47.57
"2012-06-06";4.61;29.85;42.02;27.28;18.27;22.3;48.72;37.29;76.19;49.17
"2012-06-07";4.64;29.73;42.08;27.27;18.26;22.26;48.84;37.37;76.18;48.89
"2012-06-08";4.78;30.04;42.32;27.44;18.69;22.19;49.38;37.47;77.25;49.4
"2012-06-11";4.75;29.54;41.7;27;18.37;22.1;49.38;36.73;77.54;48.67
"2012-06-12";4.8;30.22;42.03;26.99;18.73;21.96;49.64;37.28;78.15;49.53
"2012-06-13";4.77;29.98;40.32;26.26;18.34;21.9;49.81;36.46;76.93;48.36
"2012-06-14";4.72;30.09;40.43;26.97;18.45;22.09;50.09;36.46;77.94;48.92
"2012-06-15";4.57;30.52;40.97;27.77;18.68;22.14;50.33;36.71;78.37;49.99
"2012-06-18";4.45;30.86;41.34;27.25;18.78;22.03;50.78;37.17;79.06;50.02
"2012-06-19";4.41;31.15;42.02;27.71;18.9;22.03;51.01;38.41;79.74;51.02
"2012-06-20";4.53;31.62;42.08;27.95;18.63;21.87;50.64;37.9;77.77;50.71
"2012-06-21";4.57;29.88;40.58;27.07;18.11;21.51;49.69;36.52;77.16;49.02
"2012-06-22";4.59;30.2;40.99;27.27;18.07;21.54;49.75;36.82;77.5;48.24
"2012-06-25";4.59;29.44;40.24;26.64;17.72;21.34;49.63;35.77;77.16;47.87
"2012-06-26";4.6;29.56;40.38;26.4;18;21.38;50.01;35.91;78.96;47.76
"2012-06-27";4.64;29.8;41.35;27.39;18.29;21.68;50.49;36.26;79.99;48.23
"2012-06-28";4.61;29.26;41.7;27.65;18.52;22.03;50.64;36.01;79.5;48.92
"2012-06-29";4.6;30.2;43.06;28.83;19.21;21.96;50.62;37.25;81.2;51.26
"2012-07-02";4.71;30.72;43.3;29.22;19.13;22.21;51.38;37.05;83.71;52.06
"2012-07-03";4.8;31.47;43.31;30.03;19.34;22.38;51.33;38.04;85.4;52.76
"2012-07-05";4.77;31.56;43.92;29.14;19.33;22.37;50.98;38.01;84.63;53.13
"2012-07-06";4.67;30.92;43.58;28.93;19.13;22.38;51.21;37.23;80.88;52.49
"2012-07-09";4.64;30.86;43.56;28.98;19.04;22.21;50.94;36.37;81.17;51.44
"2012-07-10";4.62;30.32;43.01;28.86;18.96;22.36;51.05;35.65;80.59;51.71
"2012-07-11";4.61;29.85;43.08;29.2;18.95;22.72;51.34;34.88;80.08;50.64
"2012-07-12";4.62;29.29;43.27;29.23;19.03;22.97;51.46;35.03;79;51.04
"2012-07-13";4.62;29.39;44;29.68;19.42;23.9;52.12;35.78;79.76;51.13
"2012-07-16";4.6;29.26;43.85;29.96;19.25;23.51;52.16;35.03;79.5;50.72
"2012-07-17";4.58;29.07;43.94;30.47;19.46;23.43;52.4;34.59;80.1;50.95
"2012-07-18";4.62;29.91;44.46;30.81;19.61;23.55;52.82;35.92;80.09;52.04
"2012-07-19";4.61;30.3;44.4;31.31;19.97;23.47;53.17;36.19;79.3;51.97
"2012-07-20";4.5;30.03;43.17;31.79;19.64;23.43;53.45;36.12;78.62;51.6
"2012-07-23";4.47;29.63;42.44;31.1;19.54;23.26;53.09;35.35;77.79;50.18
"2012-07-24";4.4;29.29;41.82;30.67;19.52;22.95;52.67;35.14;78.5;48.71
"2012-07-25";4.4;29.71;42.58;31.61;19.86;22.79;52.53;34.69;78.58;48.56
"2012-07-26";4.32;30.33;42.35;31.96;20.44;23.11;53.32;35.95;82.24;48.17
"2012-07-27";4.41;31.18;44.16;32.16;20.57;23.27;54.12;37.37;85.33;49.13
"2012-07-30";4.29;31.17;43.5;32.15;20.88;23.52;54.39;36.8;84.19;48.84
"2012-07-31";4.24;30.82;42.65;31.48;21.07;23.64;53.89;36.66;82.53;48.81
"2012-08-01";4.09;30.56;42.06;31.61;21.08;23.4;53.84;36.01;79.9;47.89
"2012-08-02";4.12;30.33;41.86;31.23;20.88;23.26;53.58;35.94;79.32;46.65
"2012-08-03";4.29;31.18;42.52;31.88;20.98;23.39;54.44;37.91;82.61;47.85
"2012-08-06";4.27;31.65;42.86;32.19;20.7;23.03;54.56;37.87;82.73;48.73
"2012-08-07";4.27;32.03;43.31;32.67;20.92;22.86;54.38;38.65;82.27;49.39
"2012-08-08";4.26;30.23;42.89;32.7;21.15;22.7;54.43;38.24;83.25;49.36
"2012-08-09";4.25;31.73;42.5;32.77;21.07;22.69;52.34;38.23;83.21;49.59
"2012-08-10";4.25;31.82;42.76;32.82;21.02;22.97;51.98;38.34;83.08;49.88
"2012-08-13";4.24;31.81;42.24;32.51;21.09;22.98;51.84;38.4;83.5;49.69
"2012-08-14";4.17;31.83;41.84;32.65;21.11;23.11;51.88;38.53;83.24;49.52
"2012-08-15";4.21;32.12;41.05;32.79;21.1;22.86;51.21;38.82;84.22;50.04
"2012-08-16";4.29;32.5;41.41;33.22;21.48;23.2;50.74;39.03;81.82;50.18
"2012-08-17";4.31;32.71;40.8;33.48;21.7;23.37;50.54;39.55;82.65;50.66
"2012-08-20";4.36;32.79;40.2;33.56;21.44;23.36;50.48;39.47;83.39;50.54
"2012-08-21";4.3;32.45;39.74;33.39;21.43;23.09;50.1;39.41;82.92;51.13
"2012-08-22";4.37;31.56;39.99;33.5;21.43;23.11;49.75;38.96;83.41;51.03
"2012-08-23";4.52;31.67;40.08;33.28;21.42;22.83;49.11;38.7;82.55;50.45
"2012-08-24";4.52;31.75;40.7;33.38;21.72;23.05;49.24;38.66;80.32;51.07
"2012-08-27";4.5;31.47;41.09;33.63;21.6;23.19;49.27;38.56;81.17;50.84
"2012-08-28";4.44;31.58;41.42;33.4;21.54;23.12;49.23;38.14;81.49;50.55
"2012-08-29";4.45;31.96;41.42;33.31;21.57;23.22;49.2;38.1;81.16;50.57
"2012-08-30";4.44;31.14;41.17;33.21;21.57;23.11;48.83;37.98;80.98;50.38
"2012-08-31";4.44;31.52;41.51;33.46;21.58;23.05;48.65;38.3;81.25;50.8
"2012-09-04";4.5;31.25;41.41;33.49;21.81;23.06;48.97;38.7;82.45;51.97
"2012-09-05";4.47;31.25;41.77;32.75;21.73;23.14;48.63;38.29;81.83;50.95
"2012-09-06";4.5;32.1;41.95;33.05;21.94;23.51;49.33;39.51;82.5;51.81
"2012-09-07";4.5;32.06;41.7;33.86;22.03;23.66;48.92;39.88;82.26;51.95
"2012-09-10";4.38;31.69;42.32;33.12;22.09;23.66;48.9;39.7;82.37;52.02
"2012-09-11";4.4;31.79;42.35;33.35;22.34;23.57;48.89;39.59;81.59;52.22
"2012-09-12";4.37;32.02;42.47;33.66;22.44;23.36;48.1;39.63;81.23;52.43
"2012-09-13";4.45;32.15;42.87;33.95;22.78;23.53;48.54;39.39;82.34;53.41
"2012-09-14";4.45;32.65;43.22;34.11;23;23.51;48.19;39.89;83.41;53.56
"2012-09-17";4.43;31.92;43.48;33.51;22.92;23.54;48;39.59;83.07;52.16
"2012-09-18";4.44;30.95;43.12;33.24;22.77;24.02;47.67;39.92;83.11;51.42
"2012-09-19";4.4;30.33;43.63;32.83;23.15;23.49;47.67;40.79;83.39;50.78
"2012-09-20";4.28;30.02;43.45;32.76;22.9;23.63;47.55;40.63;81.58;53.24
"2012-09-21";4.28;30.16;43.88;32.89;23.09;23.57;47.28;40.65;81.04;52.34
"2012-09-24";4.11;29.15;43.59;32.98;22.86;23.86;47.45;40.07;81.54;51.74
"2012-09-25";4.13;28.31;43.42;32.98;22.82;23.99;47.43;39.89;81.26;51.06
"2012-09-26";4.14;28.29;43.11;32.19;22.35;24;47.64;39.64;81.36;50.2
"2012-09-27";4.18;28.67;43.65;32.86;22.79;23.95;47.1;40.28;82.59;50.36
"2012-09-28";4.18;28.47;41.69;32.5;23.04;24.21;47.04;40.14;81.54;50.39
"2012-10-01";4.16;27.91;41.65;32.99;22.83;24.15;49.22;40.07;82.4;50.69
"2012-10-02";4.18;28.17;42.81;33.27;22.49;24.27;49.59;39.73;83.31;51.12
"2012-10-03";4.39;27.96;42.63;32.32;22.9;24.54;49.62;39.81;83.63;51.04
"2012-10-04";4.44;28.58;43.74;32.43;22.84;24.79;49.77;39.99;83.68;51.16
"2012-10-05";4.5;28.52;43.67;32.6;23.08;24.71;49.74;40.04;83.51;51.65
"2012-10-08";4.38;28.23;43.18;32.57;23.12;24.73;50.03;39.87;82.87;51.78
"2012-10-09";4.31;27.96;42.71;32.44;23.01;24.64;49.85;38.92;81.7;50.53
"2012-10-10";4.29;26.74;42.48;32.5;22.88;24.62;49.83;38.8;81.86;50.36
"2012-10-11";4.25;26.69;42.84;32.71;22.82;24.63;49.52;38.82;82.34;50.9
"2012-10-12";4.36;26.43;42.98;32.77;22.73;24.52;49.1;38.58;81.4;50.35
"2012-10-15";4.34;26.49;43.03;33.03;23.15;24.89;49.48;39.02;81.39;51.22
"2012-10-16";4.38;27.4;43.32;33.86;23.45;25.03;49.37;39.59;82.16;51.95
"2012-10-17";4.55;27.47;43.68;34.14;23.83;25.19;50.26;40.36;82;52.29
"2012-10-18";4.69;27.49;43.4;34.5;24.03;25.37;50.11;40;80.96;51.74
"2012-10-19";4.42;27.25;43.27;34.33;23.79;25.05;49.73;39.29;77.47;50.12
"2012-10-22";4.47;27.49;43.27;33.94;23.72;24.93;49.29;39.02;77.33;49.6
"2012-10-23";4.49;27.26;42.89;33.23;23.53;24.8;48.48;40.08;77.72;52.24
"2012-10-24";4.48;27.29;42.56;33.38;23.38;25.22;48.23;40.03;78.35;52.51
"2012-10-25";4.43;27.92;42.78;33.57;23.26;25.27;48.53;40.73;83.14;53.14
"2012-10-26";4.34;27.83;42.91;33.22;23.37;25.37;48.28;40.81;84.49;53.31
"2012-10-31";4.28;28.04;42.61;33.42;24.4;25.5;48.7;41.07;82.9;53.91
"2012-11-01";4.32;29;43.75;34.08;25.24;25.3;48.62;42.42;83.22;55.31
"2012-11-02";4.26;28.75;43.12;33.71;25.01;25.05;48.26;41.59;81;54.14
"2012-11-05";4.23;29.51;42.79;33.86;25.06;24.94;47.65;41.98;81.11;54.98
"2012-11-06";4.26;30.28;43.08;33.98;25.21;25.06;48.9;42.28;82.38;55.23
"2012-11-07";4.38;28.96;41.96;33.42;24.85;24.72;47.13;41.31;80.37;54.33
"2012-11-08";4.49;28.78;41.36;32.75;24.69;24.44;46.86;40.75;78.91;53.27
"2012-11-09";4.5;29;41.32;32.61;24.58;24.29;46.86;41.19;77.95;54.03
"2012-11-12";4.44;29.01;41.63;32.46;24.4;24.02;46.77;41.04;78.52;53.76
"2012-11-13";4.51;28.85;41.75;31.87;24.23;24.11;47.01;41.06;78.57;53.77
"2012-11-14";4.36;28.02;41.28;31.34;24.04;24;46.64;40.25;77.06;52.4
"2012-11-15";4.43;27.76;41.3;31.08;24.06;24.22;46.34;40.34;78.53;52.22
"2012-11-16";4.38;27.45;41.76;31.34;24.43;24.75;47.45;40.57;78.21;52.36
"2012-11-19";4.44;28.11;42.33;32.28;24.77;24.82;47.54;41.4;81.94;52.99
"2012-11-20";4.48;28.13;41.86;32.08;24.83;24.7;47.64;41.68;83.43;52.81
"2012-11-21";4.45;27.97;42.37;32.21;24.82;24.71;47.38;41.83;83.77;53.15
"2012-11-23";4.49;28.35;43.15;32.69;25.23;24.63;47.4;42.63;84.84;54.22
"2012-11-26";4.44;28.28;43.62;32.49;25.01;24.63;48.02;42.38;87.1;54.64
"2012-11-27";4.47;28.6;43.3;31.87;25;24.65;48.08;42.52;85.38;54.51
"2012-11-28";4.43;28.74;43.54;31.8;25.1;24.64;48.23;43.06;86.75;54.62
"2012-11-29";4.47;28.89;43.73;31.98;24.98;25.06;48.19;43.47;86.9;55.5
"2012-11-30";4.38;28.66;43.78;31.92;25.62;25.28;48.53;43.41;86.86;55.21
"2012-12-03";4.41;28.68;43.35;32.14;25.23;25.16;48.34;43.17;86.1;55.19
"2012-12-04";4.4;29.01;43.91;32.09;25.62;25.03;47.97;43.2;85.51;55.29
"2012-12-05";4.39;29.12;44.33;31.93;24.99;25.3;48.84;43.31;85.73;55.45
"2012-12-06";4.35;29.49;44.3;32.05;25.11;25.21;48.64;43.53;84.98;55.02
"2012-12-07";4.38;29.6;44.35;32.03;24.97;25.17;48.72;43.79;86.4;55.32
"2012-12-10";4.45;29.77;43.98;31.79;24.84;25.25;48.81;44.33;86.05;57.07
"2012-12-11";4.5;30.22;44.64;31.98;24.66;25.14;48.89;44.4;87.25;56.92
"2012-12-12";4.54;30.26;44.86;32.04;24.68;25.13;48.6;43.94;86.1;57.01
"2012-12-13";4.58;29.99;44.58;31.93;24.71;25.13;48.7;43.53;86.18;56.34
"2012-12-14";4.62;29.6;44.11;31.87;24.51;24.91;48.26;43.46;85.73;56.03
"2012-12-17";4.65;29.69;44.55;32.16;24.83;25.1;49.22;43.8;86.59;56.36
"2012-12-18";4.71;30.72;45.4;32.56;25.41;25.23;49.69;44.42;88.69;57.09
"2012-12-19";4.76;30.81;45.27;32.82;25.39;25.11;48.96;44.44;87.49;57.08
"2012-12-20";4.71;30.94;45.55;32.68;25.56;25.13;49.4;44.85;89.54;57.83
"2012-12-21";4.67;30.46;44.72;32.39;24.95;24.82;48.62;44.67;88.09;57.35
"2012-12-24";4.64;30.36;44.62;32.45;24.84;24.93;48.46;44.62;88.02;56.75
"2012-12-26";4.68;29.93;44.34;31.87;24.81;24.51;48;44.58;86.82;56.53
"2012-12-27";4.74;29.94;44.69;32;24.85;24.6;47.68;44.55;87.31;56.04
"2012-12-28";4.73;29.24;44.46;31.49;24.58;24.5;47.11;44.34;87.25;56.51
"2012-12-31";4.81;29.95;45.17;31.89;25.31;24.75;47.67;44.93;89.37;57.24
"2013-01-02";5;31.21;46;33.04;25.8;25.31;48.92;46.29;93.08;58.92
"2013-01-03";5;31.01;46.24;32.67;25.93;25.47;49.11;46.39;91.01;59
"2013-01-04";5.16;30.84;47.06;32.75;26.05;25.94;49.56;46.44;91.42;58.99
"2013-01-07";5.31;30.36;45.82;32.82;25.48;25.84;48.82;46.68;90.83;58.38
"2013-01-08";5.3;30.12;45.94;32.62;25.55;25.49;48.81;46.43;90.68;57.97
"2013-01-09";5.18;30.26;48.72;32.63;25.63;25.34;48.63;46.71;90.4;58.23
"2013-01-10";5.31;30.69;48.96;33.09;25.92;25.34;49.06;46.11;90.11;58.21
"2013-01-11";5.38;31.06;48.88;33.01;26.03;25.36;49.22;46.2;90.3;58.75
"2013-01-14";5.71;30.95;49.28;33.34;26.08;25.27;49.13;46.53;90.36;58.72
"2013-01-15";5.71;31.3;49.7;32.63;26.21;25.34;49.17;46.81;90;59.13
"2013-01-16";6;30.98;49.37;32.66;26.13;24.69;48.83;47.04;89.28;59.55
"2013-01-17";6;31.42;49.51;33.07;26.59;24.8;49.35;48.08;89.85;59.91
"2013-01-18";6.05;31.38;49.93;33.51;26.55;25.13;49.56;48.19;89.85;60.11
"2013-01-22";6.34;31.71;50.08;33.34;26.83;25.62;49.9;47.65;91.46;60.96
"2013-01-23";6.32;31.48;49.43;33.78;27.19;25.4;49.74;47.69;92.02;61.15
"2013-01-24";5.89;33.66;49.53;33.48;27.36;25.5;49.85;48;92.64;61.51
"2013-01-25";6.2;34.7;49.73;34.05;27.49;25.62;49.85;48.21;92.27;62
"2013-01-28";6.6;34.62;49.6;33.79;27.46;25.59;49.77;47.82;95.53;61.93
"2013-01-29";6.75;34.63;49.33;34.28;27.62;25.7;49.98;48.3;94.17;62.44
"2013-01-30";6.47;34.51;49.13;34.29;27.62;25.76;50.09;48.11;93.31;62.42
"2013-01-31";6.42;34.6;49.12;34.38;27.37;26.07;49.92;48.38;93.78;62.49
"2013-02-01";6.73;35.22;49.11;34.31;27.49;26.48;50.62;48.89;95.59;63.59
"2013-02-04";6.99;34.75;48.66;33.68;27;26.15;50.3;48.49;93.34;63.4
"2013-02-05";6.98;35.78;49.46;33.53;27.52;26.3;50.39;47.48;96.2;62.99
"2013-02-06";6.89;35.62;49.71;33.34;27.36;26.57;50.7;47.15;96.82;63.13
"2013-02-07";6.81;35.57;49.42;33.15;27.66;26.27;50.82;47.2;95.89;63.15
"2013-02-08";6.49;35.61;49.79;33.27;27.65;26.21;50.88;47.65;96.22;65.64
"2013-02-11";6.72;35.45;49.78;33.21;27.5;26.29;51;47.44;95.99;65.12
"2013-02-12";6.66;35.62;49.43;32.95;27.8;26.33;51.31;48.17;96.45;65.38
"2013-02-13";6.73;35.55;49.68;32.88;28.12;26.19;51.12;48.58;96;65.92
"2013-02-14";6.81;35.54;49.79;33.07;28.45;26.01;51.12;48.79;95.99;65.94
"2013-02-15";6.73;35.4;50;32.75;28.55;26.08;51.26;48.92;96.14;66.42
"2013-02-19";6.78;35.56;50.87;32.79;28.5;26.27;51.64;49.4;97.29;67.14
"2013-02-20";6.63;35.11;50.17;32.15;27.82;26.31;51.55;48.8;96.18;65.65
"2013-02-21";6.68;34.58;49.19;31.55;27.58;26.12;51.44;48.12;95.9;65.28
"2013-02-22";7.03;34.87;49.56;31.79;27.69;26.43;51.7;48.69;96.4;66.13
"2013-02-25";7;33.68;48.76;31.31;27.14;26.25;51.03;47.4;97.34;64.48
"2013-02-26";7.15;34.07;48.96;31.64;27.56;26.55;51.44;48.14;96.03;65.07
"2013-02-27";7.03;34.43;49.08;31.91;28.29;26.95;52.1;49.19;97.42;66.44
"2013-02-28";6.94;34.55;48.09;31.78;28.43;27.33;52.27;49.39;100.74;66.31
"2013-03-01";6.99;33.76;47.91;32.06;28.52;27.16;51.84;49.24;103.41;66.17
"2013-03-04";7.16;33.41;48.1;31.91;28.71;27.65;52.02;48.89;103.17;66.29
"2013-03-05";7.3;34.2;48.25;32.56;29.25;28.08;52.79;49.88;104.32;66.63
"2013-03-06";7.32;34.88;47.38;32.18;29.26;27.72;52.28;49.67;103.89;66.69
"2013-03-07";7.39;35.46;47.17;32.22;29.39;27.65;51.83;49.78;102.75;66.64
"2013-03-08";7.48;35.47;47.24;32.41;29.65;27.8;51.93;50.32;103.08;67.74
"2013-03-11";7.48;35.36;47.52;32.22;30.04;27.86;52.06;50.52;102.16;68.14
"2013-03-12";7.49;35.3;47.99;32.32;30.24;27.73;51.8;50.38;101.06;67.58
"2013-03-13";7.51;35.38;48.53;31.98;30.32;28;52;50.57;100.54;68.02
"2013-03-14";7.54;36.07;48.55;32.17;30.47;27.92;52.03;51.16;99.79;68.25
"2013-03-15";7.83;35.65;47.81;32.56;30.23;27.85;51.74;50.74;102.11;67.91
"2013-03-18";7.61;35.39;47.14;32.62;30.34;27.7;51.58;51.15;102.18;68.26
"2013-03-19";7.52;35.34;47.27;31.89;30.5;27.63;51.83;51.12;101.33;67.8
"2013-03-20";7.56;35.8;47.65;31.71;31.04;27.77;52.8;52;103.2;66.93
"2013-03-21";7.35;35.37;48.16;31.66;30.61;27.9;52.35;51.6;104.64;66.21
"2013-03-22";7.63;34.92;48.33;31.72;30.81;27.94;52.39;51.95;105.26;66.49
"2013-03-25";7.64;34.46;48.78;31.78;30.78;28.22;52.25;51.38;106.61;65.97
"2013-03-26";7.65;34.55;49.28;31.73;31.12;28.46;52.63;51.42;109.04;65.93
"2013-03-27";7.62;34.78;49.31;32.16;31.27;28.52;53.03;51.38;108.67;65.63
"2013-03-28";7.63;35.42;49.54;32.24;31.69;28.86;53.74;51.8;109.46;66.23
"2013-04-01";7.55;34.63;49.02;31.97;31.42;28.94;53.75;50.89;107.73;65.91
"2013-04-02";7.4;34.29;48.89;31.59;31.46;29.05;53.9;50.54;107.25;65.38
"2013-04-03";7;33.55;44.41;31.25;30.5;28.84;53.97;49.74;106;64.25
"2013-04-04";7.29;33.38;44.58;30.87;30.61;29.04;54.6;50.24;107.64;64.44
"2013-04-05";7.17;32.77;44.33;31.21;30.61;29.22;54.84;49.95;107.74;64.47
"2013-04-08";7.22;33.21;45.09;31.38;31.16;29.68;55.29;50.45;108.92;64.83
"2013-04-09";6.95;33.22;45.44;31.61;30.86;29.7;54.86;50.39;108.64;64.57
"2013-04-10";7.1;33.88;45.97;31.82;31.31;29.89;55.65;51.32;110.5;65.79
"2013-04-11";7.19;33.57;46.23;31.8;31.7;29.79;55.73;51.3;110.5;65.92
"2013-04-12";7.17;33.2;45.43;31.37;31.7;29.91;55.86;51.29;110.18;65.52
"2013-04-15";6.94;32.3;44.43;30.25;30.54;29.25;54.65;49.17;106.52;62.51
"2013-04-16";7.13;32.57;45.11;30.68;31.17;29.75;55.66;50.16;109.07;63.17
"2013-04-17";7.02;31.81;44.89;30.11;30.47;29.12;54.95;49.03;107.64;62.53
"2013-04-18";6.95;31.24;44.53;31.28;29.96;28.84;54.94;48.63;105.73;61.86
"2013-04-19";7.02;30.86;44.65;31.18;30.47;28.99;55.88;48.67;107.31;62.36
"2013-04-22";7.1;31.23;45.16;31.56;30.8;29.12;55.88;48.79;108.79;62.75
"2013-04-23";7.06;31.51;45.81;31.5;31.34;29.12;56.15;49.74;109.5;64.03
"2013-04-24";6.96;32.36;45.71;32.13;31.32;29.2;56.42;50.16;109.08;62.06
"2013-04-25";7.04;32.35;45.63;32.6;31.57;29.2;56.26;50.41;109.22;62.52
"2013-04-26";6.92;31.19;45.8;32.73;30.57;29.11;55.97;49.93;107.25;62.1
"2013-04-29";6.86;31.3;45.99;33.13;30.33;29.63;56.74;50.24;108.44;62.8
"2013-04-30";6.66;32.05;46.28;33.35;30.25;29.82;56.88;50.68;108.41;63.38
"2013-05-01";6.41;31.16;46.62;32.88;29.62;29.4;56.42;49.42;106.17;62.13
"2013-05-02";6.54;31.52;46.77;33.05;30.12;29.16;57.14;50.34;107.94;62.79
"2013-05-03";6.67;32.07;46.78;33.62;30.81;29.26;57.71;51.42;110.77;63.8
"2013-05-06";6.7;32.13;46.96;34.34;30.59;28.93;56.43;51.86;111.19;64.29
"2013-05-07";6.76;32.01;47.03;34.64;31.03;29.06;56.81;52.95;112.69;64.99
"2013-05-08";6.69;33.01;47.06;35.45;31.2;28.9;56.29;53.01;113.33;65.06
"2013-05-09";6.81;32.9;46.83;34.55;31.1;28.33;55.28;52.92;112.08;64.49
"2013-05-10";6.92;32.86;46.66;34.44;31.41;27.89;55.29;53.19;110.84;64.99
"2013-05-13";6.9;32.24;46.44;34.57;31.54;28.14;55.13;52.94;111.14;64.67
"2013-05-14";6.96;32.11;47.15;34.51;31.83;28.43;55.71;54;111.96;65.56
"2013-05-15";7.13;33.06;46.53;34.31;32.01;28.92;56.68;54.74;111.42;66.19
"2013-05-16";7.01;33.15;46.66;34.57;31.65;28.93;56.14;54.37;112.14;66.05
"2013-05-17";7.16;33.55;47.28;34.77;32.08;29.15;56.89;54.98;115.57;65.99
"2013-05-20";7;32.92;47.18;35.26;31.78;29.14;56.89;55.31;114.63;65.9
"2013-05-21";6.94;32.98;47.3;35.12;31.71;29.37;57.12;55.03;114.31;65.66
"2013-05-22";6.89;32.71;46.88;35;31.13;28.87;55.9;54.2;112.03;64.36
"2013-05-23";6.97;33.01;46.87;34.62;31.28;28.67;55.2;53.74;114.61;64.97
"2013-05-24";6.93;32.74;47;34.59;30.96;28.46;54.71;53.38;113.65;65.16
"2013-05-28";6.88;32.85;46.78;35.39;31.19;28.78;55.08;53.75;114.05;65.66
"2013-05-29";6.72;32.96;47.9;35.61;30.36;28.04;54.47;53.56;112.26;64.98
"2013-05-30";6.72;33.73;48.6;35.93;30.39;28.4;54.37;53.99;112.8;65.18
"2013-05-31";6.61;33.43;47.86;35.12;30.02;28.11;53.77;53.62;111.81;64.1
"2013-06-03";6.57;33.31;48.04;35.71;29.74;28.8;53.79;53.72;112.6;64.19
"2013-06-04";6.39;33.23;47.52;35.68;29.44;28.38;52.92;53.24;112.86;64.49
"2013-06-05";6.17;32.94;47.03;35.06;29.03;28.21;52.35;52.67;112.26;63.78
"2013-06-06";6.55;32.57;47.04;35.07;29.56;28.69;53.05;52.88;113.11;63.9
"2013-06-07";6.5;32.99;47.15;35.43;29.89;28.97;53.32;53.62;115.26;65.13
"2013-06-10";6.54;33.09;47.58;35.36;29.9;28.89;53.51;53.58;116.61;65.44
"2013-06-11";6.58;32.93;47.69;34.97;29.9;28.84;53.25;52.86;115.58;64.92
"2013-06-12";6.68;32.53;47.6;34.8;29.89;28.06;52.78;51.94;115.56;63.84
"2013-06-13";6.8;32.94;48.33;35.08;30.57;28.36;53.65;52.5;115.39;64.82
"2013-06-14";6.83;33.27;48.06;35.4;30.56;28.46;53.74;52.53;115.59;64.65
"2013-06-17";7.07;33.51;48.28;35.87;30.81;28.57;53.96;52.45;118.45;64.74
"2013-06-18";7.14;33.45;48.8;36.05;31.04;28.72;54.12;52.65;124.2;65.17
"2013-06-19";7.06;33.19;47.87;35.96;30.4;28.42;52.63;52.62;121.82;64.26
"2013-06-20";6.98;32.68;46.62;34.84;29.21;27.63;51.99;51.25;121.3;62.18
"2013-06-21";7.02;32.34;45.77;34.77;28.95;28.41;53.19;50.6;124.63;61.44
"2013-06-24";6.92;31.87;45.71;33.8;28.49;28.69;53.18;50.12;125.04;60.17
"2013-06-25";6.94;32.32;45.91;34.81;28.86;28.83;53.64;50.91;125.7;60.98
"2013-06-26";6.99;32.48;46.22;35.25;29.16;29.35;54.41;51.25;128.03;60.67
"2013-06-27";7.16;33.09;46.84;35.91;29.53;29.34;54.62;52.4;129.51;61.53
"2013-06-28";7.1;32.88;46.22;36.07;29.44;29.65;54.71;52.41;129.07;61.06
"2013-07-01";7.4;33.53;46.63;35.99;29.6;29.38;53.95;53.3;131.03;62.24
"2013-07-02";7.28;33.24;46.49;35.85;29.25;29.3;53.87;52.91;131.88;61.09
"2013-07-03";7.18;33.51;46.36;35.69;29.35;29.35;53.87;53.04;132.48;60.77
"2013-07-05";7.25;34.24;46.91;36.21;29.61;29.41;53.56;54.24;135.59;61.8
"2013-07-08";7.31;33.77;47.44;36.6;29.33;29.79;54.51;54.44;137.31;61.9
"2013-07-09";7.21;34.24;47.63;36.77;30;30.23;55.17;55.2;137;63.28
"2013-07-10";7.22;34.46;47.64;36.73;30.08;29.97;55.6;55.36;135.9;63.34
"2013-07-11";7.31;34.78;47.98;37.22;30.62;30.22;56.31;56.37;136.4;63.56
"2013-07-12";7.46;34.96;47.92;37.32;30.55;30.21;56.46;56.72;133.19;63.58
"2013-07-15";7.39;35.2;47.89;37.36;30.48;30.83;57.39;56.75;136.55;64.01
"2013-07-16";7.44;35.09;47.71;37.54;30.1;30.91;57.31;56.47;136.74;63.4
"2013-07-17";7.48;35.62;47.84;37.92;30.31;30.76;57.55;56.62;136.67;63.68
"2013-07-18";7.67;35.61;48.18;37.92;30.23;30.97;58.32;57.57;136.78;64.34
"2013-07-19";7.72;35.71;48.24;38.3;30.24;30.72;58.33;57.31;137.27;64.98
"2013-07-22";7.72;35.81;48.89;38.15;30.08;30.95;58.24;56.78;136.74;64.85
"2013-07-23";7.72;36.17;49.31;38.23;30.26;31.09;58.81;58.28;135.11;66.73
"2013-07-24";7.57;36.73;48.84;37.68;29.85;30.46;58.04;57.73;133.97;66.56
"2013-07-25";7.64;37.18;48.58;37.38;30.02;30.33;58.55;58.13;157.02;66.75
"2013-07-26";7.68;36.47;46.07;37.27;29.08;30.02;58.71;57.8;160.06;66.18
"2013-07-29";7.61;36.34;45.79;37.29;29.12;30.06;58.69;57.77;156.76;65.66
"2013-07-30";7.5;36.71;46.75;37.22;29.44;30.2;58.81;58;157.48;65.72
"2013-07-31";7.45;36.86;46.21;37.79;29.74;29.8;58.7;58.33;156.55;66.38
"2013-08-01";7.53;38.27;48.4;38.3;30.16;30;59.2;60.02;159.19;67.86
"2013-08-02";7.52;37.98;48.13;39.11;30.22;30.15;59.4;59.95;159.56;68
"2013-08-05";7.46;37.97;48.26;39.21;30.03;29.86;58.9;60.21;161.37;67.52
"2013-08-06";7.42;37.74;48.36;38.75;29.55;29.73;58.95;59.8;162.72;66.91
"2013-08-07";7.44;37.46;47.6;38.93;29.14;29.7;58.55;59.26;162.41;66.37
"2013-08-08";7.49;38.2;47.84;38.93;29.34;30.15;58.29;59.16;161.76;66.95
"2013-08-09";7.49;37.98;47.63;38.91;29.27;29.89;58.13;59.21;160.89;66.93
"2013-08-12";7.77;38.15;47.52;39.07;29.32;29.61;57.65;59.84;162.82;67.14
"2013-08-13";7.74;38.99;47.54;39.34;29.14;28.99;57.33;60.17;161.53;67.31
"2013-08-14";7.88;38.75;47.91;39.12;28.71;28.59;56.69;59.78;159.79;66.91
"2013-08-15";7.85;37.74;47.64;38.92;28.27;28.63;55.31;59.12;153.67;65.96
"2013-08-16";7.92;38.04;47.9;38.67;28.65;28.11;54.89;58.9;154.65;65.84
"2013-08-19";8.19;38.36;47.84;38.6;28.22;28.03;54.04;58.7;152.33;65.86
"2013-08-20";8.56;38.9;48.29;38.39;28.27;28.58;54.23;58.96;153.83;66.36
"2013-08-21";8.42;37.96;48.3;38.11;27.8;28.58;53.35;58.78;151.71;65.91
"2013-08-22";8.56;38.62;48.81;37.87;27.93;29.28;53.47;59.53;153;67.04
"2013-08-23";8.5;38.53;48.88;38.61;28.09;29.02;53.77;59.72;152.54;67.16
"2013-08-26";8.77;38.73;48.93;38.92;28.09;28.82;53.58;59.91;150.76;67.24
"2013-08-27";8.5;37.52;47.92;38.72;27.52;28.94;53.45;58.3;149.42;65.77
"2013-08-28";8.58;38.37;48.08;40.24;27.49;29.07;53.6;58.86;149.94;66.02
"2013-08-29";8.49;38.87;47.97;40.81;27.61;29.14;53.31;58.9;150.78;66.16
"2013-08-30";9.24;37.73;47.57;40.96;27.38;29;52.9;58.06;148.51;65.47
"2013-09-03";9.19;37.56;47.77;41.63;27.32;28.84;51.64;58.24;152.08;65.54
"2013-09-04";8.6;38.82;47.87;41.57;27.61;29.05;52.07;59.07;156.03;65.95
"2013-09-05";8.46;38.53;47.7;41.28;27.67;28.84;51.82;59.58;156.55;65.7
"2013-09-06";8.49;38.89;48.19;41.67;27.83;29;51.73;59.59;157.94;66.88
"2013-09-09";8.59;40.14;48.94;41.86;28.62;29.12;51.89;60.41;161.19;67.86
"2013-09-10";8.59;40.92;49.2;42.31;28.65;29.19;52;61.74;165.57;68.61
"2013-09-11";8.48;40.57;49.56;42.35;29.23;28.92;51.39;61.44;167.69;68.36
"2013-09-12";8.44;40.51;49.29;42.55;29.29;28.65;50.96;61.47;167.72;68.05
"2013-09-13";8.54;40.36;49.31;42.22;29.31;28.55;51.12;61.34;167.97;67.84
"2013-09-16";8.51;40.4;49.84;42.62;29.49;28.56;51.4;61.91;167.78;68
"2013-09-17";8.5;40.68;49.85;42.76;29.45;28.81;52.02;62.59;169.36;68.53
"2013-09-18";8.48;40.62;50.11;43.14;29.87;29.65;53.39;63.4;170.09;68.33
"2013-09-19";8.4;40.77;49.84;43.06;29.48;29.73;53.63;63.21;168.56;68.52
"2013-09-20";8.38;40.6;49.9;41.85;29.21;29.89;52.96;62.98;166.64;68.48
"2013-09-23";8.49;40.28;49.44;41.88;28.98;30.44;53.57;62.51;165.69;67.88
"2013-09-24";8.73;40.47;49.52;41.6;29.23;30.36;53.41;62.7;167.07;67.83
"2013-09-25";8.73;40.92;49.86;41.67;29.27;30.37;52.68;63;164.78;68.55
"2013-09-26";8.76;40.93;50.34;41.51;29.35;30.53;53.15;63.63;167.5;69.04
"2013-09-27";8.66;40.99;50.41;41.41;29.03;30.51;52.8;63.35;166.66;68.88
"2013-09-30";8.81;40.97;50.99;40.71;28.83;30.63;52.87;63.81;167.91;69.1
"2013-10-01";9.14;41.82;50.62;41.6;29.12;30.69;52.76;64.85;171.29;69.37
"2013-10-02";9.49;41.47;56.4;42.06;28.89;30.62;52.88;64.3;171.68;68.9
"2013-10-03";9.79;41.21;56.92;41.8;28.29;30.3;52.29;63.56;170;68.08
"2013-10-04";9.97;41.74;56.84;41.85;28.31;30.39;52.35;63.49;172.28;68.47
"2013-10-07";9.95;41.3;54.74;41.12;27.82;30.57;51.79;63.16;171.65;67.84
"2013-10-08";9.51;40.86;53.65;40.86;27.39;30.5;52.2;62.83;167.6;67.28
"2013-10-09";9.51;40.86;54.21;40.28;27.76;30.78;52.61;61.94;161.29;67.6
"2013-10-10";9.99;41.92;55.09;40.87;28.26;31.38;53.59;63.64;161.74;68.68
"2013-10-11";10.07;42.02;55.16;41.26;28.4;31.57;53.77;64.36;162.31;69.71
"2013-10-14";10.91;41.74;55.4;41.7;28.37;31.42;53.47;64.85;165.72;70.14
"2013-10-15";12.28;41.1;55.26;41.54;27.9;31.02;52.57;64.19;167.51;69.24
"2013-10-16";12.27;41.31;56.28;41.52;28.02;31.46;53.11;64.39;169.57;69.31
"2013-10-17";12.35;41.19;55.86;41.52;28.07;32.09;54.26;64.35;171.33;69.65
"2013-10-18";11.6;41.23;56.75;42.29;28.02;32.27;54.29;65.66;174.55;70.82
"2013-10-21";10.68;41.61;57.52;41.63;28.09;32.12;54.29;66.19;176.45;70.72
"2013-10-22";11.1;42.02;59.09;42.03;28.37;32.64;55.21;66.15;176.29;72.37
"2013-10-23";10.9;40.41;58.86;41.64;28.37;32.32;55.51;65.86;175.81;71.09
"2013-10-24";10.9;38.1;59.54;42.07;28.54;32.34;55.38;66.54;176.35;71.22
"2013-10-25";10.74;38.08;59.6;42.38;29.02;32.85;55.93;67.25;179.57;71.53
"2013-10-28";10.73;38.66;59.71;42.19;28.56;32.66;55.79;67.08;179.45;71.12
"2013-10-29";10.39;39.07;59.92;42.29;29.02;32.83;55.94;67.74;181.32;71.51
"2013-10-30";9.94;38.24;59.69;42.27;28.72;32.71;55.76;67.66;180.04;71.27
"2013-10-31";10.02;39;59.38;42.1;28.44;32.82;55.51;67.87;176.99;71.45
"2013-11-01";10.02;39.06;59.6;41.36;28.21;33.12;55.92;68.62;172.78;71.61
"2013-11-04";10.75;38.96;59.94;41.91;28.45;33.46;56.04;69.1;173.6;73.33
"2013-11-05";10.72;38.63;59.71;41.34;28.3;34.25;55.35;68.6;175.76;71.77
"2013-11-06";10.31;39.07;60.42;42.39;28.31;34.22;55.62;68.86;176.35;72.32
"2013-11-07";10.04;38.76;59.85;41.52;27.84;33.6;54.03;67.56;170.42;71.11
"2013-11-08";10.31;39.59;60.72;41.86;28.1;33.61;53.58;68.16;174.05;71.81
"2013-11-11";10.29;40.23;60.95;41.84;28.11;33.46;53.82;68.33;172.15;71.67
"2013-11-12";10.17;40.27;61.36;40.71;28.11;32.67;52.7;68.45;171.51;71.4
"2013-11-13";10.22;40.44;62.22;41.04;28.2;30.77;53.08;69.37;176.18;71.92
"2013-11-14";10.13;40.61;62.96;41.38;28.2;30.64;53.72;69.52;176.54;71.92
"2013-11-15";10.05;41.28;63.4;41.6;28.52;30.32;53.99;69.51;176.17;72.32
"2013-11-18";9.6;41.2;63.62;41.43;28.52;30.02;54;69.5;177.06;71.72
"2013-11-19";9.55;39.77;63.33;41.3;28.48;29.55;53.85;69.22;177.25;71.49
"2013-11-20";10.29;39.92;62.73;40.77;28.33;29.75;53.26;69.14;177.6;71.46
"2013-11-21";9.94;40.2;63.42;40.76;28.62;29.83;53.29;69.88;181.21;72.03
"2013-11-22";9.99;40.08;62.92;40.85;28.76;29.82;53.35;70.33;180.56;72.13
"2013-11-25";9.92;40.17;63.45;38.34;28.74;29.81;52.92;70.2;180.21;71.87
"2013-11-26";10.39;39.71;63.38;38.81;29.07;29.48;51.49;70.32;183.46;72.51
"2013-11-27";10.36;39.37;62.94;38.67;28.76;29.6;51.42;70.42;186.62;72.38
"2013-11-29";10.54;39.34;62.97;38.57;28.89;29.66;51.46;70.01;186.24;72.49
"2013-12-02";10.66;39.37;62.59;38.91;28.34;30.13;51.54;70.4;185.28;71.82
"2013-12-03";10.46;39.42;62.82;38.63;28.33;30.25;51.92;69.58;182.88;71.81
"2013-12-04";10.53;39.12;62.09;38.24;28.07;30.22;52.02;69.76;177.04;72.49
"2013-12-05";10.55;39.01;62.14;38.53;27.93;30.21;51.84;69.62;179.15;72.66
"2013-12-06";11.05;40.38;63.28;38.6;28.36;30.25;52.6;70.33;185.72;73.98
"2013-12-09";11.63;40.81;63.46;38.17;28.55;30.18;52.2;70.25;185.48;74.51
"2013-12-10";11.5;41.37;63.41;38.08;28.34;30.59;51.38;70.5;183.96;73.81
"2013-12-11";9.81;40.53;63.12;37.01;27.96;30.83;50.63;68.56;178.2;72.54
"2013-12-12";9.42;39.86;62.73;36.9;28.11;30.72;50.71;68.66;176.09;73.53
"2013-12-13";8.97;40.09;62.7;37.02;28.16;30.93;50.85;68.8;177.08;74.09
"2013-12-16";9.09;41.05;62.97;36.99;28.48;30.79;51.53;69.59;179.55;74.88
"2013-12-17";8.4;41.58;63.27;36.82;28.37;30.35;51.33;69.55;178.01;74.91
"2013-12-18";8.86;41.68;62.68;36.58;29.33;31.36;52.26;70.59;181.28;76.51
"2013-12-19";8.81;41.77;61.43;35.58;29.23;31.6;51.71;70.29;178.08;76.41
"2013-12-20";9.03;42.34;63.4;36.18;29.51;31.11;52.53;71.2;183.16;77.31
"2013-12-23";8.97;42.32;63.51;36.26;29.94;31.2;52.31;71.58;183.07;77.69
"2013-12-24";9.04;42.51;63.54;37.33;29.92;31.39;52.37;71.77;183.86;78.51
"2013-12-26";8.8;42.67;63.69;37.01;29.95;31.18;52.12;72.24;184.38;78.39
"2013-12-27";8.58;42.82;63.75;37.54;30.01;31.13;52.11;72.16;183.96;78.33
"2013-12-30";8.47;43.21;64.39;37.82;30.03;31.18;52.07;72.05;182.25;78.44
"2013-12-31";8.44;43.49;64.9;37.93;29.89;31.41;52.1;72.48;184.58;78.29
"2014-01-02";8.41;42.16;65.36;37;29.62;31.06;51.16;71.29;181.88;77.44
"2014-01-03";8.58;42.08;66.53;37.29;29.67;31.13;51.05;71.77;184.08;77.31
"2014-01-06";8.36;41.46;65.2;37.22;29.28;30.75;50.99;71.32;182.15;77.23
"2014-01-07";8.35;41.56;64.8;37.11;29.41;31.05;51.47;71.68;182.45;77.45
"2014-01-08";8.48;41.83;64.32;36.72;29.34;31.04;50.88;71.78;180.07;77.75
"2014-01-09";8.43;42.14;66.95;36.66;29.24;30.82;50.99;71.98;180.19;76.7
"2014-01-10";8.63;42.69;68.45;37.62;29.35;31.46;51.67;72.47;177.63;77.19
"2014-01-13";8.8;41.53;69.02;36.93;28.78;31.26;51.33;71.5;174.53;75.88
"2014-01-14";9;42.36;69.74;37.14;29.01;31.35;51.46;72.63;178.81;76.59
"2014-01-15";8.85;43.27;69.66;37.12;29.2;31.28;51.27;73.2;177.96;77.11
"2014-01-16";8.8;42.88;69.35;37.06;29.08;31.49;51.54;72.59;179.02;77.42
"2014-01-17";8.72;43.4;69.12;37.04;28.74;31.74;51.36;72.31;178.82;77.46
"2014-01-21";8.89;43.35;68.75;37.71;29.39;32.06;52.37;72.5;176.41;78.05
"2014-01-22";8.91;43.93;69.76;37.17;29.27;32.22;52.44;72.61;179.5;77.91
"2014-01-23";8.83;42.3;68.71;36.16;29.65;32.58;52.16;71.76;179.18;77.75
"2014-01-24";8.46;41.38;66.82;34.79;28.77;32.4;51.33;68.52;176.19;74.69
"2014-01-27";8.13;40.62;66.43;34.85;28.49;32.11;51.32;68.16;167.86;73.7
"2014-01-28";8.17;40.74;67.37;34.22;28.7;32.36;51.32;68.45;170.43;74.46
"2014-01-29";7.97;40.2;66.66;33.28;28.55;32.64;51.24;68.01;166.78;73.63
"2014-01-30";8.15;40.78;67.58;33.44;28.86;33.26;52.02;71.4;169.09;73.88
"2014-01-31";7.93;40.49;66;32.97;29;33.93;52.03;70.9;172.04;73.49
"2014-02-03";7.65;38.85;63.52;32.81;28.07;33.81;50.9;68.42;169.16;70.67
"2014-02-04";7.6;38.88;64.01;33.4;28.44;33.21;50.4;68.87;169.01;72.08
"2014-02-05";7.58;38.77;64.03;32.77;28.35;32.72;50.06;68.08;169.25;72.06
"2014-02-06";7.65;39.64;64.89;33.41;28.91;32.62;50.43;69.04;172.25;74.97
"2014-02-07";7.74;40.5;65.87;33.98;29.33;32.92;50.93;69.56;175.3;76.33
"2014-02-10";7.85;40.89;66.4;33.77;29.29;33.18;51.38;69.43;173.58;75.47
"2014-02-11";7.81;41.32;67.03;34.6;29.47;33.18;52.29;70.35;173.67;76.31
"2014-02-12";7.74;41.78;66.8;32.96;29.5;33.17;52.23;71.27;173.57;76.29
"2014-02-13";8.39;42.5;67.13;33.04;29.76;33.58;52.88;71.61;182.25;76.89
"2014-02-14";8.49;42.74;66.94;33.13;30.03;33.81;53.32;71.77;181.6;77.51
"2014-02-18";8.65;43.22;66.78;32.77;29.94;34.12;53.95;72.49;182.92;76.83
"2014-02-19";8.48;42.37;67.14;33.49;30.17;33.89;53.46;71.82;181.62;76.02
"2014-02-20";8.71;43.06;67.41;33.65;30.31;34.04;53.86;72.14;183;76.59
"2014-02-21";8.83;42.75;68.65;34.01;30.32;34.04;54.32;72.34;197.97;76.12
"2014-02-24";8.94;42.23;68.77;34.79;30.3;33.77;54.14;72.42;204.84;76.68
"2014-02-25";9.06;41.95;68.24;32.6;30.18;33.83;54.07;72.67;204.45;76.24
"2014-02-26";8.96;42.35;68.41;32.86;30.83;34.05;53.93;73.41;202.63;77.63
"2014-02-27";9.35;42.94;69.49;34.11;30.94;33.87;54.85;73.68;203.81;77.94
"2014-02-28";9.52;43.07;70.26;34.13;30.96;33.64;55.5;73.91;201.04;78.44
"2014-03-03";9.4;42.29;70.01;33.84;30.63;33.61;54.75;72.99;200.28;78.33
"2014-03-04";9.46;42.91;71.14;34.03;30.94;34.59;55.44;74.15;214;78.86
"2014-03-05";9.4;42.48;71.55;34.36;30.87;34.35;54.96;74.19;211.99;78.36
"2014-03-06";8.99;42.47;71.61;33.98;31.06;33.9;54.5;74.15;211.2;78.76
"2014-03-07";9.19;42.85;72.5;33.58;31;34.33;54.52;74.36;211.78;79.29
"2014-03-10";9.24;42.63;72.37;33.52;30.99;35.28;54.45;73.65;208.93;78.61
"2014-03-11";9.14;41.66;72.41;33.26;30.98;35.31;54.37;73.08;207.81;77.8
"2014-03-12";9.41;41.65;72.54;33;31.32;36.09;55;72.77;209.99;78.1
"2014-03-13";9.32;41.33;70.87;31.97;30.43;36.07;55.51;71.68;207.78;76.85
"2014-03-14";9.66;40.83;70.83;31.64;30.69;35.51;55.97;71.91;207.35;77.15
"2014-03-17";9.96;41.54;71.62;31.24;30.96;36.08;56.73;72.79;208.47;77.33
"2014-03-18";9.93;43.67;72.92;31.3;31.42;35.99;56.56;72.67;209;78.43
"2014-03-19";9.72;43.14;72.4;31.79;31.07;35.67;55.72;72.1;205.15;77.82
"2014-03-20";9.67;43.57;72.84;32.23;31.32;35.62;55.68;72.32;210.59;78.33
"2014-03-21";9.35;44.24;72.46;32.35;31.16;35.79;56.08;72.39;206.99;78.2
"2014-03-24";9.29;44.65;71.86;32.24;31.05;35.85;56.21;71.09;203.32;77
"2014-03-25";9.29;45.68;70;32.66;31.05;36.18;56.49;71.43;198.65;77.88
"2014-03-26";9.08;45.29;68.41;32.49;30.97;35.97;56.6;70.14;194.03;77.39
"2014-03-27";9.05;44.63;69.8;32.52;30.88;35.97;56.97;70.13;190.13;77.04
"2014-03-28";8.96;45.12;70.36;33.09;31.43;36.28;57.17;70.37;185.92;76.92
"2014-03-31";9.32;46.04;71.04;33.35;31.83;36.89;57.81;71.76;186.74;78.46
"2014-04-01";9.71;46.57;72.12;33.12;31.72;36.69;57.67;72.5;188.95;78.92
"2014-04-02";9.6;47;71.78;33.69;31.9;36.73;57.39;72.83;186.67;79.32
"2014-04-03";9.49;46.7;71.57;33.16;31.82;36.35;57.5;72.61;186.93;79.14
"2014-04-04";9.19;46.12;68.21;33.48;31.76;36.32;57.98;71.8;174.98;77.89
"2014-04-07";9.24;45.87;66.3;33.16;31.15;35.76;58.04;69.78;166.43;76.75
"2014-04-08";9.5;45.91;66.92;33.19;31.7;36.72;58.68;69.97;168.3;76.17
"2014-04-09";9.67;46.58;67.32;32.72;32;36.06;58.56;70.61;174.37;77.19
"2014-04-10";9.21;45.72;66.33;32.17;31.42;36;58.37;69.44;161.92;75.11
"2014-04-11";8.87;44.4;65.75;31.31;31.17;35.87;58.15;68.58;154.93;75.11
"2014-04-14";8.37;44.14;66.06;31.87;31.5;36.25;58.31;68.42;155.23;74.92
"2014-04-15";8.17;44.58;66.76;32.12;31.68;36.76;59.57;69.15;155.27;76.53
"2014-04-16";8.33;45.37;67.78;31.42;32.2;37.24;60.11;71.39;162.34;77.66
"2014-04-17";8.14;45.64;67.82;31.06;32.13;36.84;59.48;72.32;165.6;77.59
"2014-04-21";8.38;45.51;67.65;31.4;32.19;37.32;59.14;72.37;171.97;78.26
"2014-04-22";8.31;46.18;67.72;31.22;32.53;36.9;58.77;72.36;175.1;81.85
"2014-04-23";8.16;46.22;66.63;31.3;32.56;36.69;58.56;73.56;173.69;82.01
"2014-04-24";8.24;43.11;66.35;32.5;32.9;36.96;58.66;73.04;163.15;81.36
"2014-04-25";8.05;42.28;65.65;32.98;31.18;37.02;59.52;72.04;159.34;81.19
"2014-04-28";8.08;42.48;65.18;32.89;31.69;37.27;59.37;72.31;156.54;80.09
"2014-04-29";8.31;42.38;65.55;33.38;31.89;36.63;59.26;73.14;161.2;81.11
"2014-04-30";8.27;42.67;66.76;33.41;32.04;36.51;59.39;73.71;160.89;81.34
"2014-05-01";8.39;42.59;65.97;32.67;32.09;36.28;59.45;73.75;161.27;81.71
"2014-05-02";8.26;42.53;66.58;32.56;32.56;36.25;56.49;73.77;161.94;81.79
"2014-05-05";8.38;41.93;66.81;32.99;31.86;36.7;56.75;73.66;163.42;81.86
"2014-05-06";8.16;41.37;66.85;33.14;31.47;36.32;56.4;73.7;158.12;81.93
"2014-05-07";8.23;41.47;67.55;33.63;32.16;37.19;57.48;74.1;154.72;82.84
"2014-05-08";8.01;41.49;68.03;34.12;32.22;36.94;57.12;73.92;155.78;82.92
"2014-05-09";8.24;41.24;68.61;33.21;32.58;36.34;56.33;74.25;157.89;82.76
"2014-05-12";8.41;42.34;68.25;33.66;33;36.44;55.76;75.3;160.98;83.46
"2014-05-13";8.33;42.12;67.32;33.65;33.09;36.48;55.61;74.77;155.75;83.07
"2014-05-14";8.18;41.48;67.33;33.69;32.41;36.84;55.98;73.94;152.37;83.06
"2014-05-15";8.17;41.66;67.44;33.55;32.12;36.2;55.52;73.13;152.42;81.93
"2014-05-16";8.17;41.86;67.79;33.48;32.42;36.8;55.81;73.71;153.94;82.07
"2014-05-19";8.36;42.35;68.7;33.7;32.55;35.97;55.49;74.21;155.1;82.84
"2014-05-20";8.27;41.81;67.31;33.84;32.09;36.27;55.57;72.63;150.55;82.08
"2014-05-21";8.32;42.23;67.55;34.27;32.22;36.31;55.92;73.47;152.82;82.57
"2014-05-22";8.57;42.28;67.85;34.81;32.48;36.44;56.3;73.45;157.22;82.67
"2014-05-23";8.74;42.7;68.95;34.5;32.77;36.29;56.03;74.55;161.35;83.81
"2014-05-27";8.92;43.12;69.23;35.63;32.85;36.5;56.52;75.4;164.58;84.12
"2014-05-28";8.89;43.33;69.8;35.61;32.92;36.37;56.12;75.43;161.17;84.09
"2014-05-29";8.84;43.43;69.29;36.4;32.93;36.13;56.23;75.91;160.47;83.96
"2014-05-30";8.62;43.26;68.51;36.04;33.08;36.29;56.86;75.8;158.55;84.14
"2014-06-02";8.55;43.32;69.09;36.46;33.19;37.31;56.48;76.45;159.05;84.18
"2014-06-03";8.85;43.47;69.36;37.01;33.18;37.39;56.73;76.18;156.57;84.19
"2014-06-04";8.77;43.08;69.37;36.95;33.02;37.25;56.85;76.48;160.4;84.11
"2014-06-05";9.25;43.47;69.01;36.98;33.27;37.45;57.63;77.58;162.21;85.21
"2014-06-06";9.23;43.55;70.09;37.35;33.62;37.38;57.36;78.28;169.51;85.71
"2014-06-09";9.35;44.11;71.11;37.51;33.94;37.1;56.86;79.37;168.9;86.58
"2014-06-10";9.21;44.43;71.11;37.22;33.2;37.14;56.7;78.89;163.89;87.42
"2014-06-11";9.07;44.3;70.89;36.73;33.02;36.56;56.05;78.44;164.36;86.41
"2014-06-12";9.1;43.57;70.74;37.76;32.92;36.54;56.41;77.9;161.93;85.21
"2014-06-13";9.03;43.31;71.48;38.36;32.93;36.1;56.58;78.23;161.21;85.47
"2014-06-16";9.2;42.83;70.71;38.37;32.92;36.33;57.51;78.2;161.44;85.26
"2014-06-17";9.47;43.52;70.46;38.38;33.12;36.42;57.37;78.51;160.08;85.54
"2014-06-18";9.4;43.75;70.14;38.6;33.21;37.15;59.04;78.78;162.26;85.33
"2014-06-19";9.28;43.61;70.84;38.5;33.49;35.49;59.62;79.06;159.79;85.43
"2014-06-20";9.23;43.13;71.39;39.02;33.51;34.58;59.77;79.13;159.12;85.64
"2014-06-23";9.05;42.99;71.87;39.29;33.45;35.5;67.02;79.02;156.14;85.56
"2014-06-24";8.78;42.65;71.85;38.51;33.29;35.52;67.93;78.74;157.25;84.7
"2014-06-25";8.71;43.24;72.16;38.14;33.55;36.35;67.98;79.11;155.79;85.23
"2014-06-26";8.88;43.42;72;38.13;33.47;36.11;68.87;78.93;158.18;84.81
"2014-06-27";9.1;43.39;72.47;38.37;33.57;35.96;69.54;79.54;157.02;85.02
"2014-06-30";8.84;43.99;72.8;38.88;33.73;36.17;69.75;79.81;158.17;85.88
"2014-07-01";8.87;44.6;73.45;38.81;33.74;36.05;68.97;80.3;160.1;86.75
"2014-07-02";8.77;44.08;72.82;38.88;33.54;35.69;67.76;79.8;156.64;86.98
"2014-07-03";8.95;44.84;73.75;39.14;33.81;34.84;67.17;80.64;158.58;87.07
"2014-07-07";8.68;44.61;73.38;38.54;33.56;35.16;67.62;79.56;154.28;86
"2014-07-08";8.56;44.18;73.05;36.52;33.38;35.63;68.21;78.99;147.86;85.46
"2014-07-09";8.7;43.89;73.39;37.55;33.4;35.66;67.94;78.93;147.63;85.81
"2014-07-10";8.77;43.55;72.83;37.08;32.93;35.61;68.39;78.21;146.79;85.01
"2014-07-11";8.99;43.14;73.05;36.7;33.06;35.45;67.89;78.13;147.02;85.38
"2014-07-14";8.86;43.09;73.89;37.22;33.13;35;67.37;78.56;145.93;85.8
"2014-07-15";8.73;43.48;73.54;37.35;32.43;35.08;67.55;78.13;145.86;85.32
"2014-07-16";8.76;43.51;72.9;37.75;32.53;35.22;67.8;78.1;144.04;85.42
"2014-07-17";8.6;43.51;71.23;37.14;32.02;35.16;67.25;77.51;139.16;84.49
"2014-07-18";8.62;44;72.71;36.49;32.37;35.56;67.8;78.22;142.43;85.74
"2014-07-21";8.68;44.33;72.97;36.76;32.28;35.84;67.73;78.09;138.76;85.05
"2014-07-22";8.67;44.33;73.73;36.98;32.42;36;67.73;78.73;142.62;82.18
"2014-07-23";9.02;43.6;73.75;37.03;32.4;35.75;67.83;79.47;143.59;83.09
"2014-07-24";9.13;43.85;72.61;36.53;32.34;35.79;68.14;78.59;153.79;83.11
"2014-07-25";9;43.43;71.72;36.48;33.05;35.4;67.51;78.41;151.02;83.14
"2014-07-28";8.93;43.7;71.39;35.8;32.81;35.86;68.62;78.03;148.07;82.34
"2014-07-29";9.05;42.66;71.68;35.51;32.39;35.94;67.69;77.17;148.58;81.06
"2014-07-30";8.94;43.13;70.6;35.47;32.79;36.39;66.23;77.01;149.74;81.07
"2014-07-31";8.82;42.02;69.22;35.29;32.27;35.79;64.29;75.21;143.73;79.34
"2014-08-01";8.74;42.29;69.22;35.21;32.11;35.48;64.86;74.83;143.06;79.43
"2014-08-04";8.84;42.85;69.3;34.98;32.63;35.31;63.93;75.48;143.11;80.22
"2014-08-05";8.89;43.04;68.08;34.82;32.69;35.02;63.34;74.98;141.31;80.02
"2014-08-06";9.05;42.22;67.92;34.59;32.75;34.87;62.55;74.37;141.61;80.27
"2014-08-07";9.2;40.58;67.97;34.76;32.71;35.26;63.15;74.24;143.51;80.29
"2014-08-08";9.46;40.79;68.91;35.71;33.17;35.62;64.3;75.39;143.7;80.84
"2014-08-11";9.36;41.07;69.43;36.33;33.51;35.76;64.31;75.45;145.38;80.46
"2014-08-12";9.08;41.36;69.08;36.01;33.45;35.86;63.94;75.04;145.77;80.63
"2014-08-13";9.18;41.88;70.72;35.72;33.63;35.82;64.7;75.85;143.99;80.78
"2014-08-14";9.11;42.4;71;35.09;33.87;36.29;65.09;76.04;144.61;81.29
"2014-08-15";9.08;42.63;70.94;36.12;33.65;36.44;65.01;75.7;145.93;80.75
"2014-08-18";9.17;43.08;71.52;36.25;34.14;36.38;64.69;76.69;148.17;81.41
"2014-08-19";9.06;43.41;71.87;36.47;34.64;36.8;65.72;76.84;147.15;81.8
"2014-08-20";8.88;43.91;71.92;36.56;34.4;36.88;65.81;77.08;149.08;82.01
"2014-08-21";8.82;44.36;72;36.37;34.49;36.99;65.85;76.89;149.77;82.58
"2014-08-22";8.81;44.1;72.1;35.7;34.47;37.01;65.52;76.53;148.65;82.74
"2014-08-25";8.88;44.13;72.32;35.95;34.33;37.07;66.05;77.29;147.81;82.81
"2014-08-26";8.97;44.63;72.44;36.66;34.39;37;65.41;77.07;148.16;82.26
"2014-08-27";8.89;44.37;72.3;35.65;34.39;37.18;66.12;76.68;145.4;82.07
"2014-08-28";8.86;43.95;72.16;35.91;34.26;37.22;66.84;76.48;142.42;82.01
"2014-08-29";8.9;44.19;72.69;36.25;34.52;37.19;67.26;76.33;144.75;82.45
"2014-09-02";8.82;44.24;72.82;36.06;34.82;37.1;66.35;76.98;146.41;82.89
"2014-09-03";8.7;44.32;72.11;36.22;34.68;37.19;66.89;76.61;145.16;82.71
"2014-09-04";8.58;44.1;71.93;35.21;34.61;37.6;67.16;76.32;143.91;82.96
"2014-09-05";8.51;43.84;72.46;34.75;34.83;37.72;67.86;76.69;146.29;83.3
"2014-09-08";8.69;43.75;72.16;33.7;34.61;37.54;67.64;76.79;146.07;83.13
"2014-09-09";8.55;43.58;70.92;33.7;34.43;37.31;66.66;76.31;144.32;82.81
"2014-09-10";8.59;43.6;71.63;33.46;34.91;36.89;66.68;76.56;147.87;82.82
"2014-09-11";8.62;44.01;71.3;32.83;35.03;36.94;67.33;76.76;157.96;83.26
"2014-09-12";8.59;43.86;71.02;30.87;34.83;36.52;65.97;75.81;159.49;82.54
"2014-09-15";8.52;43.79;70.86;30.12;34.77;36.53;66.61;75.5;156.28;82.54
"2014-09-16";8.5;43.6;71.5;30.52;34.96;36.65;67.06;75.28;156.43;82.87
"2014-09-17";8.54;43.93;71.37;30.39;35.24;36.54;66.84;74.66;157.54;82.75
"2014-09-18";8.48;44.15;71.78;30.35;35;36.44;66.09;75.6;159.58;82.83
"2014-09-19";8.42;43.5;71.01;28.26;34.94;36.6;66.15;74.92;158.94;82.35
"2014-09-22";8.29;42.86;70.5;28.38;35.15;36.12;66;73.78;155.57;81.14
"2014-09-23";8.25;42.17;69.43;28.09;34.74;35.7;65.17;73.48;156.63;80.63
"2014-09-24";8.19;42.37;69.6;27.68;35.15;35.4;64.63;73.81;158.57;80.68
"2014-09-25";8.53;41.52;69.31;26.97;35;35.34;64.28;72.39;157.81;79.57
"2014-09-26";8.6;41.98;70.58;27.23;35.21;35.39;64.31;72.83;157.63;80.03
"2014-09-29";8.64;41.82;70.18;26.58;35.18;35.48;64.21;72.86;155.83;80.26
"2014-09-30";8.51;41.35;69.85;26.76;34.66;35.48;64.22;71.79;155.54;79.94
"2014-10-01";8.39;40.52;68.76;25.47;34.39;35.45;64.44;70.45;152.53;78.05
"2014-10-02";8.32;40.44;72.22;24.85;34.57;35.25;64.55;70.61;149.48;77.72
"2014-10-03";8.38;40.48;76.28;24.3;34.73;35.42;65.01;71.3;152.24;78.1
"2014-10-06";8.36;40.74;77.16;24.84;34.5;35.25;64.77;71.34;150.78;78.02
"2014-10-07";8.25;40.19;75.59;24.9;33.8;34.84;64.84;69.54;146.51;74.43
"2014-10-08";8.48;40.71;75.7;25.29;34.16;35.52;66.08;70.42;150.73;78.61
"2014-10-09";8.27;39.75;73.94;24.11;33.54;35.19;65.41;68.16;146.22;77.1
"2014-10-10";8.16;37.04;72.85;22.83;33.57;35;66.4;67.24;142.12;76.57
"2014-10-13";8.18;36.41;71.65;22.88;32.93;34.95;66.99;65.9;137.6;75.8
"2014-10-14";8.43;36.58;71.97;22.86;33.36;34.82;68.11;67.79;138.78;76.35
"2014-10-15";8.51;37.26;71.8;23.01;33.49;34.44;68.61;67.23;139;76.52
"2014-10-16";8.31;37.51;71.8;22.94;33.4;35.97;67.87;68.66;138.61;76.87
"2014-10-17";8.25;38.71;72.32;23.06;34.14;36.41;68.08;69.55;142.67;77.94
"2014-10-20";8.36;39.23;72.88;23.06;34.71;36.79;68.8;70.09;142.53;78.64
"2014-10-21";8.39;40.64;75.52;24.53;35.37;36.79;68.3;72.86;147.44;85.3
"2014-10-22";8.22;39.92;76.88;23.7;35.14;36.88;68.72;71.43;143.42;83.05
"2014-10-23";8.36;41;77.32;24.14;36.75;37.57;69.02;72.99;146.89;84.49
"2014-10-24";8.4;41.63;78.54;23.69;37.63;38.1;69.4;72.63;148.32;85.21
"2014-10-27";8.39;41.38;78.55;22.61;38.11;38.63;69.81;72.6;148.3;85.07
"2014-10-28";8.46;42.59;80.07;23.28;38.49;38.73;70.12;74.11;151;87.04
"2014-10-29";8.39;42.44;79.57;22.89;38.32;38.48;69.77;73.85;149.94;86.94
"2014-10-30";8.39;41.98;79.75;22.68;38.81;39.33;72.25;73.59;161.23;87.56
"2014-10-31";8.35;43.09;80.46;23;39.09;39.44;72;74.63;161.09;88.4
"2014-11-03";8.37;42.88;80.35;22.26;39.62;39.58;72.14;74.57;160.76;88.11
"2014-11-04";8.36;42.91;82.75;20.29;39.51;39.5;71.67;73.7;160.94;87.52
"2014-11-05";8.38;43.44;82.28;21.23;39.43;40.04;73.33;74.05;159.92;88.5
"2014-11-06";8.42;43.5;83.25;21.71;39.78;39.46;71.67;74.47;159.04;88.55
"2014-11-07";8.32;43.52;82.72;21.77;39.78;40;71.33;74.71;159.09;88.27
"2014-11-10";8.63;43.42;84.08;21.76;40.52;40.28;71.97;75.24;159.98;88.61
"2014-11-11";8.53;43.68;84.12;21.6;40.99;40.37;72.17;75.6;160.63;88.81
"2014-11-12";8.37;43.89;84.25;21.27;41.14;39.12;71.13;76.18;162.01;89.67
"2014-11-13";8.34;42.14;84.06;20.65;40.54;38.57;70.64;75.52;160.07;89.34
"2014-11-14";8.29;42.7;83.23;20.78;40.48;37.83;70.91;75.94;160.57;89.11
"2014-11-17";8.21;43.02;83.52;21.01;40.93;37.86;71.87;76.31;159.34;89.56
"2014-11-18";8.23;44.02;83.44;21.3;40.74;38.24;72.32;76.79;162.61;90.19
"2014-11-19";8.16;43.16;83.1;20.69;41;38.5;72.45;76.13;163.38;90.03
"2014-11-20";8.13;43.35;83.53;20.79;40.73;38.56;72.45;76.29;165.98;90.41
"2014-11-21";8.15;43.69;83.7;21.36;40.87;38.86;72.43;76.92;167.65;89.96
"2014-11-24";8.3;43.74;85.36;20.74;41.37;38.98;72;77.4;168.82;90.71
"2014-11-25";8.34;43.81;85.05;20.71;41.42;38.12;71.78;77.58;169.03;90.44
"2014-11-26";8.37;43.62;85.66;15.99;41.74;38;71.87;77.27;168.73;90.5
"2014-11-28";8.38;43.79;86.34;14.66;41.78;37.99;72.84;76.52;170.26;89.16
"2014-12-01";8.26;43.57;83.3;13.92;41.38;37.89;73.57;75.43;166.97;88.05
"2014-12-02";8.36;43.75;85.03;13.38;41.62;38.17;74.01;75.78;168.13;88.64
"2014-12-03";8.33;45.05;85.71;13.31;41.69;38.67;74.24;76.86;167.98;89.87
"2014-12-04";8.33;44.51;84.83;12.33;41.6;38.81;75.14;76.51;166.48;89.31
"2014-12-05";8.42;44.77;84.54;12.32;41.45;38.84;74.87;76.66;167.3;89.57
"2014-12-08";8.42;44.44;82.84;11.57;41.39;38.64;75.55;76.36;164.55;88.17
"2014-12-09";8.55;44.62;83.49;12.17;41.61;39.12;76.03;76.69;164.96;88.04
"2014-12-10";8.33;43.36;81.69;11.31;41.15;38.46;75.58;74.91;167.05;86.33
"2014-12-11";8.29;43.5;81.67;11.21;41.6;39;75.84;75.27;169;86.62
"2014-12-12";8.18;42.85;79.21;11.06;41.48;38.74;74.26;74.28;167.52;85.78
"2014-12-15";8.86;42.13;78.72;10.66;41.39;38.52;74.34;72.97;168.42;85.97
"2014-12-16";8.7;41.85;77.25;11;41.31;39.03;74.91;73.34;171.16;86.13
"2014-12-17";9.33;42.59;79.19;12.16;42.01;39.27;75.68;74.17;176.25;88.77
"2014-12-18";9.46;43.54;81.13;12.36;42.3;39.61;76.68;75.94;182.35;90.08
"2014-12-19";9.6;43.51;81.28;12.6;42.06;39.6;76.58;76.72;185.16;89.64
"2014-12-22";9.79;43.57;81.68;11.89;41.57;40.14;77.2;77.2;187.02;90.17
"2014-12-23";9.42;43.68;81.65;11.86;42.21;40.36;76.79;77.93;187.05;91.08
"2014-12-24";9.63;43.83;81.91;11.9;42.4;40.73;78.3;77.8;185.62;91.12
"2014-12-26";9.65;43.86;81.48;12.06;42.56;40.75;79.83;78.11;188.39;91.3
"2014-12-29";9.78;44.06;81.69;11.91;42.95;41.97;80.62;78.43;184.85;91.18
"2014-12-30";9.85;43.59;80.95;11.93;42.79;41.02;79.18;78.03;183.92;90.78
"2014-12-31";9.99;43.02;80.71;11.94;42.61;40.43;77.85;77.54;183.63;90
