"";"AAPL";"AXP";"BA";"CAT";"CSCO";"CVX";"DD";"DIS";"GE";"GS";"HD";"IBM";"INTC";"JNJ";"JPM";"KO";"MCD";"MMM";"MRK";"MSFT";"NKE";"PFE";"PG";"TRV";"UNH";"UTX";"V";"VZ";"WMT";"XOM";"GSPC"
"2014-01-02";77,0857;87,93294;132,73145;86,11357;21,17577;118,69955;61,59798;75,31277;26,3203;174,04845;79,87478;179,87035;24,81945;87,95853;56,32035;39,15192;92,39287;134,02574;47,63784;35,914;77,07521;29,16723;76,90447;86,86574;73,1196;109,52658;54,73925;45,83768;76,52207;96,27496;17,7667
"2014-01-03";75,39245;88,21802;133,65407;86,06566;21,15652;118,90034;61,66566;75,15479;26,30116;175,28821;79,74818;180,94647;24,80983;88,75085;56,75574;38,95934;92,51745;134,33623;47,86885;35,67238;76,86834;29,22469;76,81853;86,70043;73,63928;109,92578;54,7764;45,29511;76,26994;96,04333;18,0361
"2014-01-06";75,80357;88,1787;134,42131;84,93497;21,1854;118,58481;60,87284;74,86842;26,0906;176,4886;78,97884;180,326;24,50187;89,21466;57,08471;38,77639;91,85619;133,5406;47,87848;34,91853;76,27728;29,25342;76,99995;86,46705;72,79601;109,81868;54,44699;45,54769;75,84325;96,1881;18,1568
"2014-01-07";75,26144;87,84447;136,46078;85,21286;21,47416;119,5888;60,26373;75,3819;26,11931;175,42595;79,36839;183,92284;24,62698;91,10853;56,42678;38,89194;92,36411;133,56;48,23463;35,18914;76,33638;29,43535;77,74474;85,9614;75,02187;110,51971;54,86309;46,11832;76,07599;97,54897;18,2683
"2014-01-08";75,73806;88,12044;136,76186;85,41408;21,45491;117,8868;61,03721;74,27596;26,04274;175,57355;79,78714;182,23592;24,473;90,98292;56,95893;38,45863;91,43453;132,57031;47,92661;34,56094;75,94233;29,63644;76,61801;85,16402;74,14918;110,65603;55,03894;45,863;75,47475;97,23047;18,2868
"2014-01-09";74,77088;87,59808;138,0341;85,96025;21,2624;117,8868;61,82035;73,95997;26,05231;174,55025;79,43655;181,66391;24,35751;91,53368;56,8525;38,25642;91,48244;132,39566;47,66671;34,33865;75,94233;29,61729;76,78989;85,26125;74,60023;110,71444;54,96216;44,91737;75,72688;96,28461;18,2776
"2014-01-10";74,27197;87,27284;137,81073;86,72681;21,38753;115,70673;61,43362;74,44382;25,80347;175,52435;79,86504;181,54756;24,56923;91,54334;56,59126;38,64158;91,80828;132,13367;48,01324;34,83155;75,77486;29,38747;76,67531;85,07649;73,24706;110,83128;54,76897;45,15378;75,6784;97,01814;18,3054
"2014-01-13";74,66079;85,73534;136,64531;86,13273;21,35866;114,02386;60,58279;72,35043;25,58333;173,05469;78,85225;178,54213;24,54036;91,31144;55,82691;38,06384;90,8787;130,67824;51,13198;33,80709;74,06077;29,24384;76,3984;83,95821;72,50185;109,82842;54,21665;44,47292;75,14503;95,11677;18,4354
"2014-01-14";76,14639;85,86346;135,97519;86,77472;21,57041;114,32983;61,44329;73,51562;25,81304;173,76312;78,8912;180,24844;25,51235;91,52402;55,86561;38,2179;91,25245;133,32713;51,01647;34,58027;74,05092;29,68432;77,21957;85,0376;72,58029;109,6629;55,14544;44,52021;75,60081;95,66691;18,2868
"2014-01-15";77,67521;86,97717;136,56761;88,5474;21,92655;113,95692;61,61732;73,34775;26,16717;175,87857;78,94963;182,01292;25,66633;91,60133;57,5588;38,28531;91,48244;134,32652;50,55444;35,52741;74,30704;29,85668;77,14319;85,45573;73,38434;111,06496;55,42036;45,64551;75,3099;95,33875;18,4076
"2014-01-16";77,24179;86,51394;136,16945;88,7403;21,92655;113,62227;61,8687;73,27863;26,03317;172,35608;79,13466;183,0018;25,54123;91,44672;57,07503;38,23716;92,05744;134,05486;50,53519;35,65305;73,67657;29,8471;76,92357;84,83339;71,3448;111,21101;54,92748;45,89137;74,43713;95,49318;18,3426
"2014-01-17";75,34924;89,65794;136,41223;88,19054;21,88805;114,0621;61,8977;73,05152;25,43977;173,44824;78,88146;184,29123;24,87719;91,85255;56,2236;37,82311;90,97453;133,2301;50,00577;35,16015;72,29742;29,7705;76,27426;84,08463;71,10947;111,20127;57,50581;45,72115;73,88438;95,70552;18,5283
"2014-01-21";76,51988;89,28341;137,58736;87,38039;21,97468;115,08521;61,61732;73,26875;25,16221;170,41772;78,35558;182,68187;24,62698;90,8573;56,28165;38,43937;91,11828;132,91962;49,89026;34,95719;72,65206;29,90456;76,56072;82,65519;71,73702;111,96072;57,44389;45,1065;73,54497;95,0685;18,4354
"2014-01-22";76,85993;89,81562;140,20955;86,45451;21,9843;115,15215;60,93085;74,36482;24,87508;170,89001;78,10238;176,6904;24,35751;91,13751;55,72048;38,42012;90,92661;132,42476;49,42822;34,72524;72,40578;29,94286;76,22592;82,22733;71,97235;113,06096;57,70643;44,75662;73,0698;94,47011;18,4731
"2014-01-23";77,51077;87,8839;137,23773;85,33574;21,71479;113,20155;59,70296;73,85135;24,71237;168,00708;78,14133;177,15575;24,18429;89,61082;54,63684;37,7846;91,34828;130,70737;49,66887;34,85088;71,64725;29,69389;75,27345;80,77843;71,77624;111,81467;56,53244;45,2578;72,6916;93,59181;18,4072
"2014-01-24";76,1018;85,69591;132,71202;83,10782;21,36828;111,19358;57,98197;71,80733;23,87969;164,94704;77,08959;174,16002;23,87633;87,5527;53,30164;37,39943;90,49536;126,35077;50,03465;35,57573;70,58332;28,81294;76,17781;79,3587;70,20736;108,85477;54,79869;45,04031;72,16794;91,54566;18,4166
"2014-01-27";76,71918;84,48366;133,40157;88,04588;21,17577;111,32745;58,24302;71,34323;23,99454;162,04443;76,87534;172,47308;23,78972;86,9053;53,30164;37,29351;90,15037;125,12821;50,56406;34,82188;70,82961;28,40119;75,49474;80,01994;70,25639;110,79234;53,55287;45,09704;71,90611;91,61323;18,4449
"2014-01-28";70,58721;85,39038;133,13934;89,18394;20,93514;111,71947;57,59523;71,96532;24,36782;163,57938;76,4858;171,45514;23,96294;87,05991;53,93054;37,42831;90,25578;125,95295;50,89134;35,05384;71,62754;29,12893;76,11047;80,8076;70,31522;110,8605;54,72687;44,78498;72,41038;92,31779;18,6142
"2014-01-29";69,78588;84,31611;126,04001;87,39969;20,83889;110,91629;58,69743;70,43478;24,20511;161,26712;74,67445;171,01884;23,75122;85,9004;53,72735;36,49429;89,2687;126,37988;50,25604;35,43076;70,70153;28,83209;74,6962;79,94215;69,87398;110,28603;53,77578;45,09704;71,85763;91,79661;18,5483
"2014-01-30";69,6507;85,37067;122,88367;89,888;21,15652;111,34657;59,49992;72,30106;24,4061;163,17595;74,91791;171,94957;23,80896;86,48015;54,18209;36,75428;89,89162;124,24525;51,50739;35,62406;72,83923;29,51196;73,9554;80,08801;71,38403;111,65889;54,70705;45,04031;72,48795;90,71562;18,6236
"2014-01-31";69,76498;83,79375;121,65027;90,57278;21,08915;106,7378;58,98749;71,69871;24,05197;161,48358;74,84;171,2903;23,61649;85,4849;53,56287;36,41726;90,24619;124,38109;50,9876;36,5712;71,76546;29,10978;73,71488;79,0378;70,87414;111,01627;53,3572;45,4091;72,42007;88,94938;18,4449
"2014-02-03";69,89458;81,6649;119,53309;89,13572;20,74263;106,26928;58,0013;69,11159;23,30543;157,25267;73,12603;167,62561;23,04869;83,85192;52,54696;35,82026;89,14411;120,21856;50,13091;35,2568;69,82478;29,30129;72,82976;78,04594;69,36409;107,25797;52,87176;43,88663;70,4612;86,91289;18,4166
"2014-02-04";70,90636;82,78846;118,52306;89,21288;20,98326;105,97287;59,5676;70,15829;23,516;159,1615;73,00918;167,56744;22,92359;83,69733;53,16618;36,08987;89,2112;122,95477;51,50739;35,13115;69,4603;30,10564;73,20497;78,13346;69,13857;106,22589;53,13677;44,27435;70,52909;86,88393;18,2944
"2014-02-05";71,43594;82,5125;117,9015;88,69206;21,15652;104,72028;59,84798;70,85938;23,46814;157,84302;73,29159;168,92476;22,85072;84,33505;53,41774;36,21505;89,68079;123,57575;51,52664;34,61893;69,54895;29,5939;73,55132;78,22098;69,44254;105,06725;53,40179;44,15141;70,66485;86,45926;18,3038
"2014-02-06";71,85232;84,45409;119,1349;90,49561;21,64742;106,39358;60,87284;74,61169;23,87969;159,15166;74,16805;170,26997;23,30734;85,75546;54,64651;36,61947;90,98412;125,06998;51,75766;34,96686;70,44541;29,77736;73,98426;78,46408;69,49156;106,56667;54,24389;44,14196;70,61636;87,28546;18,3884
"2014-02-07";72,85753;85,74519;123,35954;91,49866;21,82067;107,1394;61,3466;74,72031;24,1094;159,32877;74,45046;172,78499;23,52108;87,00193;54,78197;36,54244;91,92328;126,4575;52,72023;35,33412;71,60784;30,14426;74,37871;78,64884;69,97203;107,81295;54,92996;44,26489;71,51822;88,04362;18,4543
"2014-02-10";74,16277;87,06586;123,49551;91,14181;21,97468;106,79518;61,3466;76,09286;23,9754;158,41371;74,41151;172,67776;23,59881;87,99718;54,89808;37,13944;90,90745;125,84621;52,83574;35,56607;71,58813;30,38565;75,07141;80,07829;68,38354;108,66003;54,62532;44,35945;71,52792;87,01329;18,4825
"2014-02-11";75,13993;87,30241;126,40906;91,58546;21,85917;108,60235;62,15876;76,8137;24,3391;161,74925;74,69392;175,17326;23,77369;89,83307;55,56567;37,20685;91,36745;127,08818;53,61543;35,92366;72,87864;30,78152;75,8507;80,91457;69,24643;109,9842;55,06618;44,64314;72,53645;88,29633;18,5953
"2014-02-12";75,13432;87,73605;125,1394;92,75246;21,99393;108,07178;61,83744;76,9322;24,30082;160,87355;75,25875;175,69968;23,85141;89,30162;55,65275;37,08167;90,9362;127,39584;52,94162;36,2136;73,0067;30,52083;74,55189;79,99078;68,87381;110,38549;55,62198;44,79444;72,6916;88,52962;18,5013
"2014-02-13";76,3274;87,61779;126,47742;92,69459;21,43566;108,53482;62,29507;76,92232;24,34867;161,42455;75,56065;177,25935;23,99714;89,4369;56,14619;37,21648;91,48244;127,10284;53,03788;36,34891;73,75539;30,60773;74,85014;80,59367;69,82494;110,89445;55,59221;44,73771;73,0795;88,86981;18,5107
"2014-02-14";76,26572;87,71635;127,12202;93,11896;21,71479;109,47055;62,80137;78,23563;24,6358;161,09001;75,89175;179,06276;24,05544;89,63016;56,2623;37,48609;91,78912;129,03662;53,36515;36,35857;73,95241;30,83946;76,38947;81,70222;72,09001;111,45235;56,07605;43,9812;73,49648;91,47477;18,5619
"2014-02-18";76,54611;87,73605;127,58105;93,12859;21,57041;108,72775;63,00584;78,58124;24,54966;162,00507;75,54117;178,57536;24,05544;89,06006;56,59126;36,08024;92,01911;128,72411;53,6058;36,43647;74,09032;30,78152;75,01369;82,04257;72,39399;111,32511;56,09093;43,48001;73,05041;91,43589;18,6424
"2014-02-19";75,33762;87,55865;125,39333;92,79104;21,44528;109,58631;62,5677;77,88015;24,31039;160,63739;74,45046;178,3414;23,80283;88,54794;55,40119;35,72396;91,5687;127,51303;52,98013;36,5241;73,70613;30,39531;75,17725;81,6925;72,11944;111,61874;55,55003;44,00011;72,58493;91,31924;18,68
"2014-02-20";74,46559;87,7262;126,53603;93,47581;21,46453;110,55098;63,62899;78,19613;24,25246;161,85748;75,45353;179,61839;24,036;89,26297;55,7108;35,91655;91,76036;128,4897;53,72131;36,7578;74,45482;30,46289;74,96558;81,49801;72,0508;112,6073;55,44582;45,50366;71,29517;92,69949;18,6424
"2014-02-21";73,63843;87,46996;125,2859;94,03519;21,3009;108,69881;63,16163;79,12433;24,07868;161,85748;75,70673;178,18542;23,72511;89,06833;55,73983;35,801;92,43119;128,49947;53,93307;36,98175;75,34142;30,37599;75,01369;81,47857;72,37437;112,93029;55,421;44,69988;70,90729;92,369;18,7606
"2014-02-24";73,96088;88,62308;126,56532;93,86159;21,29128;110,11687;62,87927;79,7168;24,41659;163,8647;75,83333;178,82881;23,92913;88,66932;56,14619;36,10913;92,47911;129,11476;54,07746;36,69937;76,68117;30,88773;74,90786;81,13822;74,53159;114,01672;56,12319;43,71642;71,13032;93,73952;18,727
"2014-02-25";73,1912;88,61323;123,82091;92,98393;21,02177;110,90791;63,21031;79,20332;24,39728;160,85387;78,86198;178,61435;23,91942;88,66932;55,17866;36,36911;92,59412;129,82771;53,81757;36,55331;76,94715;30,79118;75,158;81,04098;73,855;113,42947;56,35147;43,77316;71,13032;93,61316;18,6236
"2014-02-26";72,53087;88,43582;123,65488;93,74585;21,1084;111,42883;63,78477;79,07496;24,42624;160,72552;79,56315;179,42345;24,0943;88,66932;54,90775;36,4654;91,89453;129,75935;54,16409;36,48516;77,25253;30,88773;74,90786;81,12849;74,58061;113,64479;56,10334;43,8299;72,51704;93,10773;18,7082
"2014-02-27";73,97771;88,98774;125,55936;93,26362;21,09877;111,60247;64,26187;79,46994;24,61934;163,27266;79,82609;180,60297;24,05544;88,91262;54,84969;36,65799;91,89453;131,20482;54,5395;36,86491;77,09443;31,11946;75,22535;81,53691;74,54139;114,13418;56,14552;44,91737;72,3037;93,15632;18,7402
"2014-02-28";73,77722;89,96346;125,91096;93,52403;20,98326;111,25519;64,86555;79,79579;24,59037;164,32901;79,88452;180,50548;24,05544;89,65227;54,97548;36,78317;91,96219;131,58571;54,85715;37,30308;77,37112;31,0036;75,67753;81,52718;75,76707;114,53547;56,06116;44,99302;72,43947;93,57428;18,7458
"2014-03-03";73,99033;88,67236;125,2273;92,88748;20,76188;110,78249;64,15477;78,46274;24,25246;162,64081;79,85531;179,61839;23,80283;89,10726;54,38528;36,70613;91,15999;129,12453;54,30848;36,78701;76,47191;30,87808;74,54227;80,88539;75,60039;114,281;54,9446;44,73771;71,87702;92,82584;18,633
"2014-03-04";74,47821;91,27428;127,19038;93,57225;21,00252;111,24554;65,48869;80,6845;24,76416;166,57996;80,70255;181,74348;23,9097;90,83958;55,40119;36,88909;91,79788;129,58356;54,92453;37,40045;77,68732;31,56361;75,47549;81,78974;76,61035;115,09337;55,95198;45,29562;72,85645;93,81728;18,68
"2014-03-05";74,63523;90,81106;125,78399;92,94535;21,05064;110,38699;65,46922;81,64233;25,03449;169,70956;80,74151;182,42586;23,80283;90,10966;56,27198;36,9276;91,83654;130,72626;54,75127;37,10833;76,50155;31,62155;74,86938;82,04257;76,47308;114,9172;55,28453;44,8039;72,53645;91,17345;18,633
"2014-03-06";74,40951;92,17115;125,85236;94,13164;21,00252;110,79214;65,72237;82,29404;25,31447;170,40065;80,25459;182,91325;23,92913;90,40163;56,98795;37,04315;92,37778;130,95088;55,11704;37,14729;77,29206;31,34154;75,10027;82,56102;76,12988;115,25977;55,54506;44,87955;72,61402;91,13457;18,6336
"2014-03-07";74,36604;92,50625;125,53983;93,60119;20,91589;111,01402;65,46922;81,17822;25,22758;172,03949;80,39092;182,95224;23,93885;90,82011;57,47172;37,12019;92,30046;130,98019;55,31918;36,90385;78,51735;31,31257;75,40814;82,10126;75,89455;115,79808;55,96687;44,5864;72,7897;92,33012;18,6612
"2014-03-10";74,43334;92,34856;123,92834;93,31184;20,87739;111,74716;65,57632;80,94124;25,14069;171,29906;80,03059;181,69475;24,13316;90,94663;57,27821;37,21648;92,01051;130,44302;55,1748;36,82595;78,04305;31,27395;75,55245;81,95453;76,36521;115,26955;55,95198;44,47292;72,6433;92,82584;18,5859
"2014-03-11";75,15816;91,85577;122,73682;93,39864;20,80038;110,46416;64,27161;80,03278;25,00552;167,72519;79,61923;182,05542;24,02629;90,98556;56,301;37,36091;95,47057;129,41753;54,56837;37,0207;77,86519;31,30292;75,95653;81,75889;76,26716;113,18477;56,36883;44,16087;73,12154;91,37757;18,6612
"2014-03-12";75,23106;91,5601;121,52576;93,37936;21,00252;111,56388;64,68055;80,35864;24,87036;167,55736;78,90423;181,52904;24,05544;91,09261;56,03976;37,33665;95,40292;129,47614;54,68388;37,26413;78,03316;30,87808;76,23553;81,61215;76,36557;113,35116;56,10086;43,83936;73,7169;91,57197;18,7214
"2014-03-13";74,39548;89,38197;119,04504;92,21236;20,71376;110,40627;63,97951;78,92684;24,46486;164,57584;77,1804;179,26747;23,87084;90,50869;55,556;36,85138;94,10781;127,75719;54,12123;36,89412;77,59838;30,04771;76,18743;80,79045;75,78496;110,49316;54,78084;43,5273;73,1313;91,01793;18,8305
"2014-03-14";73,55991;88,86947;120,23657;92,00018;20,55013;110,06864;64,03793;79,06509;24,24281;163,24304;77,74848;177,62006;23,80283;90,32378;54,95612;37,04549;94,31078;126,80007;54,03392;36,70911;77,39088;30,15392;75,9854;80,85893;74,4958;110,20931;54,77836;43,57458;72,4969;90,85269;18,8305
"2014-03-17";73,84732;89,94376;122,49265;92,27023;20,70413;111,00437;64,63186;80,36852;24,55176;164,71405;77,94437;181,12935;23,99714;91,41377;55,7108;37,14254;94,3301;129,18314;54,57717;37,04991;78,04305;30,33737;76,81278;81,71976;75,53893;111,98089;55,52521;43,79208;72,88731;91,67889;18,9057
"2014-03-18";74,50064;90,26899;121,14487;92,98393;20,81963;112,13303;65,0408;80,96098;24,76416;165,94812;78,17944;182,10417;24,11373;91,42351;56,17522;37,26871;94,04981;129,64217;54,67418;38,51048;78,69521;30,8298;76,74544;82,12082;76,75921;112,24516;56,17778;44,16087;72,97514;92,05797;18,8399
"2014-03-19";74,48101;89,42139;119,38687;92,62708;20,81963;111,12978;64,33002;79,50943;24,40694;166,03697;78,11088;180,05707;24,30804;91,08288;56,40743;37,01637;92,88036;128,16739;54,31525;38,23785;78,21103;30,61738;75,79298;81,38716;78,68803;111,58938;55,53514;43,83936;72,5945;91,10542;18,8117
"2014-03-20";74,12211;90,36755;120,8421;92,79104;21,01214;111,42883;64,8266;79,79579;24,39728;167,06372;78,44389;183,1667;24,70637;91,59869;58,15867;37,31724;93,3636;129,33939;53,92721;39,26999;78,32961;30,81049;75,35042;81,41651;80,23306;111,35447;55,03889;44,64314;73,5705;91,93161;18,7647
"2014-03-21";74,70673;90,2;119,71894;93,9291;20,82926;111,54459;65,21606;79,34157;24,52279;164,82265;78,76711;181,9677;24,45377;93,3602;58,21672;37,30753;92,27146;130,01329;53,02503;39,10445;74,31777;31,07119;74,9271;81,95453;80,04607;112,13749;55,42348;44,35945;74,27322;91,66917;18,7741
"2014-03-24";75,59277;89,69736;120,53933;93,40829;20,76188;111,75681;64,73896;78,49236;24,53245;163,60832;78,02274;183,50789;24,40519;92,64975;59,08751;37,26871;92,95768;129,32962;52,17135;39,43552;73,97192;30,40496;76,29327;82,03278;79,98703;111,3349;54,7734;44,45401;74,91737;91,98993;18,8211
"2014-03-25";76,40591;89,52981;121,12533;95,08646;21,50303;112,953;65,45948;78,55161;24,81243;161,1698;77,83664;190,12685;24,73551;94,77135;58,95205;37,48223;92,69672;130,93135;53,53918;39,27972;72,77628;30,72359;76,78392;82,19908;79,80989;112,75411;54,1903;44,6526;75,02473;92,25237;18,8023
"2014-03-26";75,67548;88,36683;120,64677;94,32454;21,48378;113,55109;64,75844;77,63329;24,7352;159,66916;77,24897;187,76781;24,65779;94,4502;57,95549;37,47253;92,62907;129,98399;54,34435;38,74418;72,35138;31,07119;76,48568;81,61215;80,2429;112,14728;53,51541;44,45401;74,4001;92,04825;18,9655
"2014-03-27";75,35023;88,69206;120,33424;94,95143;21,19502;113,5125;64,81686;77,49504;24,91863;160,22202;77,06287;185,0481;24,58978;94,67403;57,97484;37,67634;92,93835;129,73982;54,06302;38,32548;72,4502;30,99394;76,62999;81,67085;79,73116;111,38384;53,53774;45,09704;74,31226;93,54512;18,9057
"2014-03-28";75,26612;89,15529;121,55506;95,85803;21,49341;114,31319;64,86555;77,99863;24,98621;160,2319;77,10205;185,65247;24,89096;94,82975;58,09095;37,80251;93,98216;131,06808;54,30555;39,24077;72,66758;30,78152;76,73582;82,15995;80,32162;112,37239;52,62464;44,84172;74,18538;94,96424;19,0092
"2014-03-31";75,24928;88,73149;122,56102;95,83875;21,58004;114,7087;65,3329;79,06509;24,99587;161,76216;77,50362;187,6411;25,07556;95,59859;58,73919;37,52105;94,7457;132,49402;55,07192;39,91264;72,98379;31,01325;77,54397;83,24577;80,68574;114,35929;53,56007;44,98357;74,59529;94,9448;18,9528
"2014-04-01";75,93765;89,85505;125,21754;96,2631;22,4246;114,79552;65,97552;80,54626;24,97656;163,80577;77,74848;189,60045;25,25043;95,31636;58,70049;37,27842;94,62005;133,3437;54,68388;40,33133;73,5075;30,84911;77,29382;82,55123;80,53812;115,41636;53,27224;45,15378;74,92713;94,99341;19,028
"2014-04-02";76,06384;89,32149;125,3152;98,98289;22,31782;115,13315;66,32604;80,645;25,14069;165,13858;78,30676;188,67439;25,15328;95,59859;58,88549;37,20078;94,32043;132,82608;54,77119;40,26317;73,65572;31,1774;77,09179;82,80557;80,31178;117,32497;53,26232;45,21997;75,32729;95,20724;19,1221
"2014-04-03";75,5367;89,89457;125,77423;98,90574;22,41489;114,83411;66,21894;80,66476;25,32413;163,9736;77,76807;187,83604;25,65848;95,62778;59,06074;36,94843;94,38809;132,96281;54,52867;39,93211;73,11224;31,28361;77,06293;83,12838;80,9416;117,22708;53,34916;45,50366;75,60057;95,18781;19,1879
"2014-04-04";74,55952;88,10616;124,40691;98,53924;22,046;114,60258;65,56657;79,42056;25,12138;161,15993;77,10205;186,93922;25,4156;95,78349;58,23315;37,09402;94,59106;132,68935;54,44136;38,82207;71,97588;31,05188;76,74544;83,34358;80,23306;115,67085;51,53538;45,42801;75,45417;94,63377;19,2443
"2014-04-07";73,38888;85,56682;122,65868;97,51691;22,18191;113,19417;65,00185;78,13688;24,95725;156,53955;75,54472;189,61995;25,73621;95,26769;57,4445;37,48223;93,75987;131,26341;53,53918;38,75391;69,98973;30,12495;77,43814;83,14794;79,79021;113,71331;50,47092;45,50366;75,45417;94,07;19,2349
"2014-04-08";73,38467;85,45813;121,2523;98,75142;22,26928;113,63792;65,03107;78,57136;24,8607;154,56503;75,52514;188,42093;26,14425;95,43314;57,29846;37,75398;94,79402;131,69315;53,39367;38,77339;72,05494;29,80633;78,26553;82,88383;79,3769;113,31201;50,26746;46,09648;76,30328;94,72124;19,2726
"2014-04-09";74,34923;87,66153;123,91857;99,33009;22,44402;114,89198;65,74184;79,46007;25,0538;156,14465;76,16178;191,68654;26,21226;96,29929;57,70739;37,84133;95,05497;132,66982;55,39204;39,40631;72,68734;30,15392;78,40022;83,95007;80,09528;114,55505;51,49567;45,87656;76,09833;94,60461;19,376
"2014-04-10";73,39028;84,34161;120,7542;98,62605;21,98776;112,56714;64,71949;76,53722;24,69658;153,99243;75,20192;190,75072;25,67791;93,95386;55,88669;37,74428;96,09879;130,84346;54,17943;38,32548;71,59051;29,55528;78,01539;83,13816;78,71755;112,1277;50,00941;45,38892;75,04425;94,07;19,4889
"2014-04-11";72,84772;83,5314;119,22084;97,84483;21,80331;112,89512;64,34949;76,04349;24,55176;150,77397;74,14412;190,27307;25,43503;94,27502;53,84205;37,49194;95,96349;129,30032;54,24734;38,17942;70,40475;28,83113;77,69791;83,44141;77,69409;111,51108;48,78864;45,00646;74,66361;94,01169;19,376
"2014-04-14";73,13792;84,47994;120,37331;99,12756;22,18191;114,50611;64,83633;76,64584;24,82208;152,76823;74,40857;192,78809;25,80421;94,53778;53,51102;37,58899;96,75601;130,04259;53,90781;38,15021;71,52134;28,84078;77,746;83,63705;77,92044;112,49963;49,87543;45,19769;75,52248;95,11977;19,3981
"2014-04-15";72,6164;85,0135;121,36949;98,85751;22,22074;116,04959;65,13817;76,68533;24,92829;152,94594;74,33022;192,05698;26,00824;96,54259;53,35524;38,99627;97,45189;130,96065;54,37345;38,70523;71,42253;28,86009;77,77486;84,01855;78,24519;113,38052;50,62973;44,86303;75,03448;95,9168;19,4231
"2014-04-16";72,7636;86,35728;123,09818;99,85676;22,35665;117,52553;65,93658;77,95914;25,21793;155,21663;75,00603;191,45259;26,16368;96,10465;53,8031;39,3942;97,45189;133,57811;54,57717;39,33815;72,2328;29,0532;78,55416;84,88916;76,94619;115,56318;51,94726;45,03514;75,36633;97,14153;19,5171
"2014-04-17";73,59497;85,19135;124,9343;99,75975;22,53138;119,31017;65,21606;78,98608;25,64273;155,43382;75,50555;185,22356;26,27056;96,30903;53,76416;39,52037;96,89132;134,5157;54,78089;38,95839;73,15177;29,20769;78,65999;84,79134;74,57452;116,05257;51,59741;45,51322;75,79577;97,60808;19,5924
"2014-04-21";74,4684;85,63599;124,83664;99,57542;22,71583;119,85038;65,26474;78,11713;25,67169;155,78925;76,35767;187,42664;26,18312;97,32117;53,57917;39,54948;96,33075;135,38493;55,53756;38,89023;73,02332;29,79667;78,46757;84,51744;73,75772;115,7883;51,8902;45,87656;75,73721;98,1038;19,5547
"2014-04-22";74,54269;86,03121;124,57294;100,59407;22,83232;119,61886;65,57632;78,45287;25,66204;158,41534;78,03252;187,30965;26,07625;97,49635;54,33861;39,51066;95,99248;135,64864;56,042;38,93892;73,46797;29,93184;78,16933;84,99677;74,55484;116,6594;52,09862;45,81919;75,69817;97,55948;19,3854
"2014-04-23";73,56833;86,09049;127,58105;100,29332;22,81291;120,28448;65,56657;78,52198;25,50756;158,40547;76,90616;186,90022;25,98881;97,53528;54,57228;39,53007;95,80884;134,76964;55,78008;38,6468;73,22094;29,8546;77,93076;86,20974;74,13168;117,10963;51,81328;45,35068;76,16665;97,68584;19,4928
"2014-04-24";79,5996;86,36716;126,82903;102,1366;22,64788;119,90826;65,34264;78,5911;25,54618;158,80038;78,13046;185,42827;25,98881;97,28224;54,70859;39,50095;96,49505;133,46091;55,80918;38,81234;72,51936;29,65184;78,69688;86,65972;75,37164;116,45387;51,95719;44,25109;76,43016;97,20956;19,3976
"2014-04-25";80,18422;85,99169;125,65704;101,56421;22,32752;119,60921;64,9045;77,24818;25,68135;156,22363;77,74848;184,85313;25,51275;97,1168;54,23151;39,80182;97,35524;133,373;55,52786;38,86102;71,83755;29,69046;78,94902;86,38582;74,45644;114,72144;49,35933;43,926;76,73273;97,59837;19,3976
"2014-04-28";83,28959;86,02133;124,07484;101,14705;22,34694;121,28773;65,01159;76,80383;25,85513;154,54529;78,52225;188,2747;25,58076;98,62527;54,02705;39,82123;96,9493;134,02737;54,98461;39,79579;70,81976;30,93601;80,43277;87,68684;74,53516;115,20103;49,97716;44,55706;77,84536;98,33707;19,4833
"2014-04-29";83,04283;86,74262;125,37379;102,156;22,48285;121,51926;65,4108;77,65303;25,83582;156,22363;77,8856;190,19508;25,72649;98,32358;54,62096;39,37478;98,09944;134,3399;56,96359;39,44525;71,62016;30,66566;79,94788;88,91939;74,00375;115,064;50,28731;44,71961;77,75751;98,60924;19,3881
"2014-04-30";82,72879;86,38692;126,00864;102,25301;22,43431;121,08515;65,5471;78,34424;25,96133;157,78351;77,87582;191,52083;25,93052;98,57661;54,50412;39,5883;97,98346;135,84396;56,80838;39,33815;72,08458;30,2022;80,05457;88,60636;73,8463;115,81766;50,27243;44,68137;77,79655;99,54236;19,749
"2014-05-01";82,92367;85,78419;125,46171;101,93286;22,33723;120,52565;65,00185;78,56149;25,84548;158,32649;77,69952;188,65489;25,69735;97,83698;54,25098;39,57859;97,57753;137,52382;57,83667;38,94866;72,05494;30,07668;79,85091;88,85091;73,75772;114,32014;51,13589;45,14989;77,7868;98,57036;19,9214
"2014-05-02";83,07789;85,89288;126,90716;101,87466;22,26928;120,31342;65,08949;79,30207;25,75859;156,85548;77,76807;186,61754;25,65848;96,64965;54,11467;39,74359;98,03178;136,84991;56,47855;38,6468;72,12411;29,69046;79,4436;89,01721;73,83646;114,04608;50,72153;45,05427;77,22073;99,15356;19,8737
"2014-05-05";84,25274;86,31776;128,88002;101,39928;22,28869;120,93081;65,61526;80,20065;25,66204;154,35773;77,07267;186,44206;25,64379;97,32117;52,79053;39,55919;97,7515;137,32849;56,87628;38,39364;72,42055;28,92768;79,23025;88,67484;74,03328;114,33972;51,39395;45,31243;76,73273;100,02836;19,8737
"2014-05-06";83,33444;85,17159;127,77638;100,7687;22,05571;120,55459;65,42053;80,01303;25,28551;152,57077;75,82877;185,24306;25,67318;96,8443;51,93373;39,29714;97,56786;136,03929;55,40175;38,03337;71,39288;28,41594;78,67748;87,92161;74,0628;113,54692;50,95477;45,38892;76,13737;99,79507;19,788
"2014-05-07";83,04283;86,93036;128,02191;101,4963;22,20133;121,77007;66,25789;79,28233;25,61377;153,5383;75,49576;185,60583;25,83976;98,20679;52,62501;39,70477;98,54403;137,84612;54,16973;38,3839;71,32372;28,26982;79,60846;89,08569;76,67065;114,42781;51,7835;45,9913;76,55964;100,22276;19,8737
"2014-05-08";82,89481;87,56272;128,23799;101,80675;22,34694;120,67034;66,30656;80,57588;25,52687;155,39433;75,46638;185,22345;25,81037;97,80778;52,92683;39,53007;98,53436;137,54337;53,18995;38,59812;72,1834;28,41594;79,67635;89,25198;75,66686;114,53547;52,32937;46,36421;77,27654;99,45487;19,8261
"2014-05-09";82,5494;87,78009;128,75851;101,92316;22,34694;120,61246;65,995;80,92149;25,50756;155,19688;76,11281;186,37062;25,77117;98,20679;52,58606;39,66594;99,48153;138,04146;53,55858;38,50075;72,57864;28,27956;79,8994;89,31068;75,72591;114,5061;52,30704;46,35464;77,77737;99,76803;19,8356
"2014-05-12";83,57716;88,59032;130,23174;103,02912;22,51197;120,81505;66,3942;81,38559;25,92271;157,51694;76,66129;188,81203;25,83976;97,82724;53,20919;39,61742;99,41388;139,48692;53,63618;38,91945;73,74465;28,37698;79,25935;90,03455;76,50334;116,11129;52,52787;46,04868;77,72827;100,04204;20,0356
"2014-05-13";83,70827;88,02711;131,06654;103,95076;22,19162;121,4035;66,34519;81,04986;25,9903;158,23764;75,68185;188,43944;25,91816;98,31384;53,17998;39,89888;100,06142;139,106;54,08243;39,63527;73,70512;28,44517;79,14297;90,8856;76,79858;116,21895;52,6172;45,75226;77,71844;100,16926;19,9785
"2014-05-14";83,72377;87,40463;130,61476;103,34927;22,14308;121,95335;66,3746;79,90441;25,83582;157,41821;74,74158;185,03716;25,80057;98,16787;52,92683;39,68536;99,57818;138,29539;54,68388;39,45877;72,70711;28,34775;78,71627;90,63126;75,94241;115,40252;52,16973;45,90525;77,32563;100,10075;19,8737
"2014-05-15";83,01182;86,55489;128,86656;101,85525;23,47302;120,45509;65,50228;79,14408;25,68135;154,64403;74,67302;182,82126;25,487;97,99269;52,09924;39,32626;99,06593;137,68985;54,21824;38,83119;72,0747;28,30879;78,09562;90,35736;75,26339;113,809;51,57062;45,85744;75,44994;98,62307;19,8928
"2014-05-16";84,23693;86,45609;128,47369;102,8642;23,65747;119,84216;65,6885;79,38107;25,74893;154,43669;75,77;183,40955;25,30082;97,88564;51,90452;39,68536;99,68449;137,83636;54,19884;39,05673;73,06284;28,36724;77,90167;90,56278;75,43069;112,70731;52,1573;46,91878;75,62671;98,58392;19,8166
"2014-05-19";85,23508;87,06869;129,00406;102,24331;23,63805;119,61839;65,6983;80,03278;25,691;155,66089;74,92768;183,35072;25,5164;97,94402;52,41081;39,51066;98,66967;138,36375;54,66448;38,97828;73,60631;28,5231;77,51376;90,74864;75,97193;113,14011;52,29403;46,99527;75,23389;98,71114;19,8166
"2014-05-20";85,25199;86,05097;127,26566;98,52766;23,41478;119,18058;65,36506;80,07228;25,39171;154,35773;76,35767;181,28189;25,5164;97,56448;52,30371;39,38449;98,12843;136,95735;54,32495;38,90964;72,39091;28,49388;77,8047;90,65082;75,44053;111,25149;51,68746;46,51719;74,33042;98,51542;19,8452
"2014-05-21";85,47755;86,81179;128,62102;99,80825;23,76425;120,7956;65,88453;81,15848;25,57515;157,31949;76,4752;182,75262;25,67318;98,43063;52,69316;39,66594;99,12392;138,22008;54,8876;39,56663;73,32964;28,8056;78,05683;90,83669;76,48367;112,96305;52,22939;47,01439;74,30096;99,84631;19,7362
"2014-05-22";85,61291;87,09833;129,48529;100,00228;23,66718;120,27996;66,16877;81,31647;25,59446;157,81313;77,16081;182,05647;25,62419;98,94022;53,11182;39,38449;99,01761;137,87614;54,80029;39,32148;73,99168;28,89328;78,212;90,98341;77,0938;113,15978;52,04792;47,28212;74,0358;99,32766;19,7023
"2014-05-23";86,58002;87,72081;130,04512;100,92391;23,80308;120,02701;66,74704;82,27429;25,59446;158,11917;77,5526;182,31142;25,76137;98,95982;53,09235;39,38449;98,58269;138,69174;55,11072;39,3411;74,95018;28,72767;78,08592;90,83669;77,51695;113,65161;52,71912;47,55941;74,25185;99,15151;19,6414
"2014-05-27";88,20129;90,29967;131,77368;100,58437;23,98753;119,51137;66,80585;82,68902;25,65238;159,70866;78,05212;181,17404;26,17293;98,79322;53,68627;39,56889;98,93063;138,98654;54,99431;39,40974;75,70116;28,84457;77,65923;91,45296;77,85155;113,95654;53,3232;47,44467;74,23221;99,19066;19,788
"2014-05-28";87,97291;89,97361;131,93083;99,83736;24,09431;119,20004;67,05089;82,55078;25,73928;159,67894;78,04232;179,50722;26,33951;98,29343;53,9881;39,38449;97,90614;138,97672;54,71299;39,23323;75,3652;28,84457;77,67862;91,42361;77,32999;114,05491;53,14919;47,55941;74,17329;98,89707;19,6262
"2014-05-29";89,57584;90,19099;132,72636;100,50675;23,9584;119,00546;67,59976;82,97538;25,81651;159,23315;78,2578;180,17395;26,4179;98,74422;54,25098;39,46213;98,73428;139,92006;55,9741;39,55683;75,71213;28,83483;77,96955;92,04966;78,10741;114,44837;53,36546;47,54029;74,61521;99,10258;19,6547
"2014-05-30";89,24032;90,40836;132,8344;99,17767;23,90016;119,46272;67,93301;82,95564;25,86479;158,31187;78,58102;180,76224;26,77066;99,43022;54,10493;39,70477;98,82197;140,07729;56,12931;40,14518;76,2375;28,86405;78,34776;91,41383;78,36327;114,3205;53,40524;47,76976;75,39101;98,37842;19,8643
"2014-06-02";88,62704;90,79371;133,47278;100,66198;24,05548;118,89844;67,884;83,21237;25,90341;158,5298;79,17847;182,06628;26,71187;100,12601;53,89073;39,65624;99,40654;139,85129;56,19722;39,99809;76,04916;28,94198;77,93076;91,66816;78,20583;115,48122;53,07958;47,85582;75,3812;97,80105;19,988
"2014-06-03";89,88036;90,63562;133,45316;101,37018;23,9584;119,22923;67,50175;82,82726;25,86479;160,28322;79,47403;180,77203;27,10382;100,41022;54,13414;39,67565;98,84145;140,41139;56,17782;39,5078;74,8894;28,82509;77,51376;91,3747;78,6093;115,89435;52,53268;47,12914;75,33209;98,24142;19,4928
"2014-06-04";90,9067;90,71466;132,91296;101,19556;23,78367;119,03465;67,94281;83,18275;25,63307;160,86769;79,34595;180,9093;27,04503;100,62582;54,21204;39,5883;99,806;139,79231;56,19722;39,53722;75,46432;28,87379;77,44588;92,60725;79,22929;115,22546;52,56002;46,99527;75,74454;97,89891;19,6452
"2014-06-05";91,26337;91,69286;134,37636;103,76643;23,97782;120,17294;67,9624;83,71597;25,84548;161,05591;79,18832;182,35062;27,10382;101,15501;55,13699;39,68536;99,81574;141,21718;56,36213;40,40993;75,2066;28,99069;77,68832;92,90071;78,53058;116,23862;52,75641;47,11957;75,93114;98,39799;19,569
"2014-06-06";91,01244;93,77768;135,78081;104,95;24,10402;120,82479;68,28585;83,5481;26,24132;164,63206;79,44447;182,73302;27,60357;101,11581;55,46803;39,78241;99,33834;142,13104;56,11961;40,67469;75,56345;28,65948;77,61073;92,84167;78,65851;116,9567;52,95031;47,25343;75,82311;99,42552;19,7498
"2014-06-09";92,46876;94,4298;135,496;105,50299;24,0749;120,99992;68,05062;84,40719;26,49234;164,44385;79,41492;182,58594;27,3488;101,15501;55,90616;39,70477;98,77325;142,79926;56,20692;40,46877;75,9996;28,59129;77,66892;93,13686;78,49121;118,12724;52,84591;47,39686;75,62671;99,34723;19,8547
"2014-06-10";93,01153;94,14326;134,79868;106,04626;24,26905;121,94363;68,08983;83,68635;26,46338;164,80048;79,54299;180,6936;27,67216;102,0174;56,37351;39,86005;98,28611;142,45531;56,74047;40,31188;75,64275;28,73741;77,72711;93,56977;78,54041;117,18294;53,26105;47,34905;75,24371;99,28851;19,6547
"2014-06-11";92,62666;93,94566;131,70494;105,44479;24,30788;121,78796;67,59976;83,25187;26,21235;163,87918;78,62678;178,69342;27,3684;101,25301;55,76012;39,65624;97,83794;141,90503;57,0509;40,06673;74,48298;28,66922;77,63983;93,37299;78,89468;116,36651;52,87076;47,20563;74,79198;99,76803;19,7785
"2014-06-12";91,07729;93,62947;129,82906;103,46569;23,93899;122,69276;66,72745;81,76083;26,02892;164,40422;77,26724;177,68352;27,39779;100,47881;55,53618;39,52423;97,19492;140,58827;56,98248;39,79217;74,11621;28,68871;77,3489;93,47138;78,54369;114,9402;52,64454;46,89009;74,36971;99,48424;19,8261
"2014-06-13";90,08056;93,71839;129,92726;103,5821;23,97782;123,8116;66,94308;81,76083;26,10615;164,33487;76,91257;178,99736;29,26939;100,47881;55,53618;39,47534;97,90614;140,87325;56,92384;40,42955;73,96752;28,76664;77,23253;93,87479;78,28663;114,88119;52,52522;47,02396;73,92778;100,45305;19,9499
"2014-06-16";90,98846;93,24413;130,17279;103,62091;23,81279;125,05691;66,75684;82,25455;25,89375;164,29526;77,73027;178,79147;29,40657;100,40041;55,37066;39,75891;98,50045;140,83394;56,75768;40,69431;73,89814;28,84457;77,28102;93,92397;77,11994;114,95988;52,2642;47,14826;73,9867;100,71727;19,9023
"2014-06-17";90,87005;93,53066;130,0844;103,48509;23,78367;125,33906;66,44321;82,1163;25,94202;166,64304;78,83366;178,70322;29,34778;99,89082;55,90616;40,01315;98,66608;141,19753;56,74791;40,87081;74,43341;28,71793;77,17434;93,68784;77,28802;115,09759;52,4059;47,05264;73,64299;100,22797;19,788
"2014-06-18";90,96873;94,41992;130,11386;104,27091;23,90987;126,74976;66,54121;82,53104;25,96133;168,26765;79,51344;180,01707;29,32818;100,75321;56,25667;40,63897;98,74403;141,82642;57,08999;40,8414;75,54362;28,94198;77,37799;93,86494;78,31629;115,314;52,51527;47,25343;74,34023;100,53134;19,8073
"2014-06-19";90,65294;93,93577;130,4478;104,04778;23,98753;128,41344;66,06095;82,71864;26,21442;168,13887;79,24744;179,2523;29,48496;101,73321;55,78932;40,86387;99,28963;141,98364;56,98248;40,70411;74,9786;28,82509;77,81438;94,06172;79,60162;115,65827;52,28408;47,30125;74,50719;100,43347;19,8166
"2014-06-20";89,71542;94,40016;129,74066;106,11417;24,10402;128,75394;67,07049;81,78057;26,25336;168,24785;78,98144;178,00708;29,59275;103,16399;56,03273;40,76608;99,29937;142,64201;57,58847;40,87081;74,44332;29,01018;77,51376;93,06797;80,49147;116,06157;52,07775;47,22475;74,32059;101,6078;19,8072
"2014-06-23";89,63647;94,37052;128,51299;105,53209;23,97782;129,3766;66,62943;81,72133;25,97107;168,6441;79,44447;178,58556;29,62215;102,6544;56,65586;40,8052;99,28963;141,59058;57,17796;41,17479;74,79026;28,68871;77,11615;93,42218;80,57056;115,21562;52,07278;47,54985;74,42862;102,14602;19,9214
"2014-06-24";89,0937;93,30341;126,84334;104,59105;23,81279;128,1994;66,00214;81,64233;25,87372;166,65294;79,23759;177,35016;29,88672;102,4976;55,90616;40,92254;98,86094;140,60793;56,61106;40,93945;74,32438;28,54258;76,62157;93,14669;80,81774;113,78932;51,65514;47,11957;74,60539;100,53134;19,9309
"2014-06-25";89,17265;93,5109;124,79067;105,20225;23,99723;127,67402;66,47261;82,84702;25,71798;166,80154;79,33611;177,19328;30,25908;103,6442;56,01326;41,0301;98,99734;141,1582;57,52982;41,21402;75,80135;29,02966;76,9222;93,33363;81,41097;114,22214;51,97086;47,24387;74,26168;99,95396;19,9975
"2014-06-26";89,70555;93,17496;125,73353;105,27985;23,92928;127,37242;66,35499;83,39011;25,59143;166,435;79,55284;176,8501;30,16109;103,5364;55,87695;41,09855;98,89992;141,23682;57,20728;40,91004;76,18793;28,82509;76,24336;92,89088;81,36154;113,85818;51,946;47,05264;73,56443;99,84631;19,9879
"2014-06-27";90,77136;93,79744;126,24423;105,53209;23,97782;126,8276;64,13989;84,22945;25,72771;165,21652;79,92721;178,16396;30,30807;102,8896;56,01326;41,255;98,8512;141,19753;56,22988;41,42974;77,00076;28,90302;76,63126;92,40875;81,07481;114,67461;52,02555;47,15782;73,9867;99,04387;19,8356
"2014-06-30";91,70888;93,73816;124,95764;105,42538;24,12343;127,01245;64,13989;84,66392;25,5817;165,87035;79,75973;177,73254;30,27868;102,52701;56,10089;41,42124;98,14971;140,75533;56,54265;40,89042;76,8719;28,91276;76,21426;92,55634;80,82763;113,56308;52,38103;46,78492;73,72155;98,52521;19,8547
"2014-07-01";92,29112;94,21243;125,8612;105,91045;24,34671;127,00272;64,11049;85,38476;25,69851;165,24625;80,60698;182,71341;30,35707;103,752;56,44404;41,35279;98,40302;142,05243;57,18773;41,05712;77,31797;29,30242;76,88341;93,678;80,96605;114,03524;53,26105;47,20563;73,92778;99,19066;19,988
"2014-07-02";92,25165;94,0741;125,34068;106,2888;24,48365;126,70112;64,06149;85,35514;25,90293;165,3255;80,76461;184,71359;30,35707;103,7422;55,85578;41,35279;97,94511;142,7108;57,71553;41,08654;77,1098;29,58492;77,15495;93,0975;81,55928;113,25815;53,40772;47,48291;74,26168;99,39616;19,9118
"2014-07-03";92,79442;94,69658;126,21477;107,76342;24,64016;127,63511;64,49274;85,75011;26,14628;167,87141;80,83357;184,85086;30,51385;103,311;55,93421;41,29412;98,38354;142,88768;57,86214;40,98848;77,76403;29,74079;77,56225;93,31395;82,40958;113,64178;53,82287;47,53072;74,38934;100,39433;20,0547
"2014-07-07";94,70893;94,26183;126,78441;106,8709;24,67929;126,93462;64,33591;85,50325;26,03921;166,20715;80,21291;184,37042;30,40606;104,34;55,56164;41,20611;97,59437;142,39636;57,19751;41,17479;77,96229;29,70182;77,7659;93,02863;81,29233;113,2188;53,88005;47,56897;74,70359;100,45305;20,188
"2014-07-08";94,09708;93,44173;124,5255;106,19179;24,52278;126,38006;64,03208;84,78242;25,66931;163,36406;79,5627;183,56644;30,17089;103,605;54,66944;41,01054;97,51642;142,05243;56,85542;40,96887;76,99085;29,37061;78,12471;92,62521;81,0056;112,20564;53,51213;47,1244;75,27318;100,6292;20,1404
"2014-07-09";94,13655;93,86777;124,5255;106,85149;24,8847;127,82969;63,74784;86,12535;25,62063;163,12631;79,53314;184,74301;30,26888;103,91859;54,92436;41,02032;98,47123;142,17033;57,22683;40,861;78,00194;29,27319;79,20116;93,1762;81,80646;111,97939;53,73587;47,2597;75,82311;101,33379;20,1975
"2014-07-10";93,79115;93,59035;124,5255;106,09477;24,8847;126,72058;63,64983;85,76987;25,50382;161,88803;78,22286;184,03706;30,63144;103,6834;54,47335;41,32345;97,99383;141,39404;57,25615;40,88062;76,82234;29,22449;79,14297;92,78265;81,15391;111,65479;53,58174;47,97488;75,6758;100,37476;20,2166
"2014-07-11";93,96879;93,60027;125,80227;106,67686;24,96296;124,98882;63,60082;85,79949;25,84452;163,2551;78,42975;184,33121;30,62164;102,9974;54,70866;41,03988;97,78923;141,80676;57,11931;41,27285;76,61417;29,29268;78,70658;93,15652;81,935;112,26466;53,94468;48,63207;75,44012;99,56252;20,188
"2014-07-14";95,18262;93,66962;127,20674;106,80298;24,8847;125,7574;63,71844;85,67112;25,9516;165,43446;78,28197;186,15491;30,85681;103,2718;55,18908;41,4408;97,88666;142,48479;56,86519;41,32188;77,2684;29,45828;78,86174;94,02236;83,3192;113,0024;54,94651;48,83503;75,17497;100,48241;20,2451
"2014-07-15";94,06747;93,58044;126,79424;106,57014;25,10968;125,7574;63,29698;85,06878;25,90293;167,58412;78,67604;184,81165;31,07239;101,21381;57,13035;41,167;97,72103;142,54375;56,60129;41,62586;77,3477;29,62389;78,80356;94,40609;82,95338;112,96305;55,13296;49,00899;75,45975;100,19861;20,2832
"2014-07-16";93,53456;93,60027;125,14424;108,07387;25,41292;127,34324;63,73804;84,27882;26,30203;168,87193;78,479;188,60612;33,95327;100,17502;57,56174;41,18655;96,71751;143,63449;56,83587;43,22422;76,24741;30,15967;79,12027;94,08141;82,81496;112,4909;55,35421;49,2506;75,4794;101,54907;20,3594
"2014-07-17";91,86677;92,13389;123,63174;106,48254;25,07055;126,55518;63,60082;83,96283;25,90293;168,54503;78,37064;188,7336;33,02238;98,36203;56,72837;41,08877;95,84065;141,05011;56,2983;43,66548;75,86082;29,76027;78,59241;93,1762;84,14972;110,92688;54,16345;48,63207;75,23389;100,12032;20,2737
"2014-07-18";93,18916;92,66891;125,36031;107,55644;25,34444;126,85678;64,24771;84,73304;25,75691;169,86256;78,89278;188,74339;33,02238;99,76342;57,09113;41,48969;96,44471;142,31775;57,02158;43,82237;76,84216;29,93562;78,73904;93,8059;84,55509;111,71381;54,74018;49,04765;75,70527;100,53134;20,3213
"2014-07-21";92,7056;92,0249;126,00853;107,61502;25,28576;127,73239;64,23791;84,66392;25,28967;170,11023;78,52826;187,1256;33,37514;99,24402;57,10094;41,46035;95,04174;141,79694;56,68926;43,96946;76,14828;29,56544;78,47511;93,7272;84,10028;111,13345;54,49656;48,99932;75,39101;100,87385;20,2451
"2014-07-22";93,47536;92,51039;127,42281;107,44905;25,38357;128,98744;63,65962;85,12802;25,32861;173,37929;79,34595;190,30235;34,09046;100,42001;57,52253;40,27716;93,79465;142,60271;57,10954;43,95966;76,36636;29,70182;78,29916;90,1556;85,07912;109,0481;55,00369;49,26993;75,26335;101,324;20,2816
"2014-07-23";95,9129;92,42122;124,44692;105,80891;25,11946;130,25223;64,07128;84,96016;25,22153;175,16241;79,81884;189,85135;33,80629;100,14562;57,84607;39,90559;92,8983;142,17033;56,79677;43,99888;76,69348;29,6044;78,19163;90,30319;84,97036;107,93658;54,98877;49,20228;75,60706;102,01881;20,2859
"2014-07-24";95,755;92,29242;122,17818;102,54814;25,26619;131,19594;63,90466;85,71062;25,25073;174,60765;79,99617;191,42993;33,56132;100,15541;58,01275;40,06204;92,8983;142,61255;56,89451;43,53801;77,91272;29,5557;78,45556;91,38549;84,71329;107,16932;55,37161;49,33759;74,97856;102,04816;20,2859
"2014-07-25";96,38659;91,08365;120,99961;102,36265;25,40313;129,95062;63,64003;85,14777;25,10472;173,75572;79,82869;190,60631;33,56132;100,06721;57,85588;40,09138;93,25879;142,60271;56,83587;43,63606;77,04042;29,40958;77,77129;90,61804;83,72457;107,10046;53,39032;49,55987;74,60539;100,9717;20,2666
"2014-07-28";97,71885;91,0143;120,86211;101,67926;25,35423;129,62956;64,02228;86,05623;24,91003;174,30057;79,8681;191,95938;33,54172;100,06721;58,03236;39,77847;93,31725;143,0056;56,65994;43,11636;77,71447;29,3219;77,47804;90,40158;84,7825;107,20866;53,2536;49,84981;74,35006;102,13624;20,2281
"2014-07-29";97,08726;90,86568;120,13533;102,20644;25,14881;128,83177;64,88479;85,11815;24,77375;173,89441;79,77943;190,77299;33,50252;99,92022;57,49311;39,45578;93,35622;141,52179;57,25615;43,03791;77,41709;28,96147;76,88176;89,65382;83,3192;105,5758;53,07461;50,22673;74,08491;101,33379;20,4497
"2014-07-30";96,86028;90,07304;120,10587;100,92752;25,07055;128,9388;64,09088;86,11547;24,9587;174,11235;80,54787;190,21411;33,6593;100,25342;57,75784;38,74196;93,48287;141,24666;56,76745;42,73392;78,91389;28,75509;76,40278;89,47671;82,01409;104,64132;53,21382;50,02377;73,43676;101,04021;20,3341
"2014-07-31";94,34379;87,18983;118,32819;98,35992;24,67929;125,73795;63,03234;84,80216;24,48172;171,24944;79,65136;187,92958;33,20855;98,08762;56,54208;38,41927;92,12862;138,44609;55,45774;42,32208;76,45557;28,20475;75,58166;88,11891;80,13553;103,43143;52,45561;48,72871;72,25832;96,82246;20,1394
"2014-08-01";94,86682;85,67392;118,22997;98,13537;24,45431;124,43426;62,93433;84,30844;24,67641;168,65401;78,56767;185,45876;33,06157;97,90143;55,37536;38,41927;91,87531;137,67961;55,51638;42,0279;76,10863;28,36199;77,85928;88,16811;80,57056;103,03796;52,65449;48,15851;72,21904;96,68545;19,9583
"2014-08-04";94,33392;86,12968;117,78802;99,39477;24,6206;124,69694;63,34598;86,1451;24,59853;170,08051;78,84351;185,93921;33,36534;98,15623;55,54204;38,52684;91,88504;138,30852;55,7705;42,528;76,48531;28,25389;77,43894;88,45345;81,34176;103,33306;52,7415;48,52576;72,21904;97,98698;19,9004
"2014-08-05";93,8701;85,56493;119,10408;99,09212;24,42496;121,57392;62,7579;85,66125;24,35518;167,83179;78,84351;183,44878;32,37399;97,82303;54,96358;38,31171;91,02767;137,35533;54,76378;42,24363;76,24741;27,91976;77,62467;87,686;80,0762;103,30355;52,33877;47,99421;72,02263;96,09828;19,8812
"2014-08-06";93,7122;85,60456;116,93029;99,08236;24,38584;122,32306;63,4832;85,50325;24,76402;168,14879;79,32625;183,41917;32,40358;98,69522;55,13025;39,03531;91,06664;137,12933;54,66604;41,91023;76,46548;27,792;79,26689;88,25666;80,58045;102,09366;52,37606;47,48199;73,34722;96,8616;20,0504
"2014-08-07";93,70229;85,22806;118,41242;99,52168;24,31736;122,24522;63,12056;84,43681;24,82242;167,51479;79,27699;181,77208;32,2359;97,93083;54,81651;38,47794;90,91075;136,71661;54,38259;42,39072;75,6824;27,55614;78,33826;88,45345;78,36573;102,51663;51,96588;47,01809;73,1001;96,16679;20,1221
"2014-08-08";93,96014;86,66471;119,19301;100,8299;24,48365;124,39534;63,74784;85,75999;24,97817;170,64516;81,20794;184,07013;32,15698;99,05782;55,2381;38,57573;91,14458;138,40678;55,27203;42,3613;76,38618;27,85097;79,13004;89,02411;79,21603;104,22819;52,31889;47,06641;73,81182;97,60532;20,1124
"2014-08-11";95,19985;86,14949;119,36099;102,02095;24,67929;124,2494;63,73804;86,40183;25,10472;170,84329;81,65126;184,89861;32,57128;99,13623;55,21849;38,69307;91,1251;138,14146;55,37954;42,3613;76,38618;27,76252;79,64813;89,20122;78,96884;103,99211;52,34872;47,03742;73,50539;97,28999;20,1414
"2014-08-12";95,18002;86,27831;119,03492;101,85499;24,60103;123,6462;64,1889;86,11547;24,9295;170,71451;81,69067;184,77037;32,67978;98,61682;55,2479;38,80063;91,15433;138,43626;55,74118;42,67509;76,05907;27,59545;79,58948;89,62429;79,3149;103,19535;52,27911;47,20172;73,367;97,05349;20,1761
"2014-08-13";96,43956;86,59535;120,52693;102,6653;24,64994;124,14239;64,27775;86,50058;25,14365;170,75412;81,88771;185,37201;33,6366;99,70462;55,61067;39,05487;91,54404;139,3403;56,54265;43,22422;76,57452;27,72321;79,64813;89,80139;80,59034;104,42198;52,66018;47,27903;73,17918;97,64474;20,2088
"2014-08-14";96,69742;86,46655;122,63156;103,15343;24,00435;123,51973;64,36659;87,4979;25,19232;171,11075;82,61674;185,30298;33,47877;99,97901;55,86558;39,28955;91,25176;139,87093;57,45163;43,41053;76,62409;28,23424;80,10756;90,73611;80,89684;104,62971;52,93167;47,35635;73,53504;97,64474;20,2955
"2014-08-15";97,17347;85,80272;121,69288;103,23154;23,89675;123,72577;64,41595;88,15949;24,9587;170,28853;82,44926;184,80983;33,70565;99,14602;55,64008;39,97404;91,37842;139,45822;57,28547;43,92043;76,45557;28,14579;79,94138;90,64756;80,55079;104,49123;52,35134;47,16306;73,05067;97,58562;20,2281
"2014-08-18";98,34376;86,35757;123,4912;104,44212;24,09238;123,922;65,02804;88,84084;25,37728;172,9137;82,35074;186,76268;33,94239;100,64541;56,11069;40,43362;91,82658;141,62006;57,09977;44,23422;77,86316;28,34234;80,58655;91,49372;81,41097;106,92471;53,37999;47,14373;73,63389;98,06847;20,2185
"2014-08-19";99,70248;87,30873;124,08405;104,75453;24,10217;125,22696;65,44267;88,95933;25,35781;172,32922;86,92195;187,46294;33,87334;100,90022;56,43424;40,34561;92,02144;141,7478;57,57869;44,72758;77,82351;28,44061;80,83092;91,41501;82,52823;107,38964;53,54935;47,06641;74,01941;98,0389;20,2088
"2014-08-20";99,74215;87,67532;125,83296;105,14503;24,17064;125,0896;65,37356;88,71246;25,65957;172,39856;89,40459;187,49252;34,03117;101,14521;56,51267;40,33583;91,76814;142,93896;58,13581;44,35263;78,22002;28,39147;80,94823;91,61179;82,48868;108,52724;53,84823;47,18239;74,09849;98,24584;20,1028
"2014-08-21";99,75207;88,31934;125,98118;105,40864;24,34671;125,52132;65,45254;89,24568;25,72771;173,50806;89,79866;188,60703;34,67233;102,10561;57,35585;40,49229;92,09939;142,8401;57,52005;44,61904;78,24975;28,32268;81,40766;92,42844;82,82484;108,87347;53,73615;47,23071;74,68172;97,83197;20,1799
"2014-08-22";100,48598;88,06173;125,94165;104,76429;24,11195;124,71675;65,01816;89,35431;25,45515;173,82507;89,68044;187,79828;34,46518;101,72083;57,34605;40,20872;92,02144;142,47437;57,83282;44,54997;78,59669;28,42096;81,51519;92,24149;82,83472;108,21069;53,82084;47,00843;74,85964;97,06335;20,1414
"2014-08-25";100,70416;88,76519;126,80129;105,40864;24,16086;125,43301;65,30445;89,24568;25,50382;176,20256;89,84792;188,53799;34,33695;101,84909;58,17942;40,49229;92,0117;143,03781;58,38016;44,5697;79,31039;28,41113;81,66182;92,7728;83,28954;108,63605;53,8034;47,50132;74,82011;97,3097;20,0932
"2014-08-26";100,05952;88,32925;127,06808;105,4965;24,26845;125,83529;65,31433;88,89021;25,31887;176,23228;90,27154;190,3429;34,32709;102,05628;58,5716;40,67808;91,69019;142,93896;58,83954;44,41183;78,78503;28,70595;81,50541;92,68425;84,15961;108,49757;53,98024;47,59797;74,65205;98,18672;20,151
"2014-08-27";101,28931;88,41841;126,67284;105,97488;24,25867;126,21795;65,08727;89,23582;25,43568;176,68939;90,50799;189,61304;34,31722;101,83922;58,42453;40,67808;92,2163;142,28654;58,91773;44,27369;79,02293;28,98112;81,43698;93,23524;85,40539;107,91393;54,07986;47,77193;74,97826;98,07832;20,151
"2014-08-28";101,40832;88,20044;125,59583;106,0725;24,30758;126,32587;65,30445;89,09757;25,31887;176,5304;91,1385;189,36646;34,17913;101,57283;58,00294;40,70742;92,51112;142,32608;58,64406;44,28356;78,36672;28,87302;81,16328;92,822;85,36584;107,93372;53,44973;47,7526;75,02769;98,11774;20,3725
"2014-08-29";101,65627;88,72556;125,28952;106,48254;24,44452;127,0127;65,26496;88,75196;25,28967;177,9812;92,11382;189,66235;34,44545;102,3424;58,28727;40,79542;92,09838;142,34586;58,75158;44,82625;78,09828;28,88285;81,24149;93,18604;85,702;106,8159;52,93167;48,14884;74,63229;98,00935;20,1414
"2014-09-02";102,44968;88,894;123,98524;106,3361;24,33693;125,13866;64,98855;89,66042;25,16312;178,63704;90,25233;188,9325;34,10021;101,97735;58,50297;40,71719;91,19431;142,56332;58,43881;44,49076;78,82407;28,75509;81,11441;92,9991;85,41528;107,86447;53,4821;48,10052;74,87941;97,05349;20,0932
"2014-09-03";98,12557;89,31013;124,43976;105,88701;24,49343;125,45263;64,97867;89,79866;25,26047;178,46811;88,1235;189,31714;34,10021;102,37199;58,53238;40,85409;91,52841;142,16792;59,11321;44,36249;78,36672;28,89267;81,03621;92,94991;85,81077;108,02274;53,52444;48,20683;75,13643;97,66445;19,9583
"2014-09-04";97,31232;88,82464;123,96548;106,23847;24,36627;124,41259;65,07739;89,0087;25,2702;178,94508;89,04435;188,06456;34,43559;102,45092;58,54219;40,9421;91,40067;141,96033;58,72226;44,6585;79,4604;28,86319;81,81821;92,74329;86,07772;108,04253;53,36504;48,0522;75,6801;96,92539;19,9968
"2014-09-05";98,15532;88,78501;123,20465;105,96511;24,45431;125,0013;65,15637;89,79866;25,40648;178,61716;90,7078;188,57744;34,52437;103,02316;58,73828;40,91276;91,45963;142,54355;59,79739;45,29987;81,56821;29,13836;81,88664;92,69409;86,75993;107,52813;53,35259;48,26482;76,61919;97,81226;20,045
"2014-09-08";97,55034;88,11127;126,45546;105,35006;24,4054;123,83369;64,52455;89,42342;25,38701;178,9749;89,92558;187,53197;34,84989;102,65812;58,71867;40,85409;90,89949;143,22563;59,67033;45,85243;81,92614;28,89267;81,44676;92,30811;86,91813;107,42921;53,74113;47,86857;75,65044;96,34399;20,0835
"2014-09-09";97,18339;87,09075;126,68272;104,85216;24,31736;122,82309;64,4357;88,47548;25,21179;176,28197;88,0542;187,38403;34,43559;102,41146;57,9049;41,01054;89,51389;142,80058;59,19141;46,13857;81,36935;28,72561;81,12418;91,89244;87,56079;107,49845;53,37003;47,2597;75,85803;95,96954;20,0643
"2014-09-10";100,16861;87,59606;126,6926;103,41703;24,38584;121,94003;64,37646;88,39648;25,26047;178,7364;88,37105;188,91277;34,5441;103,58554;58,06177;41,23545;91,39084;142,9785;59,38688;46,21751;81,99574;28,93199;81,75957;92,20914;86,63242;107,33029;54,0176;47,11473;75,63068;95,39799;19,9982
"2014-09-11";100,59507;87,60596;126,11951;103,08509;24,63038;121,49851;64,29749;88,84084;25,32861;179,85928;88,34134;189,0903;34,5441;103,15143;58,59121;41,31917;91,35153;142,69183;59,17029;46,37538;81,34947;29,11871;81,61294;91,96172;86,46362;107,34018;53,5369;47,36601;75,22539;95,61478;20,1124
"2014-09-12";100,82318;86,83315;125,43772;102,52861;24,61082;120,35054;63,95196;88,54459;25,18259;182,01561;87,96508;188,65634;34,14953;103,18103;58,85593;40,83654;91,72495;142,28654;58,6288;46,07937;81,36935;28,92216;81,38811;91,46688;85,56998;107,18191;53,31025;46,77648;74,89918;94,38302;19,9968
"2014-09-15";100,79342;86,57554;124,80535;102,37241;24,513;121,90079;64,46532;88,94946;25,23126;182,8205;88,49976;189,17906;34,07062;103,31915;58,76769;40,87594;91,85271;142,82034;58,59926;45,62548;81,14068;29,4037;81,9844;92,58523;85,42105;107,15223;53,45969;46,93111;74,93872;94,88558;20,045
"2014-09-16";100,02976;87,54652;125,80332;102,37241;24,6695;122,60723;64,98855;89,13706;25,51356;182,88011;89,381;190,31331;34,45532;104,46363;58,81671;41,01383;92,12786;143,1861;59,06199;46,13857;80,73303;29,53146;82,18967;92,6743;86,54305;107,36986;54,12221;47,31769;75,44286;96,00895;20,0752
"2014-09-17";100,74384;88,24998;126,23808;101,52305;24,65972;122,37176;68,36483;89,19632;25,57196;183,65521;90,32165;190,15549;34,50464;104,76949;59,13046;40,98428;91,91167;143,70012;58,95369;45,90176;81,04126;29,82628;82,26788;92,6842;86,37425;106,86536;53,68136;47,5593;75,36378;95,66406;20,0835
"2014-09-18";100,95211;89,27049;127,04831;101,86475;24,6695;121,80267;70,2899;89,20618;25,72902;186,70586;91,18307;191,09245;34,69206;105,91397;60,1207;41,16158;91,86253;145,15323;59,37704;46,05964;81,49861;30,05231;82,2972;93,80254;87,00972;107,35007;53,90801;48,0232;75,34401;95,20091;20,2185
"2014-09-19";100,12894;88,87418;127,80914;100,07816;24,64994;122,45025;70,33926;89,35431;25,80756;185,0265;91,43061;191,33904;34,34682;106,54541;59,91481;41,41767;92,72731;145,00496;59,55426;46,88847;81,33952;29,87542;82,57091;93,63429;87,17852;107,28082;53,86069;48,66106;75,95688;95,70348;20,0643
"2014-09-22";100,22811;88,17072;127,07796;98,50636;24,42496;121,16491;70,57619;88,16937;25,60141;184,12224;90,98505;190,46124;34,23831;106,43688;59,71872;41,58511;92,30475;144,03622;59,64287;46,43459;80,24586;29,65922;82,90326;93,6244;87,14873;105,32217;53,2704;48,49677;75,43298;95,13194;20,0064
"2014-09-23";101,79511;87,49697;125,8626;97,61794;24,16086;120,743;70,13195;87,20167;25,54251;183,92351;90,58898;188,99167;33,95225;106,0225;59,74813;41,26007;91,89201;142,71159;59,3475;45,94123;79,65925;29,53146;82,54158;92,58523;85,97708;104,28349;52,91673;48,23582;74,73113;94,62937;19,9502
"2014-09-24";100,91244;87,70504;127,04831;98,79923;24,43474;120,09544;71,89907;88,32735;25,45416;186,62636;92,10391;189,67221;34,27777;107,18671;60,42464;41,63436;93,35623;143,21574;59,42627;46,45432;80,37511;29,78697;83,32359;93,81244;87,58562;104,92648;53,4024;48,39046;76,19413;94,42243;19,9775
"2014-09-25";97,06438;85,96125;125,62547;97,14933;24,00435;118,40782;70,87236;86,96468;25,08114;182,92981;90,99495;186,41747;33,67606;105,66731;58,97358;41,15173;92,53077;140,84331;58,71741;45,42814;79,29137;29,46267;82,43406;92,73367;85,56998;103,36352;52,48086;47,94589;75,24516;92,87534;19,833
"2014-09-26";99,92067;87,55643;127,15701;97,99869;24,45431;119,18295;71,57329;87,62627;25,15967;183,95331;91,92569;187,45306;33,79443;105,66731;59,37556;41,56541;93,06142;140,784;58,47127;45,79322;88,98531;29,20715;82,67844;93,42646;85,98701;104,10543;52,78721;48,10052;75,61091;94,03812;19,8233
"2014-09-29";99,28593;87,14029;127,23605;97,46174;24,57169;118,28027;71,12904;87,71514;24,95352;182,67145;91,96529;187,03883;34,42573;105,11481;59,15006;41,61466;94,55512;140,55664;58,49096;45,82282;88,60749;29,25629;82,54158;92,80296;85,89765;103,94716;52,53565;48,08119;75,20562;93,05271;19,592
"2014-09-30";99,92067;86,73407;125,8626;96,68072;24,80824;117,07343;70,84274;87,91263;25,14985;182,4131;90,83652;187,22623;34,34682;105,16413;59,06182;42,01849;93,16952;140,05249;58,36298;45,74389;88,68703;29,05974;81,85732;92,97121;85,6395;104,46155;53,14337;48,31314;75,59114;92,67825;19,621
"2014-10-01";98,36359;85,27326;123,18488;95,2944;24,67025;115,43487;69,57911;86,39196;24,69829;179,56117;90,12361;184,60271;33,5281;102,90478;58,60101;42,09729;92,56025;137,58121;57,80179;45,29;87,19566;28,64699;81,27081;92,13987;84,27919;102,72052;52,30651;47,77193;75,24516;91,50561;19,5149
"2014-10-02";99,07767;85,33289;122,69084;95,09915;24,69982;114,90504;69,33231;85,70074;24,65903;181,72745;91,3316;184,34628;33,06448;102,46079;58,07788;42,01849;92,49146;137,07707;57,93962;45,15186;88,78646;28,55854;81,18284;92,11018;84,29905;102,12699;52,23428;47,63662;75,3539;91,93919;19,5149
"2014-10-03";98,79997;86,61482;124,85476;95,07962;24,94623;115,49374;69,73706;87,3399;24,93389;186,88474;92,6188;186,08214;33,56755;103,72366;59,51897;42,35338;93,21866;138,55984;58,97338;45,47747;89,77077;28,71578;81,9062;93,48584;85,41112;103,29427;52,79966;48,04253;76,43137;92,55015;19,4957
"2014-10-06";98,79997;86,48563;124,75595;95,67515;24,65054;115,86658;69,2632;87,44852;24,75719;186,29845;92,34155;186,44705;33,64647;103,45728;59,40052;42,94436;92,2163;138,72789;58,65834;45,47747;88,70692;28,66664;81,69114;93,72337;84,4877;103,09643;52,74985;48,40012;76,46102;93,1414;19,5342
"2014-10-07";97,93713;84,81614;121,85097;92,45343;24,28586;113,83556;68,11803;86,01673;24,35472;182,64165;91,55933;183,16275;33,01516;101,02032;58,50231;43,25954;91,20412;136,09845;57,55566;44,92492;87,56353;28,2932;81,29036;92,6941;83,59408;100,32661;51,81834;48,01354;76,4116;92,00817;19,6499
"2014-10-08";99,97026;86,86326;123,4912;94,35718;24,30557;115,72922;67,64416;87,00418;24,78664;185,46375;93,16338;186,76268;33,80429;103,50661;59,61767;43,88007;92,20648;139,78561;59,24905;46,15831;88,31916;28,87302;82,28743;93,47594;86,00687;101,52357;52,89182;48,73672;77,34079;93,23009;19,7655
"2014-10-09";100,18845;85,35276;121,29765;91,28191;23,84233;112,35399;66,44962;84,6343;24,32527;180,12759;92,15343;183,86299;33,16312;100,71447;58,31477;43,2103;91,11568;137,04742;58,29406;45,24066;86,72836;28,48975;81,77912;92,92172;84,33877;98,86257;51,73366;47,81808;76,96516;90,48077;19,7944
"2014-10-10";99,90083;84,45839;120,05265;90,92068;23,00454;111,74566;65,68947;85,18727;23,82463;179,24319;91,63855;183,37971;31,47636;99,87584;57,76202;43,80128;90,70296;132,29268;57,75257;43,44485;86,68859;28,62733;82,78596;93,07018;84,78558;98,86257;51,0537;47,82785;77,39022;90,26398;19,7366
"2014-10-13";98,9884;82,26221;119,01515;89,50508;22,60043;109,92068;64,87008;82,8569;23,5105;177,64334;89,70775;181,00278;31,04234;97,79407;57,40668;43,40729;89,16012;131,37335;55,27155;43,0699;84,89894;27,97872;81,49564;92,55553;83,35577;98,23936;50,87936;47,27081;76,66861;89,51507;19,6788
"2014-10-14";97,93713;82,22246;120,83324;90,59851;22,72857;107,71304;65,0379;83,084;23,65775;177,57378;89,21267;181,27895;31,70324;95,7123;57,23889;42,98376;89,52371;132,63866;55,45861;43,14884;84,60066;27,96889;81,67159;92,71389;82,23377;99,04063;50,49081;47,12422;77,08379;89,2293;19,6691
"2014-10-15";96,73709;80,42378;118,75826;90,39349;22,63;107,21265;65,58087;81,04986;23,83444;176,12299;86,98483;179,25705;30,85492;96,89624;54,81075;42,57992;88,87514;132,67819;53,88336;42,64562;84,69015;27,70355;81,08508;91,04131;81,57845;98,10087;49,87562;46,83104;74,33573;88,90411;19,5728
"2014-10-16";95,46763;79,7381;118,85706;91,7215;22,49201;108,96894;65,38343;80,71412;23,80499;171,49236;88,00468;177,37325;30,43077;95,48537;54,36658;41,92;88,35431;133,49867;52,60347;42,172;86,53945;27,22201;80,39104;90,86317;84,78558;98,16023;50,56055;46,58672;72,9716;89,27857;19,6499
"2014-10-17";96,86602;82,06347;121,77192;93,50203;22,91583;109,69501;66,12385;82,77789;24,36453;175,79506;89,3513;179,55295;30,95356;97,37968;55,47207;42,23519;89,46475;135,82166;53,18435;43,05017;86,67865;27,34977;81,39788;92,27842;87,55583;100,43543;51,30775;46,97763;73,24837;89,87967;19,2837
"2014-10-20";98,93882;83,48452;122,82917;92,49863;22,60043;109,39085;66,94323;84,44668;24,57068;176,71919;90,94543;166,78058;31,15084;97,87299;55,8965;42,63902;90,00523;136,01938;53,21388;43,49419;88,38876;27,44804;82,28743;92,23883;87,91328;100,38597;51,76853;47,37831;74,27642;90,4315;19,4764
"2014-10-21";101,62651;85,10432;125,60571;94,32835;23,1721;112,92307;67,94032;86,44133;24,98297;179,04445;93,27229;160,99107;32,16685;99,01748;57,17966;40,06827;89,43527;139,31111;54,27718;44,28356;90,11875;27,792;82,70776;93,26811;90,30622;100,88058;53,12843;47,58354;75,14631;92,28409;19,4764
"2014-10-22";102,14223;83,43483;120,00324;93,02985;22,92569;111,85359;67,7725;86,00685;24,72775;175,71556;92,42076;159,57083;31,83147;99,86597;56,70588;40,00917;89,36649;137,35387;54,65129;43,7902;89,34324;27,81166;82,9678;94,59429;89,13457;100,0892;52,53316;47,21217;75,1562;91,77167;19,4303
"2014-10-23";103,96709;85,07452;120,57633;97,6533;23,23124;114,00236;67,71326;86,88568;24,97316;178,9252;93,86639;159,95547;32,24576;101,25711;57,30798;40,24556;89,44509;143,38379;55,75397;44,4217;89,8503;28,10648;81,98279;95,77202;90,01828;102,06764;53,37003;47,12422;75,37366;92,73737;19,44
"2014-10-24";104,35387;85,85957;120,78384;97,82053;23,43822;113,72763;68,11803;87,4979;25,16949;182,19447;94,05451;159,85686;32,7291;101,75042;57,97918;40,413;90,08385;146,88312;56,71881;45,51694;90,37726;28,60768;83,88387;96,72212;90,99134;102,70074;53,17077;47,66172;75,50217;93,11183;19,4206
"2014-10-27";104,24478;86,08813;120,66527;96,93519;23,4185;112,85439;67,01234;87,3399;25,05169;182,75095;94,52979;159,64973;32,74883;102,67785;57,88047;40,14706;90,41797;147,84198;55,57676;45,29987;91,113;28,52906;84,66203;97,85036;91,47787;103,06676;53,15334;48,29695;75,70975;92,34321;19,4401
"2014-10-28";105,86136;87,4595;122,13751;99,51252;23,72405;114,92465;67,08144;88,80134;25,40508;185,14577;95,63876;161,35602;33,28149;103,38821;58,85765;39,95007;90,99776;149,32475;54,98603;45,87216;91,91833;28,58802;85,17423;98,7015;91,98426;105,12433;53,97526;48,82468;75,47251;93,71294;19,3946
"2014-10-29";106,45642;87,78743;121,61383;98,55832;23,75362;114,93447;65,94614;88,40636;25,18912;184,90727;95,47043;161,21794;33,45905;104,14791;58,52205;40,34406;91,12551;149,27533;55,33062;46,00043;91,42121;28,98112;85,24319;98,39469;92,30199;104,70885;53,46467;48,69763;75,51205;93,21037;19,3425
"2014-10-30";106,09939;88,18493;122,34502;98,52881;23,73391;114,99334;66,79516;89,0877;25,19894;185,79166;96,55959;162,09572;32,13726;105,60812;58,62075;40,77744;91,76426;150,35281;56,42345;45,43801;92,46518;29,32508;85,63719;98,96871;93,21548;105,19357;58,94165;48,76604;75,57137;93,07241;19,3718
"2014-10-31";107,11099;89,38736;123,42204;99,75845;24,1183;117,69156;68,26611;90,23313;25,33637;188,79263;96,55959;162,14503;33,54782;106,33822;59,69664;41,25023;92,10821;152,00363;57,0437;46,32605;92,43535;29,43319;85,96224;99,76046;94,33749;105,84646;60,13218;49,10809;75,39343;95,29945;19,3327
"2014-11-03";108,49947;90,28173;124,52869;98,58783;24,22672;114,58125;67,99956;90,559;25,22839;189,62733;95,14368;162,10558;33,84375;106,0225;60,09146;41,18128;91,99029;151,53903;58,00854;46,80953;92,91259;29,66904;86,07059;98,91922;94,18855;105,15401;60,15958;49,2449;75,40332;93,87061;19,401
"2014-11-04";107,70605;90,80842;124,34095;97,00405;24,52241;113,1978;67,63428;89,21606;25,22839;189,07086;95,01496;160,41904;34,07062;107,16698;59,46962;41,19112;92,8354;153,26892;58,45158;46,93781;93,40971;29,75749;87,31171;100,08705;94,3077;105,72775;60,51575;49,18627;76,37206;93,1414;19,4706
"2014-11-05";107,96391;91,84191;123,45643;97,79102;24,78853;114,84617;68,91766;89,85791;25,34618;188,64357;94,83673;159,60043;33,51957;107,3643;60,35796;41,67376;93,00246;153,90157;58,64849;47,22395;94,13551;29,77732;87,66632;100,44334;95,12189;106,76643;62,14963;49,19604;76,807;93,68337;19,4889
"2014-11-06";108,27268;91,00717;123,81421;99,26659;24,89695;116,29829;69,22371;90,84536;25,87627;189,79626;96,33186;160,33528;33,57914;107,55177;60,43692;41,65406;93,02212;154,25743;58,34328;48,05279;94,05598;29,77732;87,56783;100,85902;95,52899;107,40943;62,2891;49,13741;76,91573;94,85602;19,4401
"2014-11-07";108,58147;91,68291;123,68501;100,10275;24,96594;116,56322;69,51;88,87046;25,92536;189,5081;96,68832;160,94102;33,34085;106,7526;60,67381;41,68361;93,4545;154,75169;58,42205;48,03305;93,24069;29,65836;87,79437;101,31427;92,9474;107,90404;62,87192;49,70423;77,8647;95,86839;19,4596
"2014-11-10";108,40218;91,82204;123,87384;100,54542;24,78853;115,69978;69,82591;88,65321;25,98425;190,59122;97,1933;162,35114;33,02313;107,3643;61,12785;41,75255;93,46433;155,84894;57,90025;48,24026;94,4139;29,93591;88,10957;101,92787;94,07932;107,8249;62,31899;49,56741;78,52701;95,56071;19,4986
"2014-11-11";109,26875;91,16617;124,58942;100,86021;24,78853;116,21;69,90488;88,85071;25,89591;190,67072;97,17349;162,16246;33,07278;107,45311;60,57511;41,87075;93,49381;155,30525;58,45158;48,22053;94,33437;30,05486;88,32628;101,87839;95,01267;107,09288;62,19944;49,45991;78,10194;95,68974;19,5279
"2014-11-12";110,81267;90,97736;125,09628;101,31271;24,7491;115,43487;70,04403;88,77171;26,03334;188,98141;97,52004;160,79207;33,14228;107,29524;59,7756;42,06774;93,68053;155,8687;58,39251;48,13173;95,25902;30,15399;88,13913;101,99715;95,00275;107,56036;62,87321;49,66513;78,28976;94,66743;19,4899
"2014-11-13";112,3765;90,50036;127,73993;99,46333;25,31091;114,25746;70,11359;89,35431;25,93517;189,04106;98,02502;161,65601;33,44014;107,61096;59,44987;42,14654;93,82793;156,53102;58,61895;48,9507;95,56724;30,15399;87,27232;102,1654;95,22119;107,56036;62,61618;50,0365;81,98678;93,95282;19,4592
"2014-11-14";113,73115;90,10286;128,0679;99,68958;25,94171;115,18832;70,36205;89,66042;25,97444;188,78268;97,27251;163,01646;33,70822;106,71314;59,49923;42,08744;94,5453;157,02527;58,15622;48,9211;94,9508;30,07469;86,78966;101,37365;94,43678;106,87405;62,09712;50,32968;82,00655;94,3796;19,4986
"2014-11-17";113,54189;89,56624;127,63061;100,04372;26,08955;114,62386;70,03409;89,27531;26,12169;188,733;97,06458;163,01646;33,99615;106,85126;59,59793;42,27458;94,30945;156,86711;58,54019;48,80269;95,50758;30,05486;86,5237;101,69035;95,78716;106,79449;62,33669;50,23196;82,60954;94,39945;19,4596
"2014-11-18";115,01608;90,01343;129,85684;100,37819;26,21769;114,34659;70,71982;89,14694;26,51435;188,44482;95,03477;160,76227;34,46281;107,37418;59,74599;42,87541;94,74184;158,31033;58,96354;48,39559;95,91522;30,3225;86,63206;101,78931;97,49498;108,21682;62,31922;50,05605;82,82701;94,16125;19,4694
"2014-11-19";114,21922;89,93392;130,80099;99,65024;26,20783;115,33686;70,80926;88,69272;26,426;187,99767;95,74767;160,30547;34,10537;107,30511;59,81508;43,55503;94,88924;157,84821;58,71741;47,87926;96,39246;30,17382;87,40037;101,96746;96,17439;108,07758;62,35166;49,34264;84,01321;94,89572;19,4303
"2014-11-20";115,85277;90,05318;130,89044;100,42737;26,42467;116,16869;70,98814;87,78426;26,35728;188,55414;96,60911;159,52098;35,69398;106,73287;59,3413;43,58458;94,96786;158,37492;58,46143;48,35587;96,74046;30,17382;87,14426;102,39303;96,16446;108,23671;62,80334;49,04945;83,60793;95,10415;19,4303
"2014-11-21";116,01215;89,82462;131,96381;104,71636;26,49366;117,42633;71,7037;87,84351;26,49471;188,39514;97,31211;159,79903;35,33654;107,11023;59,66703;43,83083;95,00716;159,16998;58,7371;47,64096;96,85976;30,18373;87,27232;102,73941;96,02545;109,70878;63,43969;49,069;83,67712;96,08675;19,4206
"2014-11-24";118,16365;90,47055;133,78256;104,23434;26,64151;116,44596;71,7037;89,44318;26,50453;188,87213;97,43094;161,02046;35,99184;106,13704;60,17042;43,60428;95,48869;158,89172;58,33344;47,25372;97,38671;29,95574;86,78966;102,71962;96,21411;108,20687;63,5395;48,37513;84,41851;95,0049;19,4108
"2014-11-25";117,1377;90,8283;133,98132;104,50978;26,88791;115,01997;71,2366;90,49975;26,3671;187,66975;96,05463;160,63318;36,06134;105,95829;59,51897;43,76188;95,32162;157,08296;58,42205;47,13456;96,73051;30,20355;87,46932;102,36333;97,20703;111,11122;64,19831;48,21877;83,97367;94,07191;19,4693
"2014-11-26";118,5322;90,87798;133,95151;104,06712;27,03576;113,99009;71,0279;90,76636;26,37691;187,33189;96,73782;160,82185;36,63721;106,46474;59,55845;43,92552;95,39102;157,33142;58,82571;47,41258;97,23758;30,82804;87,54812;103,29364;97,41554;109,56953;64,19831;48,90286;84,00333;93,77416;19,5084
"2014-11-28";118,46247;91,84191;133,53409;98,96164;27,24274;107,81081;70,95834;91,34896;26,00389;187,82037;98,42109;161,04033;36,98472;107,49752;59,38078;44,46107;95,97594;159,10042;59,46565;47,47216;98,71901;30,87761;89,07489;103,37281;97,93186;109,48996;64,43038;49,44036;86,53391;89,86359;19,4524
"2014-12-01";114,61765;91,56367;131,5762;97,3877;27,19346;110,64298;70,64031;91,53657;25,54251;187,61102;97,9062;160,4147;36,90528;107,27905;59,22285;44,18338;94,95481;157,18236;59,58379;48,27644;97,12821;30,98665;88,73014;103,36292;98,35882;109,10205;64,4204;48,89309;85,22908;91,66007;19,4108
"2014-12-02";114,17937;92,41829;131,46687;97,88939;27,42015;112,91069;71,24654;92,29691;25,57196;189,59479;97,65749;161,53683;37,33222;107,75571;60,28887;44,17346;94,29059;159,60727;59,83977;48,11757;97,4762;31,29393;89,7053;103,32333;99,12337;109,0921;64,88456;47,994;85,40701;93,48633;19,3718
"2014-12-03";115,47427;90,67924;131,15878;98,54848;27,54828;112,60371;71,80307;91,94143;25,89591;190,35242;98,08528;163,37396;37,16344;106,97121;60,74291;43,43955;94,67722;161,257;59,64287;47,74025;97,93355;31,47236;88,65134;104,10519;100,46388;110,39508;65,28134;47,68127;84,43286;94,24065;19,4401
"2014-12-04";115,036;91,25561;130,51279;98,04678;27,37087;111,18762;71,92233;92,05992;25,61123;191,34929;98,44344;162,90723;37,19322;106,81231;60,58498;43,14202;94,83585;161,257;59,9776;48,49488;98,48039;31,39306;89,22265;104,01611;99,33765;110,6139;65,16655;47,67149;84,25394;93,66499;19,4206
"2014-12-05";114,54792;92,07048;131,39732;97,17128;27,10475;109,79134;72,618;92,58327;25,5327;194,83833;99,12991;162,13266;37,40173;107,75571;61,88788;43,17177;95,48025;161,26695;60,53879;48,07785;98,75877;31,71026;89,02564;104,11508;99,99545;110,69347;65,71805;47,50536;83,61776;93,11909;19,4791
"2014-12-08";111,95815;92,97478;129,47917;93,69877;26,83863;105,76094;72,23042;92,62277;25,21857;196,00467;99,91586;160,73248;36,93507;107,76564;61,85827;42,78498;91,81213;159,93521;60,92276;47,36294;97,15804;31,69044;89,39995;105,299;99,58681;112,44404;65,65565;47,78877;83,7271;91,01492;19,3913
"2014-12-09";113,67139;92,77604;128,86299;93,89551;27,0259;105,9689;71,71363;91,77356;25,11059;196,27382;99,12991;161,85461;36,62728;107,29891;61,64112;41,69403;90,57289;159,83585;59,08168;47,25372;96,472;31,67061;89,3507;104,48318;100,68314;114,37363;65,91519;45,85376;83,0611;90,69732;19,4206
"2014-12-10";111,50991;92,16985;123,87384;91,50508;26,48381;103,83981;70,78938;90,48;24,80628;191,39912;98,43349;159,39188;36,16063;105,50149;59,89405;41,25765;89,22461;157,26186;59,05215;46,56859;97,09838;31,5814;88,65134;103,72707;98,75957;112,89162;65,31128;45,13058;82,48457;88,00756;19,4694
"2014-12-11";111,18121;92,54747;122,61165;91,18047;26,60208;103,88933;71,1869;91,75;24,94371;192,9343;99,75668;159,948;36,43864;105,97816;60,34809;41,18823;90,18626;158,16621;58,86367;46,83668;96,64968;31,37324;89,0552;104,03549;99,39745;113,42873;65,66064;45,30649;83,32949;88,5336;19,5865
"2014-12-12";109,29865;90,4308;120,02763;89,02612;26,47395;101,38394;68,92101;91,49;24,43325;188,22908;99,2692;154,29762;35,97198;103,70407;59,26234;40,57333;89,83927;156,14877;57,25668;46,61824;95,89188;30,67936;88,20808;102,6327;98,43069;111,54887;64,07852;44,54421;83,30961;85,95303;19,4206
"2014-12-15";107,80454;89,47681;121,32958;88,28834;26,29654;99,87873;68,84151;90,9;24,13875;184,95934;99,53781;151,99379;35,66419;103,23734;58,39373;40,23613;87,69788;155,88045;56,49286;46,34021;95,15402;30,59015;87,86332;102,56305;97,94231;111,31015;64,05856;44,38784;83,43884;86,25079;19,3035
"2014-12-16";106,33035;87,68806;123,48624;87,88502;26,20783;100,71056;68,19553;90,17;24,04059;182,73633;96,56312;150,35529;35,30676;102,04568;57,67319;40,05761;87,95564;158,06685;56,34406;44,84089;92,94044;30,40181;88,02093;102,55311;95,53039;112,62308;63,23755;44,49535;82,46468;85,76445;19,2351
"2014-12-17";108,9799;89,87431;124,29126;88,28834;26,42467;104,98853;69,82539;91,38;24,20747;184,45094;98,43349;150,87164;35,98191;103,34657;58,99583;41,20807;90,8604;159,60727;57,1674;45,41679;94,22671;30,84787;89,34084;103,87631;98,80942;113,28948;64,65247;45,38467;83,7271;88,35495;19,0888
"2014-12-18";112,20716;92,58722;124,89751;90,19675;27,25259;107,96925;71,7832;92,61;24,911;191,01035;100,15463;156,58159;36,75636;106,06753;60,68368;42,04115;92,86299;164,27821;58,50656;47,18421;96,79925;31,69044;90,62137;105,40843;101,89908;116,33308;65,92017;45,9808;85,4269;90,47897;19,1668
"2014-12-19";111,34058;92,31892;125,45407;90,21642;27,37087;111,8313;72,83664;92,89;25,38663;192,67513;101,40819;157,40581;36,11098;104,81629;61,12785;41,60477;92,41687;164,45709;59,10175;47,32322;94,56572;31,6607;90,67062;105,20946;102,14824;114,97042;65,29881;45,95149;84,65155;92,94044;19,0595
"2014-12-22";112,49603;93,03441;127,43184;90,81648;27,8144;110,94006;73,68138;94,2;25,47581;193,8315;102,97015;160,31541;36,945;105,99802;61,13773;42,00148;93,08109;166,23604;58,48672;47,64096;95,65257;31,80939;91,21237;105,76659;102,69641;116,51212;65,93265;46,43035;85,86427;92,63275;19,0888
"2014-12-23";112,0976;93,23316;129,23071;91,97727;27,84397;112,84138;74,72489;94,69;25,64426;194,88817;103,22882;161,10985;37,16344;103,55511;61,67073;42,61638;93,40826;165,8385;56,75077;48,10764;95,69246;31,17499;91,89204;106,40332;102,50704;116,58174;66,19468;46,58672;86,14259;93,88333;19,079
"2014-12-24";111,56968;93,49153;130,43327;92,19369;27,89325;112,36605;74,32736;94,42;25,59472;195,27695;103,02984;160,69276;37,17336;103,86295;61,67073;42,58663;93,02161;165,92796;56,99876;47,79983;96,01154;31,14525;91,74429;106,1745;102,33761;116,28335;66,7861;46,58672;85,91396;93,07939;19,0107
"2014-12-26";113,54189;93,70022;130,82088;92,69538;27,94253;112,14819;74,66525;95,03;25,54517;194,83833;103,21887;161,20914;37,28258;104,32969;61,73982;42,60646;93,96342;165,23227;57,31619;47,54167;96,54997;31,37324;92,05949;106,1546;102,20805;116,61158;66,53406;46,7724;86,39111;92,51365;19,1375
"2014-12-29";113,46221;93,68034;131,47681;92,18385;28,05095;112,21751;74,36712;95,5;25,4659;195,57602;103,99487;159,39188;36,91521;104,59782;62,14451;42,50729;94,22119;165,6795;57,26659;47,1147;97,01862;31,11551;91,25178;106,40332;101,98878;116,23362;66,2371;46,46944;86,12271;92,37469;19,0888
"2014-12-30";112,07767;93,68034;131,01965;91,08208;27,95239;112,00955;74,12859;94,7;25,33709;195,09752;103,73621;158,93509;36,49821;104,62761;62,33205;42,40811;93,438;164,81487;57,18724;46,68774;96,59982;31,10559;91,01537;106,38342;102,50704;115,57715;66,01749;46,25444;86,27182;92,32507;19,3718
"2014-12-31";109,94608;92,45804;129,18102;90,03935;27,42015;111,0886;73,48262;94,19;25,03982;193,2234;104,43262;159,32237;36,03156;103,8431;61,76944;41,87255;92,89273;163,30428;56,33414;46,12177;95,87194;30,87761;89,725;105,30894;100,75291;114,38358;65,43107;45,71694;85,36725;91,75932;19,5377
"2015-01-02";108,90022;92,43816;129,1512;90,38365;27,4003;111,48471;73,25404;93,75;24,83173;193,80159;102,90051;160,93109;36,10106;103,79344;62,07739;41,79321;92,45653;163,04587;56,73093;46,42958;94,75517;31,05603;89,08475;104,90105;100,44395;114,42337;66,13478;45,89285;85,38713;92,13649;19,4401
"2015-01-05";105,83232;89,99355;128,25674;85,61264;26,85448;107,02849;71,27635;92,38;24,37592;187,75058;100,74162;158,39885;35,69398;103,06852;60,1502;41,79321;91,4354;159,36874;57,5741;46,00262;93,2296;30,88752;88,66119;103,63754;98,78948;112,51366;64,67494;45,51171;85,13863;89,61546;19,3913
"2015-01-06";105,84229;88,07562;126,74608;85,06176;26,84456;106,97897;70,45148;91,89;23,85075;183,9525;100,4332;154,98282;35,02875;102,56207;58,59056;42,11058;91,60394;157,66931;59,8358;45,32742;92,68119;31,14525;88,25733;102,71229;98,59015;110,92223;64,25819;45,97104;85,79468;89,13905;19,4078
"2015-01-07";107,32642;89,9992;128,7139;86,37994;27,09266;106,88985;71,8627;92,83;23,86066;186,69389;103,8755;153,96992;35,76348;104,82622;58,67997;42,63622;93,20007;158,81221;61,11545;45,90332;94,59564;31,57149;88,72029;104,46329;99,59678;112,12576;65,11913;45,67438;88,07101;90,04225;19,6157
"2015-01-08";111,45015;91,27493;130,98984;87,26527;27,30106;109,33582;74,06897;93,79;24,14802;189,67455;106,17367;157,31645;36,4287;105,65044;59,99126;43,15194;93,54705;162,61855;62,34549;47,25372;96,7793;32,2158;89,73486;106,63215;104,35088;114,03546;65,99255;46,65333;89,92985;91,54097;19,4694
"2015-01-09";111,56968;90,11879;130,73141;86,22254;27,57894;107,15722;73,04534;94,25;23,81111;186,76369;104,35303;158,00165;36,49821;104,21053;58,94819;42,67589;92,40695;160,62096;62,05782;46,85654;95,7124;32,36449;88,89759;105,28905;103,37415;113,40884;65,01432;46,23802;88,81653;91,41194;19,4108
"2015-01-12";108,82053;89,20186;130,06554;85,47491;27,83696;104,84988;73,94971;94,46;23,76157;184,49083;103,88544;155,35023;36,33934;103,85303;58,44156;42,2891;92,20868;159,7464;61,79991;46,27071;95,58278;32,48344;88,57253;104,66226;102,20805;113,83653;64,88705;46,55445;89,48253;89,65517;19,5182
"2015-01-13";109,78671;88,93276;130,36369;84,96339;27,88658;103,18623;72,68757;95,19;23,64266;184,35124;103,19897;155,71767;36,24006;104,03178;58,45149;42,27918;92,03023;159,62714;61,69079;46,03241;94,73524;32,15633;88,94685;104,82145;102,72631;113,72712;65,07671;46,65333;88,77677;89,32763;19,5182
"2015-01-14";109,36837;86,77995;129,57857;84,66827;27,70795;102,88915;72,49874;94,23;23,56339;179,66595;102,11456;154,71471;36,09113;103,27706;56,43489;42,20975;90,75134;158,85196;62,13718;45,63523;93,439;32,19598;88,64149;103,23958;102,98544;112,91151;63,77407;46,44567;86,0929;89,06957;19,5277
"2015-01-15";106,40008;85,59392;129,34003;83,6269;27,20182;101,67112;72,69751;94,35;23,36521;177,93141;100,4929;153,49327;35,93227;101,77756;54,62691;42,03124;90,59272;158,67308;61,38328;45,15862;92,5416;32,11668;88,51344;103,67733;104,11167;112,91151;63,16768;46,57422;86,85829;88,29539;19,5377
"2015-01-16";105,57334;85,75339;129,9761;83,17068;27,46977;104,09729;73,7907;95,18;23,37512;176,67535;103,58698;156,04536;36,19041;103,31679;55,5607;42,18;90,70177;160,99861;62,52405;45,91325;92,72108;32,51318;89,88261;105,99542;105,4173;115,52742;63,62185;47,45429;86,25193;90,43926;19,5373
"2015-01-20";108,29261;86,96932;130,41339;83,27979;27,85681;105,43415;73,90002;94,74;23,63275;175,08037;102,72143;155,85669;35,83298;100,5859;55,34216;42,80482;90,01772;160,93898;62,10742;46,06219;93,33929;32,81055;89,82351;105,299;105,26781;116,90002;64,0935;47,64217;86,17242;90,40948;19,6353
"2015-01-21";109,11935;87,37795;131,59608;84,66827;27,62856;107,10771;73,72114;94,17;23,82102;176,5956;102,99999;151,03053;36,2202;101,19166;55,52097;43,00317;89,56168;161,53526;61,66103;45,59551;93,23958;32,35458;90,00604;104,47324;108,95547;118,39198;64,20329;47,71138;86,12271;91,18366;19,6841
"2015-01-22";111,95815;84,08895;134,80623;86,10635;28,28354;107,86031;74,6255;95,15;24,05884;181,47029;105,52699;154,30756;36,64714;103,03873;57,20974;43,41972;90,10694;164,86456;62,08758;46,79697;95,57281;32,52309;90,88894;107,61709;113,47036;119,80437;64,28315;47,26641;87,7728;92,17619;19,8675
"2015-01-23";112,53587;83,84975;133,7925;84,9063;27,99575;105,81046;73,33355;94,72;24,25701;179,92516;104,83058;154,78421;36,19041;101,48957;56,30575;42,95358;88,7884;163,00613;61,98838;46,84661;95,88191;32,16624;89,36123;106,45307;111,62653;119,3369;64,45534;46,62366;87,98155;90,21098;19,8279
"2015-01-26";112,65539;83,02251;133,24588;85,32285;27,75757;107,8207;73,65157;94,97;24,36601;179,85536;105,81551;155,2708;35,55497;101,54916;56,39516;42,64613;89,88884;163,22476;62,31573;46,67781;96,07136;32,51318;88,86522;106,52271;111,23783;118,11349;64,01614;46,43578;88,10083;91,07449;19,7686
"2015-01-27";108,71096;82,12551;131,66565;79,19364;26,6957;107,20674;72,72732;93,97;24,15792;175,93767;104,62166;152,59953;33,94651;101,38033;55,82892;42,04115;88,79832;162,61855;62,05782;42,35855;94,22671;32,31493;85,79987;105,50793;109,64317;118,52129;62,63365;45,83259;87,0074;90,27053;19,7587
"2015-01-28";114,8567;81,45775;138,78163;79,35233;26,60638;102,701;71,26641;92,67;23,62284;172,50844;104,2038;150,49431;33,53943;100,77458;54,3885;41,57502;88,01512;162,92662;60,95673;40,89894;93,04015;31,67061;84,47057;104,04544;108,09834;116,29329;61,47825;45,53594;86,30164;87,29294;19,8675
"2015-01-29";118,43259;81,72684;146,8716;79,34241;27,01327;101,99791;72,26023;93,22;23,86066;175,43924;107,06906;154,39693;33,96637;101,66832;55,30242;41,75354;92,46644;165,10309;61,59159;41,71314;94,59564;31,55166;84,98641;104,00565;109,02524;115,82581;61,8875;45,59528;87,19627;86,92571;19,8672
"2015-01-30";116,69943;80,42121;144,47641;79,31266;26,16972;101,53248;70,76951;90,96;23,67239;171,87044;103,88544;152,24203;32,8047;99,44389;54,02094;40,83119;91,64359;161,29675;59,79612;40,11452;91,98322;30,97673;83,61743;102,29443;105,89571;114,16476;63,61187;45,19974;84,47263;86,7669;19,8378
"2015-02-02";118,16365;81,85641;145,36095;80,17551;26,62623;105,02814;71,16703;91,93;23,98947;174,9408;103,89539;153,58264;33,41036;100,1291;55,10374;41,24774;91,71299;163,40366;60,39131;40,9883;91,65417;31,37324;84,4408;104,04544;106,93224;115,95512;63,71917;46,45556;85,19827;88,91077;19,8378
"2015-02-03";118,18358;83,45108;146,4343;83,23019;26,91403;108,46438;72,8764;94,1;24,2471;179,67593;106,691;157,3661;33,46;101,74776;56,34549;41,28741;93,11084;164,91426;60,53019;41,30604;93,08003;31,74;85,26418;105,49798;107,4505;118,25273;64,82966;47,29607;85,6754;91,56082;19,9162
"2015-02-04";119,09;83,33148;146,31505;81,27638;26,48729;107,29586;73,28385;101,28;23,93993;178,2205;107,85502;155,86662;33,6;100,65541;56,00773;41,337;93,23972;163,79124;58,576;41,54435;92,27238;32,07;85,10546;106,18445;107,56013;117,15863;66,10235;47,26641;86,13265;90,77672;19,8774
"2015-02-05";119,94;84,44775;147,68657;82,88306;27,05296;108,24652;75,52988;102,64;24,27683;180,20427;108,43204;156,81;33,94;101,74776;56,39516;41,44609;93,52721;165,52049;58,69503;42,15004;93,07006;32,99;86,00819;106,86098;108,45714;119,46619;67,82671;47,32574;86,75889;91,67;19,8816
"2015-02-06";118,93;84,72682;147,09026;82,52602;27,03311;108,5436;75,62926;102,02;24,29665;182,85594;108,48179;156,72;33,3;100,39722;57,50776;41,10889;93,18024;165,04346;58,31808;42,11032;91,52455;33,17;84,9269;106,65205;107,2412;119,1678;66,7337;48,77933;86,80859;91,5;19,8537
"2015-02-09";119,72;84,69692;146,67284;83,97402;26,91403;109,35562;75,25161;101,73;24,41556;181,64973;107,78537;155,75;32,93;99,0864;57,43822;40,8907;91,92118;163,82104;57,86178;42,06067;90,90634;33,07;84,37137;105,22935;106,1349;118,68043;66,24458;48,54201;85,39707;91,56;20,0553
"2015-02-10";122,02;85,55405;147,12999;83,21036;27,28122;109,10806;75,51;101,92;24,49483;183,98241;110,10344;158,56;33,7;99,65244;58,074;42,05107;93,20998;164,795;58,3776;42,29897;92,48177;34,15;84,70865;105,97552;108,60664;118,76;66,01749;48,95732;86,76883;91,01;20,0829
"2015-02-11";124,88;85,72349;147,92;82,72439;26,72547;108,91;75,25;101,87;24,54437;187,06273;109,74529;158,2;33,55;99,68222;57,98459;42,02132;93,39834;164,48;58,26849;42,08053;91,04594;34,25;84,95666;107,21913;109,4837;118,69;66,4975;49,25397;85,8245;90,6;20,1739
"2015-02-12";126,46;80,21191;148,09;82,8434;29,23625;110,86;76,29;103,58;24,66328;189,18608;111,58582;158,52;34,13;97,75571;59,17667;41,82296;94,27075;165,91;58,40736;42,78551;91,73394;34,87;85,34354;107,48775;109,47373;119,59;67,7275;48,96721;85,37719;92,37;20,1343
"2015-02-13";127,08;77,8199;149,73;84,43024;29,20648;112,78;76,18;104,17;24,92091;188,40852;111,3172;160,39999;34,36;98,92751;59,27601;41,64445;94,82594;165,94;58,33792;43,56;91,77383;34,64;85,21458;107,44796;109,07507;121,25;67,4075;48,75956;85,29767;93,37;20,3419
"2015-02-17";127,83;78,81657;149,92;84,67818;29,08739;112,4;76,43;104,12;24,94073;189,42532;111,42664;160,96001;34,74;99,74181;59,70317;41,46593;93,53713;166,92;58,31808;43,58;91,59435;34,58;84,80785;107,44796;109,394;121,32;67,7175;48,631;85,44677;93,05;20,3158
"2015-02-18";128,72;79,51424;151,17;84,10296;29,26603;110,44;76,31;103,86;25,02;188,07954;111,41669;162,19;34,27;99,26514;58,97799;41,38659;93,76515;167,39999;58,328;43,53;93,34926;34,48;85,57171;107,42806;109,40397;121,99;67,28;48,39368;85,7748;91,01;20,2035
"2015-02-19";128,45;78,13884;153,75;82,61529;29,08739;108,35;76,08;103,89;25,01;188,51817;110,37206;163,89;34,21;100;58,83891;41,76346;93,37852;167,09;57,83202;43,5;93,42902;34,41;84,53008;107,438;109,6631;122,91;67,275;48,36402;83,02134;89,44;20,1937
"2015-02-20";129,5;79,56407;158,31;83,74592;29,38511;108,6;76,67;104,55;25,21;190,91066;111,66541;163,64999;34,41;100,26;59,40515;41,62461;93,37852;168,12;57,88161;43,86;94,65546;34,56;84,1928;107,26888;112,24447;124,11;68,25;48,42335;83,79668;89,92;20,2232
"2015-02-23";133;80,03251;154,74001;82,80373;29,40496;107,86;77,46;104,99;25,17;189,71442;111,7052;162,91;33,76;100,18;58,95812;41,5056;93,49747;168,81;57,83202;44,15;94,73524;34,39;84,70865;106,53266;116,01186;123,72;68,2525;48,22558;84,09489;89,01;20,1542
"2015-02-24";132,17;80,59064;154,38;83,80542;29,40496;107,96;77,9;104,67;25,39;191,61844;116,15232;164,83;34,41;100,7;60,41842;41,78329;94,16171;169,12;57,89154;44,09;95,14405;34,34;84,81777;107,00026;115,0451;123,79;68,1175;48,67056;84,06507;89,42;20,2627
"2015-02-25";128,78999;81,89628;153,00999;84,45008;29,26603;108,58;77,9;105,57;25,91;191,12001;115,71457;162,81;33,95;101,21;60,7363;41,70395;97,81001;168,89;58,0205;43,99;96,54;34,66;84,77809;106,36353;113,6697;123,37;68,2525;48,65078;83,07104;89,6;20,3305
"2015-02-26";130,42;82,97268;151,73;83,11118;29,68283;107,06;78,03;104,56;25,89;192,2;114,78933;160,87;33,65;102,8;61,1734;42,11058;99,51;169,61;58,48672;44,06;96,99;34,59;84,4904;107,26888;113,281;122,67;68,4375;48,81888;83,29967;88,65;20,4121
"2015-02-27";128,46001;81,31821;150,85001;82,21857;29,28587;106,68;77,85;104,08;25,99;189,78999;114,16256;161,94;33,25;102,51;60,87538;42,94366;98,9;168,64999;58,07009;43,85;97,12;34,32;84,45072;106,89082;113,2511;121,91;67,8275;48,89799;83,42889;88,54;20,4892
"2015-03-02";129,09;81,75674;153,8;82,31776;29,96071;105,9;78,49;105,89;26,11;191,78999;115,52554;160,48;34,06;103,22;61,36214;42,84449;100;170,5;58,10977;43,88;98,75;34,77;84,72849;107,34847;114,01853;123,19;69,5725;48,91777;83,45871;88,04;20,589
"2015-03-03";129,36;81,63715;155,57001;82,15907;29,31565;105,16;78,07;106,35;25,86;191,27;115,4758;161,03;34,1;102,34;61,56083;42,59655;99,74;168,27;57,8717;43,28;97,97;34,56;84,48049;106,85103;112,48367;121,7;68,825;48,99687;82,87224;87,62;20,5989
"2015-03-04";128,53999;80,3614;154,35001;81,0582;29,10724;105,16;78,12;105,57;25,66;189,67;114,17251;159,42;34,12;101,65;61,71977;42,15025;100,25;167,16;57,41539;43,06;97,52;34,64;83,67695;106,33368;113,44047;121,04;68,4375;48,52223;82,08695;87,18;20,5871
"2015-03-05";126,41;80,87968;154,47;80,84;29,07747;104,73;78,32;105,03;25,82;190,08;115,31662;161,17999;33,73;102,52;61,59063;42,05107;99,11;167,57001;57,51459;43,11;98,46;34,47;83,95471;107,05;114,40723;120,79;68,5325;48,37391;83,07104;86,74;20,6582
"2015-03-06";126,6;80,04247;153,12;79,40192;28,71028;103,55;78,14;103,82;25,42;186,91;113,86409;158,5;33,19;100,11;60,48795;41,17831;97,13;164,36;56,38374;42,36;96,91;33,97;82,00043;105,8;112,50359;119,43;67,335;47,75094;82,09689;85,63;20,6384
"2015-03-09";127,14;80,24181;154,75;80,14575;29,13701;103,95;78,57;105,26;25,64;187,92999;114,66;160,77;32,72;100,66;61,09393;41,04938;97,71;166,37;56,80037;42,85;97,43;34,03;82,427;106,72;114,51687;121,75;67,855;47,69161;82,38516;85,16;20,678
"2015-03-10";124,51;78,84647;152,42;79,25316;28,44233;102,91;78,77;103,09;25,17;182,71001;112,56;157,81;31,7;99,53;59,56409;40,35514;96,29;162,25999;56,12583;42,03;96,51;33,78;80,88937;104,73;112,085;117,4;66,3;46,97964;81,57999;84,26;20,7471
"2015-03-11";122,24;79,18533;151,17;79,04488;28,04537;103,54;79,29;102,89;25,19;184,17999;113,07;156,8;32,33;98,32;59,84225;39,77;94,96;161,73;55,61;41,98;95,34;33,63;80,74057;105,67;112,72;118,34;66,1875;47,14775;80,69;84,02;20,7274
"2015-03-12";124,45;81,28831;152,03999;79,53085;28,02552;102,42;80,4;107,17;25,4;189,95;116,1;157,98;30,8;99,83;60,96478;40,57;96,25;164,47;56,17;41,02;97,04;34;81,43497;107,83;114,88;121,24;67,395;48,18603;81,9;84,22;20,7681
"2015-03-13";123,59;80,3315;151,57001;78,57874;27,7278;101,62;80,5;106,44;25,04;189,34;114,82;154,28;30,93;99,21;60,59723;39,91;96,35;162,74001;56,2;41,38;95,81;34;81,17706;106,72;115,25;118,74;66,2575;48,2948;81,9;83,87;20,7929
"2015-03-16";124,95;81,22851;153,67;79,31266;28,08506;103,13;77,07;107,37;25,45;191,89999;116,5;157,08;30,83;101,06;61,44161;40,29;97,15;166,21001;57,12;41,56;96,44;34,44;82,89325;108,93;118,52;120,07;67,255;48,72;83,29;84,76;20,8386
"2015-03-17";127,04;80,78997;154,50999;77,80515;27,9362;103,17;74,68;106,96;25,31;190,57001;115,58;156,96001;30,59;99,89;61,2032;40,51;96,17;164,23;56,47;41,7;96,54;34,17;82,18892;108,75;117,6;119,86;66,125;48,40357;82,62;84,08;20,9943
"2015-03-18";128,47;81,58731;155,73;80,66148;27,9362;106,7;76,01;107,97;25,64;192,32001;116,08;159,81;30,89;101,46;61,34228;40,6;97;166,47;57,65;42,5;97,51;34,38;83,08173;109,52;119,96;120,31;66,9175;48,98698;82,53;86,07;20,8164
"2015-03-19";127,5;81,26838;154,11;79,43167;28,04537;104,75;74,51;107,37;25,33;189,97;115,16;159,81;30,74;101,69;60,79591;40,02;95,98;165,66;58,21;42,29;98,32;34,15;82,71468;109,11;120,76;119,38;66,81;48,74966;81,52;84,41;20,8819
"2015-03-20";125,9;82,42451;154,5;80,52264;28,224;107,03;74,34;108,43;25,4;193,13;117,49;162,88;31,31;102,4;61,34228;40,65;97,05;166,49001;58,58;42,88;101,98;34,25;84,06384;109,73;119,14;119,46;67,41;49,00676;83,24;84,54;21,0536
"2015-03-23";127,21;81,92617;152,81;80,42345;28,19423;105,92;74,42;108,22;25,47;191,96001;116,07;164,63;31,2;102,98;60,7363;40,62;98,62;166,13;58,73;42,86;101,46;35,05;84,18288;109,62;119,04;118,68;67,08;49,08587;83,31;85,43;21,0635
"2015-03-24";126,69;81,09895;151,64999;79,81847;27,78734;104,2;73,6;107,11;25,27;191,28;116,15;163;30,79;101,96;60,06079;40,47;99,36;166,32001;58,63;42,9;100,65;34,52;83,25037;109,23;118,12;118,92;67,1;48,85844;83,05;84,52;20,9449
"2015-03-25";123,38;79,84314;148,23;79,20357;27,25144;105,67;72,03;105;24,91;187,35001;113,68;159,2;29,89;100,34;59,21641;40,45;98,14;162,7;58,26;41,46;98,99;34,3;82,34764;107,61;116,54;116,46;65,73;48,18603;81,32;84,86;21,0427
"2015-03-26";124,24;78,21857;148,17;79,2234;26,88425;105,25;71,76;105,24;24,8;187,24001;112,37;160,59;30,08;100,14;59,14687;40,35;97,64;162,59;57,6;41,21;99,33;34,16;81,49451;106,83;116,25;116,04;65,59;47,87949;81,89;84,32;20,9621
"2015-03-27";123,25;77,71027;148,85001;79,01512;26,92395;104,28;71,65;105,48;24,86;188,06;113,86;160,39999;32;100,34;59,1568;40,08;96,96;163,5;57,75;40,97;99,88;34,53;81,65322;107,13;118,01;116,9;65,54;48,01793;81,35;83,58;21,0042
"2015-03-30";126,37;77,79;152,7;80,70116;27,44;106,9;72,58;106,12;25,12;191,02;114,63;162,67;31,46;101,55;60,55749;40,51;97,88;166,05;58,34;40,96;100,89;35;82,05996;109,64;121;118,83;65,66;48,57167;82,53;85,63;21,0437
"2015-03-31";124,43;78,12;150,08;79,37216;27,53;104,98;71,47;104,89;24,81;187,97;113,61;160,5;31,27;100,6;60,18;40,55;97,44;164,95;57,48;40,66;100,33;34,79;81,28618;108,13;118,29;117,2;65,41;48,08714;82,25;85;21,1327
"2015-04-01";124,25;78,93;148,64;78,98537;27,25;104,79;70,98;105,44;24,84;192,23;113,13;159,17999;30,81;99,15;59,95;40,68;96,29;162,52;56,86;40,72;99,55;34,33;81,66315;107,11;117,45;115,92;65,18;48,37391;80,71;84,46;21,1168
"2015-04-02";125,32;79,7;149,28;79,58044;27,13;105,28;71,39;106;24,94;191,55;114,54;160,45;30,81;99,64;60,52;40,68;95,83;162,8;57,1;40,29;99,66;34,38;81,77227;107,74;117,36;117,13;65,29;48,91777;80,73;84,3;21,1524
"2015-04-06";127,35;79,63;150,92999;80,82016;27,22;106,92;72;105,63;25,18;192,05;114,95;162,03999;31,04;99,16;60,47;41,17;96,28;165,48;57,18;41,55;99,73;34,48;82,3774;108,13;117,7;117,86;65,2;49,07598;80,99;85,13;21,1821
"2015-04-07";126,01;78,33;152,32001;79,87798;27,39;108,54;71,67;105,43;25,02;192,39;114,3;162,07001;31,26;100,1;60,85;41,01;96,35;166,21001;57,43;41,53;99,61;34,54;81,73259;107,34;117,35;117,49;65,8;48,72;80,5;85,75;21,1227
"2015-04-08";125,6;78,69;153,36;79,7788;27,55;106,66;71,74;106,36;25,01;192,56;115,59;161,85001;31,31;100,16;61,05;40,89;96,85;166,27;57,15;41,42;100,84;34,64;82,10955;107,34;118,19;117,84;66,5;49,13;81,03;84,06;21,1821
"2015-04-09";126,56;79,16;153,42;80,01682;27,63;106,95;71,93;106,77;25,73;194,89;114,57;162,34;31,24;101,33;61,47;41,05;96,55;166,78999;57,43;41,48;100,72;35,03;82,2286;107,3;118,55;117,88;66,44;49,01;80,84;84,65;21,113
"2015-04-10";127,1;79,59;154,38;81,92104;28,04;106,91;72,23;106,95;28,51;195,64;115,24;162,86;31,93;102,06;61,7;40,88;97,8;167,07001;57,25;41,72;99,97;35,44;82,68493;107,65;119;118,46;66,34;49,22;80,65;85,56;21,1623
"2015-04-13";126,85;79,27;153,24001;81,46482;27,98;106,5;71,96;106,51;27,63;195,58;114,44;162,38;31,73;100,55;62,07;40,7;97,44;165,84;56,73;41,76;99,27;35,09;82,76429;107,87;119,37;117,41;65,61;49,04;80,29;85,34;21,0042
"2015-04-14";126,3;79,49;153,21001;82,31776;27,81;108,84;72,26;106,66;27,73;197,72;114,05;162,3;31,49;100,52;63,04;40,51;97,58;165,99001;57,76;41,65;99,53;35,03;82,93293;107,79;119,92;117,69;65,53;49,18;80,15;86,63;21,0535
"2015-04-15";126,78;79,75;152,42999;84,46;28,25;110,41;72,1;106,98;27,46;201,10001;113,45;164,13;32,83;100,6;64,21;40,4;96,44;166,44;58,45;42,26;99,83;35,21;82,84365;108,08;117,32;117,87;65,68;49,39;79,74;88,08;21,1738
"2015-04-16";126,17;80,91;151,97;84,34;28,6;110,16;72,25;108,1;27,28;200,21001;113,37;163,13;32,87;99,79;63,81;40,6;95,63;165,89;57,84;42,16;99,9;35,19;82,83373;108,67;121,6;117,48;65,65;49,27;79,24;87,73;21,192
"2015-04-17";124,75;77,32;149,60001;83,28;27,92;109,11;71,55;106,69;27,25;197,35001;112,1;160,67;32,47;99,58;62,84;40,3;94,88;161,71001;56,88;41,62;98,55;35,04;81,87147;105,4;118,71;115,11;64,52;48,9;77,88;86,93;21,192
"2015-04-20";127,6;77,23;152,67;84,6;28,48;110,29;72,84;108,22;27,02;198,10001;112,86;166,16;32,73;100,21;63,24;40,66;96,18;164,50999;57,61;42,91;99,99;35,01;82,20876;106,14;118,58;116,51;64,72;49,38;78,14;87,24;21,3995
"2015-04-21";126,91;77,28;153,33;83,92;28,69;109,73;70,69;107,68;26,62;196,84;113,17;164,25999;32,43;100,3;62,31;40,78;94,87;164;57,66;42,64;100,29;34,89;82,41708;101,88;119,28;116,95;65,35;49,17;78,03;86,88;21,36
"2015-04-22";128,62;78,44;151,19;84,87;28,62;109,5;71,44;107,94;26,91;198,32001;112,99;165,36;32,7;100,43;62,94;41,31;97,84;164,67;57,69;42,99;100,15;34,93;82,427;102,02;117,81;116,96;68,01;49,57;78,43;87,46;21,4799
"2015-04-23";129,67;78,15;149,87;84,79;28,68;109,97;70,79;109;26,85;199,31;113,96;170,24001;32,35;100,46;62,8;40,95;97;159,66;57,51;43,34;101,11;35,36;80,95;103,48;118,26;117,26;67,72;50,05;79,18;87,54;21,69
"2015-04-24";130,28;77,99;148,39999;84,6;28,82;109,87;71,52;109,53;26,8;197,99001;113,7;169,78;32,08;101,08;62,6;40,89;98,74;158,99001;57,6;47,87;100,95;35,27;81;103,95;118,69;116,16;67,48;50,03;79,84;86,97;21,55
"2015-04-27";132,64999;77,49;147,8;85,33;28,89;109,7;74,81;110,16;26,88;196,52;111,39;170,73;32,5;100,58;62,34;40,83;96,44;157,98;57,1;48,03;100,94;34,59;80,6;103,33;116,24;115,74;67,1;50,08;79,37;87,01;21,5384
"2015-04-28";130,56;77,49;147,50999;86,2;29,32;111,12;74,82;109,92;27,12;197,49001;110,58;173,92;33,02;100,74;62,76;40,77;96,83;158,33;59,98;49,16;99,86;34,48;80,42;103,68;117,59;116,08;66,77;50,55;79,1;87,8;21,54
"2015-04-29";128,64;77,16;146,14999;87,5;29,05;111,73;74,18;109,81;27,09;198,56;108,71;174,39999;32,89;100,39;63,6;40,49;97,02;156,97;59,68;49,06;100,17;34,29;79,85;102,85;113,61;115,38;67,34;50,47;77,88;87,87;21,5183
"2015-04-30";125,15;77,45;143,34;86,88;28,83;111,06;73,2;108,72;27,08;196,42;106,98;171,28999;32,55;99,2;63,26;40,56;96,55;156,39;59,56;48,64;98,84;33,93;79,51;101,11;111,4;113,75;66,05;50,44;78,05;87,37;21,5
"2015-05-01";128,95;77,68;144,67;87,37;29,13;109,04;74,04;110,52;27,31;197,53;109,55;173,67;33,42;100,13;63,61;40,91;97,8;157,67999;59,86;48,66;100,78;34,08;80,29;102,12;113,2;115,44;65,77;50,41;78,6;88,85;21,44
"2015-05-04";128,7;78,28;144,02;87,3;29,17;108,32;74,03;111,03;27,27;199,3;110,06;173,97;33,43;100,35;64,72;40,96;96,13;159,02;60,64;48,24;100,83;34,32;80,35;102,17;114,56;116,45;65,58;50,52;79,18;89,11;21,59
"2015-05-05";125,8;77,84;142,91;87;28,89;108;72,79;110,81;26,92;197,28999;108,06;173,08;32,64;99,5;64,4;40,75;96,13;157,91;60,49;47,6;100,42;34,12;80,07;102,05;113,37;115,07;65,96;50,09;78,13;88,61;21,501
