Date;abb;sne;phg;rtn;aet;dov;mog.a;eslt;irbt;gspc
2010-01-04;16,85;30,02;25,69;44,31;31,13;31,59;30,37;55,92;17,96;17,97
2010-01-05;16,96;29,88;25,69;43,66;30,69;31,44;31,21;55,26;18,11;18,04
2010-01-06;17,16;29,85;25,27;43,05;30,57;31,81;32,91;56,42;17,65;18,06
2010-01-07;17,3;29,8;25,13;43,58;31,54;32,51;32,28;57,03;17,41;18,2
2010-01-08;17,79;30,41;25,49;44,51;30,85;33,44;32,43;57,01;18,21;18,21
2010-01-11;17,57;30,6;25,76;44,98;30,89;33,84;32,5;56,41;17,8;18,12
2010-01-12;17,23;31,57;25,09;44,98;28,88;33,96;32,05;54,34;17,98;18,13
2010-01-13;17,29;33,16;25,62;45,6;29,01;34,28;32,66;54,76;18,33;18,58
2010-01-14;17,36;33,73;25,83;46,16;29,63;34,62;33,29;53,87;18,38;18,69
2010-01-15;17,19;33,34;25,39;45,81;29,59;33,99;32,8;53,74;18,3;18,75
2010-01-19;17,01;33,99;25,28;46,43;30,81;34,22;33,59;55,83;18,31;18,56
2010-01-20;16,37;33,25;24,44;46,23;30,64;33,89;32,8;55,81;17,95;18,4
2010-01-21;16,01;34,36;24,2;45,52;30,08;33,44;32,25;55,4;17,49;18,22
2010-01-22;15,43;34,18;23,54;44,98;29,53;32,64;31,87;55,29;17,26;17,53
2010-01-25;15,84;34,8;25,19;45,15;29,22;32,25;31,3;54,78;16,88;18,05
2010-01-26;15,88;33,5;25,79;45,37;28,77;32,03;31,05;53,81;16,57;18,01
2010-01-27;16,2;33,24;26,25;45,37;28,71;31,92;31,66;53,74;16,97;17,38
2010-01-28;15,6;33,8;25,45;44,72;28,64;31,7;30,81;54,17;16,13;16,79
2010-01-29;15,47;33,23;25,19;44,49;28,27;31,97;30,18;53,41;15,8;16,79
2010-02-01;15,85;34,21;25,74;44,94;28,09;32,41;30,24;53,38;15,39;17,07
2010-02-02;16,26;35,41;25,97;46,41;28,57;33,05;31,4;55,07;16,18;17,2
2010-02-03;16,01;34,94;25,94;46,52;28,61;32,9;31,58;53,25;15,83;17,15
2010-02-04;15,38;34,48;24,5;45,73;27,58;31,88;30,28;52,56;15,12;16,67
2010-02-05;15,07;34,26;24,12;45,32;27,93;30,94;30,32;52,17;15,02;16,44
2010-02-08;14,84;33,01;23,64;44,8;27,55;30,61;29,61;52,07;14,67;16,51
2010-02-09;15,42;33,77;24,49;45,32;27,33;31,36;30,12;52,63;14,97;16,54
2010-02-10;15,16;33,81;24,15;45,41;27,03;31,38;31,2;53,35;15,29;16,92
2010-02-11;15,6;34,06;24,57;45,54;27,22;31,97;32,18;55,26;15,68;16,99
2010-02-12;15,33;34,06;24,18;45,32;27,01;31,85;31,91;54,76;15,84;16,77
2010-02-16;15,71;34,22;24,3;46,25;27,12;32,55;32,1;54,58;16,88;17,07
2010-02-17;15,88;34,44;24,84;46,27;27,93;33,14;32,69;55,17;17,3;17,29
2010-02-18;17,08;34,71;25,27;46,98;28,06;33,88;32,99;55,04;17,23;17,7
2010-02-19;16,97;34,43;25,04;47,13;27,29;34,36;33,78;54,68;17,5;18,09
2010-02-22;17,2;34,78;25,26;47,39;27,69;34,31;34,04;53,79;16,89;18,43
2010-02-23;16,88;34,61;24,46;47,11;27,34;33,51;33,77;53,26;16,82;18,95
2010-02-24;17,08;34,6;24,54;47,67;27,89;33,52;34,16;53,99;16,53;18,89
2010-02-25;17,29;34;24,3;47,39;28,27;33,46;33,95;53,03;16,38;18,59
2010-02-26;17,38;34,11;24,41;47,73;28,29;33,94;33,96;53,07;16,19;18,61
2010-03-01;17,57;34,8;25,18;48,19;28,6;34,32;34,52;53,95;16,77;18,57
2010-03-02;17,65;34,85;25,25;48,25;29,27;34,61;34,66;52,91;16,95;18,3
2010-03-03;17,75;35,5;25,72;47,93;29,51;34,44;34,51;52,56;16,54;18,17
2010-03-04;17,81;35,04;25,44;48,14;28,92;34,55;35,07;51,76;16,85;18,05
2010-03-05;18,11;36,34;26,5;48,46;29,6;35,26;36,08;51,84;17;18,17
2010-03-08;18,2;36,75;26,32;48,43;29,45;35;36,06;50,72;16,54;18,16
2010-03-09;18,01;37,15;26,33;48,46;29,46;34,89;36,4;50,91;16,15;18,21
2010-03-10;18,06;37,65;27,18;48,46;29,86;34,75;36,94;52,36;15,83;18,46
2010-03-11;17,91;38,17;27,3;48,36;30,84;34,81;37,03;53,66;16,09;18,68
2010-03-12;18,14;37,34;27,69;48,1;30,04;34,82;36,56;53,53;15,96;18,88
2010-03-15;17,96;37,61;27,15;48;29,83;34,68;36,54;54,34;15,6;18,84
2010-03-16;18,32;37,57;27,55;48,21;30,14;34,77;36,95;54,82;16,04;18,92
2010-03-17;18,5;37,8;27,89;48,23;29,94;35,2;37,2;55,53;16,03;18,95
2010-03-18;18,52;38,36;27,78;48,23;31,36;35,32;36,95;55,38;16,04;18,89
2010-03-19;18,12;38,64;27,38;48,26;32,51;34,9;36,28;54,64;16,01;18,86
2010-03-22;18,32;38,84;27,52;48,45;32,68;34,81;36,98;54,93;16,16;18,84
2010-03-23;18,69;40,44;27,84;48,58;33,01;35,53;37,18;53,95;16,27;18,95
2010-03-24;18,34;38,7;27,28;48,46;32,46;34,8;36,84;55,06;15,97;18,93
2010-03-25;18,32;37,66;27,59;48,59;32,82;34,63;37,35;55,58;15,8;18,92
2010-03-26;18,44;38,22;27,67;48,62;32,38;34,55;36,9;55,62;15,68;18,95
2010-03-29;18,44;38,43;27,7;48,94;32,94;34,98;36,7;55,77;15,18;18,88
2010-03-30;18,56;38,84;27,46;48,75;33,38;35,34;36,4;55,97;15,26;18,95
2010-03-31;18,74;38,32;27,46;48,47;33,12;35,06;35,42;55,08;15,16;18,88
2010-04-01;18,99;38,42;28,21;48,62;32,95;35,25;35,69;55,68;14,52;18,96
2010-04-05;18,92;38,57;28,23;49,16;33,18;35,66;36,09;56,05;15,1;19,03
2010-04-06;19,14;37,42;28,13;48,75;33,12;35,74;35,42;56,23;15,02;19,04
2010-04-07;18,87;36,87;27,66;48,53;32,36;35,5;35,53;55,59;15,12;19,28
2010-04-08;18,81;36,85;27,86;48,49;31,76;35,35;35,46;55,84;15,16;19,2
2010-04-09;19,16;36,81;28,32;49,14;31,16;36,01;35,63;55,84;15,2;19,16
2010-04-12;19,25;36,54;28,66;49,06;31,06;35,86;35,83;55,56;15,12;18,95
2010-04-13;19,15;36,6;28,68;49,66;30,52;35,9;37,14;55,4;15;19,02
2010-04-14;19,35;37;29,1;49,72;30,09;36,52;37,88;56,02;15,08;19
2010-04-15;19,31;36,69;28,72;50,19;29,64;36,38;38,03;56,02;15,14;19,05
2010-04-16;19,15;35,56;28,15;49,82;29,62;35,83;37,94;55,16;15,12;18,22
2010-04-19;19,08;36,11;28,76;50,07;30,13;35,81;37,94;54,97;15,06;17,89
2010-04-20;19,27;35,67;30;50,67;30,16;36,19;38,3;55,08;15,1;17,86
2010-04-21;19,11;35,49;29,96;51,26;29,32;36,67;38,61;55,05;15,21;17,98
2010-04-22;17,73;35,13;29,88;50,86;29,01;37,69;38,8;55,21;15,9;17,83
2010-04-23;18,08;34,98;30,37;51,01;29,21;40,65;39,29;55,09;16,11;17,83
2010-04-26;17,59;35,07;30,79;50,7;28,43;40,21;39,09;54,77;15,78;17,26
2010-04-27;16,87;35,25;28,98;49,19;28,31;38,8;38;53,49;15,43;17,26
2010-04-28;16,54;34,7;28,77;49,77;28,77;39,03;37,76;52,49;15,22;17,71
2010-04-29;16,59;35,34;29,58;50,71;29,47;39,64;39,47;52,7;20,22;17,9
2010-04-30;16,44;34,22;28,6;49,79;27,88;39,16;37,17;53,05;20,16;17,14
2010-05-03;16,69;34,64;29,05;50,85;27,99;40,06;39,01;53,05;20,77;17,04
2010-05-04;16,08;33,48;27,38;50,07;27,26;38,94;37,19;51,71;20,01;17,12
2010-05-05;15,53;33,28;26,74;49,73;27,57;38,7;36,6;50,84;19,01;16,97
2010-05-06;15,18;33,2;25,55;48,35;27,13;36,55;34,71;49,68;18,54;16,36
2010-05-07;14,96;32,9;24,92;47,13;26,69;36,02;33,2;48,68;17,69;16,41
2010-05-10;15,92;34,31;27,7;48,34;27,79;38,2;35,92;51,4;19,41;17,02
2010-05-11;15,85;33,57;27,39;49,08;27,93;37,85;35,76;51,15;20,02;16,64
2010-05-12;16,3;33,24;28,22;49,54;28,78;38,83;36,56;50,66;21,45;16,51
2010-05-13;16,13;31,53;27,3;48,56;28,56;38,11;37,03;49,84;21,41;16,38
2010-05-14;15,46;31,19;26,58;48,11;28,1;37,12;35,96;49,32;21,08;16,17
2010-05-17;15,08;30,67;26,91;48,37;28,2;37,12;36;49,62;21,53;16,1
2010-05-18;14,82;30,42;26,49;47,36;28,15;36,18;35,01;49,05;20,88;15,55
2010-05-19;14,59;31,73;26,45;47,14;28,28;35,38;34,37;48,71;20,75;15,34
2010-05-20;13,77;30,67;25,01;45,5;27,41;33,16;32,05;47,02;19,15;14,62
2010-05-21;14,56;32,26;25,83;45,87;27,11;33,34;33;47,94;20,08;14,84
2010-05-24;14,19;31,37;25;44,97;26,97;32,99;31,94;46,14;19,87;15,19
2010-05-25;14,2;30,9;24,66;44,66;26,69;32,74;31,58;45,21;19,27;15,37
2010-05-26;14;30,39;24,56;44,02;26,95;33,01;31,64;42,97;20,33;15,87
2010-05-27;14,92;31,65;26,5;44,97;27,56;34,41;33,18;45,21;21,91;16,15
2010-05-28;14,59;30,78;25,58;44,77;27,51;33,87;33,01;45;21,46;16,26
2010-06-01;14,32;30,23;25,16;44,38;27,16;32,99;32,08;42,4;20,24;16,26
2010-06-02;14,74;30,15;25,65;45,22;27,93;34,07;32,86;43,62;21,36;16,27
2010-06-03;14,72;30,05;26,07;45,34;28,7;34,57;32,99;44,08;21,55;16,26
2010-06-04;14,11;29,24;24,55;43,97;28,5;32,48;30,77;42,75;19,7;15,88
2010-06-07;13,96;28,29;24,09;43,33;27,8;31,67;30,28;42,01;19,09;15,89
2010-06-08;14,35;28,62;24,44;43,11;27,76;31,91;31,02;43,09;19,06;15,79
2010-06-09;14,41;28,2;24,64;43,15;27,18;32,21;31,31;42,92;18,79;15,75
2010-06-10;15,04;28,22;26,14;43,99;27,22;33,69;32,22;44,04;19,07;15,66
2010-06-11;15,17;28,6;26,13;44,17;27;34,06;32,66;44,17;20,11;15,81
2010-06-14;15,45;28,4;26,74;43,91;27,62;34,26;32,76;44;20,28;15,9
2010-06-15;15,99;28,89;27,82;45,38;27,92;35,41;33,56;44,71;20,78;16,1
2010-06-16;15,82;28,33;27,74;45,15;27,66;35,01;33,62;44,11;20,66;16,06
2010-06-17;15,99;28,25;27,76;45,36;28,9;34,67;33,79;43,79;20,76;16,19
2010-06-18;15,96;27,93;27,76;45,49;28,71;34,43;33,31;43,42;21,56;16,26
2010-06-21;16,24;28,4;27,79;45,44;28,22;34,95;32,8;44,7;20,91;16,4
2010-06-22;15,91;27,56;26,91;44,57;27,55;33,57;32,35;45,06;20,52;16,44
2010-06-23;15,78;27,74;27,2;44,38;27,29;33,46;32,52;45,46;20,76;16,48
2010-06-24;15,48;27,39;26,61;43,39;27,04;32,67;32,59;45,04;19,97;16,45
2010-06-25;15,68;27,33;26,88;43,04;26,86;33,3;33,17;45,35;20,52;16,54
2010-06-28;15,66;27,16;26,83;43,21;26,45;33,03;33,4;44,95;20,64;16,48
2010-06-29;15;26,84;25,75;41,64;25,38;31,62;32,33;43,93;18,86;16,22
2010-06-30;14,82;26,68;25,59;41,34;24,89;31,53;32,23;43,55;18,79;16,3
2010-07-01;15,09;26,34;25,87;41,09;24,52;31,17;32,08;43,32;18,3;16,23
2010-07-02;14,95;26,36;25,76;40,96;24,76;31,02;31,9;43,39;17,7;16,38
2010-07-06;15,18;26,88;26,29;40,87;24,99;31,43;32,02;42,69;17,43;16,46
2010-07-07;15,75;27,05;27,06;42,02;25,63;32,53;33,1;43,01;18,46;16,44
2010-07-08;16,01;27,78;27,2;42,61;26,08;32,89;34,08;43,93;19,07;16,16
2010-07-09;16,18;27,86;27,35;42,02;26,07;33,32;34,13;43,59;19,56;16,08
2010-07-12;15,97;28,51;27,39;41,41;25,67;32,78;33,84;43,84;18,78;16,1
2010-07-13;16,37;29,23;28,35;41,61;26,18;33,48;35,06;44,66;19,92;16,37
2010-07-14;16,4;29,08;28,51;41,81;26,19;33,57;34,56;43,98;20,15;16,34
2010-07-15;16,51;28,68;28,58;42,2;26,62;33,27;34,2;44,06;19,38;16,58
2010-07-16;15,97;26,87;27,39;41,09;25,62;32,13;32,7;43,12;18,08;17,01
2010-07-19;15,97;27,15;26,66;41,35;26,1;32,52;32,34;43,46;18,08;17,15
2010-07-20;16,19;27,1;26,26;41,71;26,13;32,96;33,33;43,28;18,48;17,28
2010-07-21;16,24;26,66;26,04;41,44;25,76;33,42;32,65;43,12;18,25;17,33
2010-07-22;17,23;28,18;27,15;41,92;26,67;34,74;35,6;44,43;19,74;17,59
2010-07-23;17,64;28,94;27,57;42,23;26,56;36,02;35,65;44,88;20,18;17,76
2010-07-26;17,91;28,85;27,48;42,73;26,96;36,62;36,71;45,42;20,78;17,9
2010-07-27;17,39;29,72;27,03;41,59;26,76;35,75;36,7;46,33;20,34;17,59
2010-07-28;17,64;29,56;26,31;41,55;25,99;35,71;35,67;46,32;19,41;17,48
2010-07-29;17,73;31,9;26,34;40,18;25,93;36,01;34,84;47,47;20,76;17,65
2010-07-30;17,76;31,22;26,69;39,83;26,27;36,19;35,81;47,65;20,36;17,48
2010-08-02;18,25;32,13;27,61;40,37;26,89;36,88;36,67;47,74;20,08;17,48
2010-08-03;18,19;31,41;27,21;39,59;26,84;36,64;35,95;47,03;19,22;17,57
2010-08-04;18,12;31,2;27,01;39,89;27,3;37,24;35,9;47,82;19,32;17,74
2010-08-05;18,22;31,27;27,01;39,97;27,76;37,01;35,38;47,85;19,23;18,03
2010-08-06;18,26;31,67;26,74;39,72;28,37;37,11;34,39;47,91;19;17,99
2010-08-09;18,06;31,7;27,19;39,99;28,06;36,98;34,93;47,7;19,54;18,08
2010-08-10;17,79;31,1;26,98;39,86;27,99;37,31;34,06;47,12;19,27;18,13
2010-08-11;16,78;29,8;24,86;38,68;26,68;35,35;32;45,44;17,79;17,9
2010-08-12;16,74;29,69;25,23;38,39;26,51;35,17;31,78;45,03;17,93;17,76
2010-08-13;16,66;30,01;24,55;38,52;26,55;35,01;31,71;45,13;17,62;17,67
2010-08-16;17,09;29,6;24,82;38,53;26,28;35;32,01;45,72;17,92;17,65
2010-08-17;17,31;30,03;25,51;39,14;26,52;35,83;32,85;44,93;18,25;17,98
2010-08-18;17,41;29,88;25,53;38,94;26,74;35,85;33,2;44,96;18,21;18,12
2010-08-19;17,22;29,92;24,84;37,89;25,71;35,05;31,64;44,51;17,57;18,08
2010-08-20;16,87;29,51;23,95;37,66;25,58;34,84;31,89;44,59;17,92;18,15
2010-08-23;16,74;28,94;23,48;37,44;25,61;34,24;31;43,95;17,56;17,88
2010-08-24;16,61;28,07;23,02;37,24;25,18;33,54;30,51;43,48;17,1;17,79
2010-08-25;16,58;28,3;23,95;37,2;25,52;33,38;31,03;43,37;17,78;17,89
2010-08-26;16,54;28,01;23,73;37,23;25,34;33,46;30,89;43,22;17,38;17,98
2010-08-27;16,99;28,88;24,26;38,08;25,78;34,43;32,07;43,93;17,56;18,02
2010-08-30;16,77;28,49;23,52;38,05;25,33;33,76;31,09;43,79;17,07;17,97
2010-08-31;17,05;27,99;23,94;37,81;25,21;33,98;31,2;43,06;16,57;17,86
2010-09-01;17,46;28,92;25,47;38,79;26,34;36,19;33;44,13;17,5;17,93
2010-09-02;17,93;29,06;25,68;39,31;26,8;36,79;33,37;44,16;17,46;17,91
2010-09-03;17,95;29,92;26,22;39,32;27,13;37,36;34,38;44,76;17,52;17,99
2010-09-07;17,75;29,52;25,53;39,33;26,95;36,92;33,98;43,95;17,42;18,05
2010-09-08;17,76;29,4;25,53;39,02;27,43;36,97;34,57;44,44;17,4;18,17
2010-09-09;18,01;29,65;25,74;39,14;27,79;37,15;34,33;44,47;17,36;18,17
2010-09-10;17,93;29,95;25,94;40,19;28,24;37,35;34,69;44,72;17,22;18,01
2010-09-13;18,01;30,13;26,51;40,03;28,72;37,94;35,62;44,76;18;18,05
2010-09-14;18,08;29,88;25,76;39,78;28,77;38,26;35;44,2;18;17,86
2010-09-15;18,12;30,69;25,62;39,46;28,63;38,11;35,04;44,71;18,13;17,88
2010-09-16;18,07;30,97;25,86;39,36;28,59;37,84;34,25;44,5;17,87;17,77
2010-09-17;18,13;30,92;25,72;39,51;28,03;38,41;34,79;44,72;17,74;17,4
2010-09-20;18,33;31,53;26,25;40,43;28,8;39,36;35,65;45,9;19,09;17,58
2010-09-21;18,54;30,96;26,48;39,85;29,29;39,01;36,07;45,5;18,92;17,73
2010-09-22;18,41;30,28;26,36;39,46;29,05;38,44;34,62;45,28;19,43;17,55
2010-09-23;18,17;30,06;25,31;38,75;28,9;37,7;34,71;45,51;18,81;17,57
2010-09-24;18,58;31;26,9;39,49;29,19;39,33;36,74;46,27;19,38;17,61
2010-09-27;18,46;30,86;26,35;39,06;29,07;38,7;35,89;46,4;19,02;17,65
2010-09-28;18,67;30,77;26,95;39,4;29,49;39,07;35,84;46,2;19,07;17,71
2010-09-29;18,73;31,45;26,9;39,2;29,41;39,39;36,33;46,25;18,8;17,78
2010-09-30;18,59;30,92;26,86;39,35;29,82;39,64;35,51;46,27;18,57;17,86
2010-10-01;18,83;30,54;27,03;38,72;29,43;39,87;35,4;46,34;18,61;17,91
2010-10-04;18,49;30,48;26,48;38,58;28,77;39,57;34,38;47,31;18,18;17,92
2010-10-05;18,91;31,47;27,24;39,56;29,3;41,24;36,34;48,64;18,65;17,97
2010-10-06;19,21;31,49;27,64;39,87;28,66;40,98;36,29;48,6;18,31;18,04
2010-10-07;19,18;31,48;27,5;39,68;28,94;41,52;35,91;48,12;18,54;18,1
2010-10-08;19,18;32,26;27,54;39,41;28,95;41,41;35,91;48,4;18,92;18,16
2010-10-11;19,3;32,24;27,59;39,49;29,15;41,05;35,96;48,11;18,75;18,16
2010-10-12;19,35;31,89;27,56;39,61;29,26;41,03;35,73;47,52;18,94;18,24
2010-10-13;19,71;31,95;28,86;39,82;29,88;41,52;36,94;47,71;19,48;18,37
2010-10-14;19,84;32,22;29,08;39,51;29,79;41,03;37,3;47,33;19,14;18,29
2010-10-15;19,64;32,13;28,76;39,68;29,94;41,01;37,13;47,32;19,05;17,97
2010-10-18;19,67;32,95;27,2;41,08;30,18;40,68;37,22;46,69;19,32;18,13
2010-10-19;19,43;32,87;26,32;40,4;29,15;39,99;36,56;45,36;18,68;18,26
2010-10-20;19,76;33,21;26,79;41;29,56;40,84;37,41;46,33;18,77;18,29
2010-10-21;19,97;33,4;27,27;41,52;29,61;41,6;37,42;46,1;18,93;18,28
2010-10-22;19,69;33,43;27,09;41,32;29,43;40,37;37,3;46,23;19,48;18,45
2010-10-25;19,8;33,56;27,31;40,92;29,5;40,54;37,64;47,5;20;18,43
2010-10-26;19,57;33,91;26,92;41,27;29,04;40,37;37,62;47,17;19,68;18,34
2010-10-27;19,22;33,85;26,43;41,06;28,47;40,14;37,2;46,43;19,35;18,43
2010-10-28;18,49;33,82;26,56;39,62;28,63;40,18;37,05;47,08;21,18;18,44
2010-10-29;18,21;33,84;26,12;40;28,17;40,31;37,6;47,23;20,88;18,44
2010-11-01;18,09;32,7;25,95;40,71;28,12;40,63;37,59;46,6;19,22;18,47
2010-11-02;18,49;32,71;26,63;41,49;28,27;40,94;38,59;46,38;19,67;18,35
2010-11-03;18,64;32,86;26,73;41,43;29,1;41,03;38,41;45,78;19,84;18,41
2010-11-04;19,15;33,21;27,5;41,72;29,13;41,91;38,9;46,25;20,2;18,43
2010-11-05;19,08;33,4;27,4;41,79;29,27;41,82;38,85;46,41;20,05;18,41
2010-11-08;18,87;33,67;27,19;41,95;29,49;41,41;38,75;46,22;20,41;18,63
2010-11-09;18,82;33,31;26,91;41,68;29,67;41,28;38,45;44,98;20,34;18,61
2010-11-10;18,7;33,56;26,79;41,63;30,14;41,64;38,75;45,37;21,06;18,66
2010-11-11;18,56;33,32;26,3;40,93;30,07;41,82;38,12;43,81;21,29;18,66
2010-11-12;18,12;32,95;26,15;40,28;29,87;41,47;36,94;43,47;20,82;18,57
2010-11-15;18,1;33,64;26,09;40,4;29,22;41,67;36,8;43,07;20,94;18,56
2010-11-16;17,55;33,67;25,59;39,84;28,69;40,63;36,8;42,63;20,27;18,53
2010-11-17;17,68;34,47;25,77;40,22;28,66;40,51;36,61;42,71;20,43;18,55
2010-11-18;18,09;35,41;26,91;40,86;28,48;41,24;36,96;43,14;20,64;18,67
2010-11-19;18,15;35,4;26,85;40,8;28,94;41,66;36,32;43,69;20,26;18,67
2010-11-22;17,92;35,37;26,87;40,39;29,23;42,28;35,85;43,27;20,38;18,47
2010-11-23;17,31;34,45;25,62;40,31;28,61;41,42;35,83;43,01;20,02;18,55
2010-11-24;17,59;35;25,91;40,8;28,65;43;37,19;43,44;20,5;18,72
2010-11-26;17,24;34,58;25,04;40,34;28,45;42,5;36,93;42,75;20,61;18,76
2010-11-29;17,23;35;23,95;40,4;28,49;42,13;36,57;41,37;20,5;18,71
2010-11-30;17,04;35,48;23,24;40,15;27,98;41,81;36,86;41,13;20,3;18,56
2010-12-01;17,37;36,47;24,14;41,01;28,28;43,33;38,47;41,96;20,7;18,54
2010-12-02;17,71;36,56;25,3;41,95;28,81;44,08;39,29;41,86;20,6;18,76
2010-12-03;18,04;36,32;25,95;41,17;28,92;44,09;39,45;41,95;20,47;18,63
2010-12-06;17,87;36,57;25,35;40,97;28,62;43,83;39,84;42,62;20,27;18,52
2010-12-07;18,06;36,1;25,29;40,97;28,5;43,95;39,61;42,38;20,69;18,55
2010-12-08;18,19;36,36;25,22;40,33;28,32;44,35;39,41;42,84;20,69;18,56
2010-12-09;18,32;36,2;25,3;39,82;28,61;44,31;39,27;42,05;21,86;18,52
2010-12-10;18,3;35,83;25,63;39,56;28,91;44,59;39,39;42,24;22,84;18,52
2010-12-13;18,57;35,88;25,83;39,47;29,21;44,09;39,17;43,68;23,39;18,52
2010-12-14;18,94;35,63;25,79;39,61;29,05;44,04;39,51;43,87;23,09;18,43
2010-12-15;18,71;35,65;25,47;38,94;28,7;43,89;38,79;45,1;23,2;18,13
2010-12-16;19,02;35,59;25,65;39,4;28,55;44;39,2;45,5;23,11;18,2
2010-12-17;19,02;35,39;25,36;39,21;28,69;43,76;38,74;45,59;23,06;18,39
2010-12-20;19,11;35,19;25,38;39,03;28,62;43,54;39;46,53;23,4;18,22
2010-12-21;19,32;36,24;25,44;39,02;28,52;43,82;39,05;45,53;23,74;18,18
2010-12-22;19,58;35,48;25,74;39,58;29,03;44,98;39,07;45,07;23,91;18,16
2010-12-23;19,37;35,57;25,66;39,56;29,16;44,77;39,65;45,79;23,92;18,27
2010-12-27;19,31;35,61;25,83;39,55;29,04;44,59;39,78;44,63;24,97;18,16
2010-12-28;19,31;35,84;25,82;39,62;28,73;44,72;39,72;44,44;24,96;18,5
2010-12-29;19,51;35,87;25,99;39,45;28,78;44,64;39,27;45,41;25,01;18,42
2010-12-30;19,6;35,57;26,07;39,88;28,74;44,7;39,36;46,4;24,53;18,36
2010-12-31;19,76;35,71;26,33;40,22;28,82;44,59;39,8;46,69;24,88;18,43
2011-01-03;20;36,38;26,89;40,33;29,32;45,1;40,62;47,9;25,26;18,39
2011-01-04;19,68;36,16;26,59;41,12;29,47;44,85;41,59;47,82;25,37;18,38
2011-01-05;19,3;36,21;26,38;41,74;29,76;44,41;41,96;48,22;25,96;18,57
2011-01-06;19,17;36,01;25,57;42,63;30,31;43,91;42,97;49,17;26,3;18,61
2011-01-07;19,37;36,04;26,57;43,62;30,38;43,78;43;48,99;25,98;18,74
2011-01-10;19,28;36,16;26,51;43,44;30,44;43,82;43,16;46,52;25,99;18,78
2011-01-11;19,64;36,36;27,06;43,07;30,89;44,12;42,98;48,07;25,48;18,76
2011-01-12;20,16;36,4;27,41;43,19;30,99;44,92;42,71;47,38;26,06;18,92
2011-01-13;20,48;35,62;28,19;43,33;30,98;45,06;42,82;47,46;25,92;18,87
2011-01-14;20,73;35,88;28,49;43,98;32,01;45,46;43,03;47,46;26,13;18,78
2011-01-18;20,93;35,87;29;44,52;32,27;45,58;43,19;47,68;25,89;18,8
2011-01-19;20,52;35,94;28,24;44,81;31,35;44,4;42,7;48,2;24,74;18,78
2011-01-20;20,08;35,43;28,47;45,83;31,19;43,27;42,53;47,24;24,28;18,8
2011-01-21;20,56;34,22;28,68;45,64;31,44;43,22;42,51;47,11;27,13;18,81
2011-01-24;20,55;34,85;27,14;45,35;31,21;43,45;42,6;46,49;27,09;18,93
2011-01-25;20,95;35,15;27,45;45,78;31,64;43,85;43,78;45,93;27,1;19,12
2011-01-26;21,12;34,93;27,13;45,15;31,63;45,31;43,97;45,54;27,1;19,21
2011-01-27;21,37;35,37;27,31;44,75;32,23;45,38;43,61;44,96;27,34;19,3
2011-01-28;20,89;34,78;26,74;43,3;31,13;47,41;42,13;42,87;27;19,22
2011-01-31;20,84;34,34;26,79;43,75;31,12;48,9;42,64;44,66;27;19,27
2011-02-01;21,13;34,74;27,09;44,19;31,93;50,14;43,94;44,2;27,36;19,26
2011-02-02;20,55;34,79;26,66;43,85;31,55;49,72;44,74;43,43;27,32;19,22
2011-02-03;20,64;36,46;26,58;43,68;31,43;49,37;43,94;43,18;27,52;19,51
2011-02-04;20,59;35,63;26,62;43,93;35,35;49,81;44,07;43,01;27,38;19,64
2011-02-07;20,82;34,97;26,84;44,76;34,83;50,24;44,58;44,07;27,39;19,83
2011-02-08;20,76;35,24;27,23;45,12;35,56;50,41;44,77;44,73;27,79;19,58
2011-02-09;20,84;35,05;27,34;45,06;35,25;50,42;44,45;44,8;28,03;19,6
2011-02-10;20,45;34,83;27,31;44,8;35,39;50,8;44,51;44,56;29,9;19,41
2011-02-11;20,59;34,9;27,32;44,7;35,57;50,84;45,15;44,66;29,9;19,57
2011-02-14;20,97;35;27,09;44,51;35,36;51,65;45,21;44,73;28,86;19,55
2011-02-15;20,97;34,67;27,01;44,45;35,1;50,71;44,89;44,55;28,86;19,55
2011-02-16;21,19;35,82;27,36;44,58;35,88;50,83;45,38;45,53;29,15;19,66
2011-02-17;20,8;36,34;27,35;45,07;36,24;51,37;45,81;45,47;29,6;19,7
2011-02-18;21,26;36,41;27,92;45,64;36,17;51,68;46,14;45,5;29,13;19,64
2011-02-22;20,81;36,16;27,12;44,97;35,21;49,96;44,76;44,81;27,19;19,55
2011-02-23;20,77;35,83;27,02;44,48;35;48,44;44,19;43,92;27,46;19,64
2011-02-24;21,14;35,74;27,21;44,53;35,83;48,65;44,64;43,9;27,89;19,68
2011-02-25;21,3;36,48;27,55;44,84;35,26;49,08;45,57;44,39;28,88;19,58
2011-02-28;21,58;36,84;28,05;44,81;35,29;49,23;45,41;45,25;28,72;19,82
2011-03-01;21,23;36,27;27,55;44,28;35,27;48,76;44,41;44,51;27,67;19,61
2011-03-02;21,36;36,19;27,55;44,65;35,6;49,53;44;43,9;27,8;19,71
2011-03-03;21,53;36,36;28,33;45,58;36,72;51,05;45,08;45,21;29,18;19,67
2011-03-04;21,52;35,95;28,52;45,26;36,22;50,29;44,52;45,02;29,16;19,67
2011-03-07;21,1;35,16;28,24;44,71;35,56;48,9;43,66;44,49;29,2;19,63
2011-03-08;21,02;35,32;28,58;45,69;35,67;49,74;45,18;45,59;29,91;19,82
2011-03-09;21,08;34,99;28,38;45,95;35,94;49,57;44,96;44,63;30,03;19,67
2011-03-10;20,52;34,26;27,7;45,41;34,82;48,39;43,12;44,04;28,77;19,64
2011-03-11;20,48;33,45;27,72;45,62;34,48;48,81;43,39;43,35;29,02;19,68
2011-03-14;20,29;31,08;27,69;45,1;34,04;48,36;42,68;43,61;30,12;19,69
2011-03-15;19,74;30,9;26,55;44,67;33,99;47,89;42,25;44,93;28,24;19,55
2011-03-16;19,44;29,88;25,68;43,55;32,83;47,63;41,38;44,47;28,8;19,41
2011-03-17;20,13;31,4;26,36;43,69;32,87;48,54;42,03;45,79;29,08;19,44
2011-03-18;20,37;31,54;26,77;43,52;33,17;48,53;43,08;46,41;29,11;19,64
2011-03-21;20,93;32,42;27,6;44,12;33,6;49,99;44,61;47,47;30,03;19,62
2011-03-22;20,62;32,28;27,25;44,1;33,47;49,3;44,68;47,79;29,81;19,63
2011-03-23;20,72;32,15;27,2;44,13;33,52;49,29;44,64;47,23;29,28;19,65
2011-03-24;21,05;32,38;27,45;44,87;34,42;49,99;44,54;45,79;29,55;19,59
2011-03-25;20,79;32,21;27,29;44,45;34,75;50,19;44,88;46,43;30,99;19,59
2011-03-28;20,81;31,65;26,66;44,37;34,85;49,53;44,78;47,57;32,01;19,59
2011-03-29;20,89;31,91;27,33;44,37;34,96;49,75;44,93;47,96;31,67;19,62
2011-03-30;21,15;32,28;27,5;44,14;35,52;49,83;44,95;48,58;32,81;19,61
2011-03-31;21,29;31,83;27,59;44,52;35,36;50,37;45,91;48,82;32,89;19,75
2011-04-01;21,7;31,87;27,82;44,81;35,59;51,52;45,57;49,53;33,48;19,72
2011-04-04;21,5;31,45;28,08;44,53;35,84;51,03;45,6;48,93;33,41;19,82
2011-04-05;21,38;31,11;27,76;44,63;35,61;51,01;45,74;48,37;33,08;19,82
2011-04-06;21,42;30,56;27,8;45,21;35,28;50,88;46,3;48,44;34,01;19,8
2011-04-07;21,38;30,33;27,85;45,44;34,99;50,53;45,7;47,7;33,63;19,74
2011-04-08;21,63;30,58;27,9;44,82;34,71;49,87;44,72;47,61;32,45;19,83
2011-04-11;21,46;30,24;27,77;44,76;34,85;49,8;44,38;49,26;31,86;19,82
2011-04-12;21,28;29,59;27,37;44,25;35,73;49,4;43,84;49,55;31,47;19,87
2011-04-13;21,34;29,78;27,48;42,96;35,51;49,38;43,48;49,64;35,66;19,83
2011-04-14;21,29;29,69;27,43;42,56;35,56;49,3;43,17;49,5;34,8;19,85
2011-04-15;21,57;29,69;27,09;43,07;35,5;50,05;43,27;49,72;35,9;19,74
2011-04-18;21,07;29,25;26,47;42,4;34,64;49,16;42,23;49,35;35,46;19,82
2011-04-19;21,13;29,71;25,95;42,37;34,9;50,83;41,86;49,48;35,63;19,93
2011-04-20;21,98;30,14;26,23;43,06;35,11;51,48;42,69;50,22;36,25;19,92
2011-04-21;22,31;30,5;25,94;43,02;37,05;51,95;42,76;49,95;36,37;20,05
2011-04-25;22,3;30,09;25,92;43,01;36,79;50,8;42,55;50,11;36,49;20,13
2011-04-26;22,78;29,79;26,24;43,67;37,65;51,7;42,99;49,8;38,42;20,05
2011-04-27;23,4;29,03;26,55;43,91;37,76;51,7;43,79;50,16;35,37;20,05
2011-04-28;24;28,39;26,44;43,46;39,31;52,12;43,98;49,23;36,31;19,99
2011-04-29;24,2;28,31;26,11;42,85;39,25;52,13;44,12;49,49;35,42;20,11
2011-05-02;23,71;28,8;26,41;43,23;39,9;51,58;42,94;48,34;34,63;20,06
2011-05-03;23,89;28,44;27,03;43,57;39,3;51,18;42,18;47,87;32,87;20,05
2011-05-04;23,9;28,38;26,82;43,15;39,12;49,92;41,06;47,97;32,47;19,91
2011-05-05;23,25;27,98;25,98;43,17;39,65;49,93;41,05;47,48;34,22;19,76
2011-05-06;23,49;28,06;25,89;43,63;39,7;50,12;41,53;47,17;33,47;19,79
2011-05-09;23,8;28,68;25,93;43,69;40,35;50,73;41,93;47,33;33,85;19,8
2011-05-10;24,06;28,99;26,09;43,52;40,64;51,19;42,46;47,33;34,55;19,83
2011-05-11;23,5;28,3;25,92;43,56;40,55;50,51;41,33;46,85;33,3;19,89
2011-05-12;23,86;28,23;25,99;43,42;40,62;50,23;41,9;46,01;33,82;19,71
2011-05-13;23,32;27,58;25,62;43,41;41,59;49,29;40,87;45,68;33,09;19,59
2011-05-16;23,63;27,82;25,32;43,3;42,36;48,69;40,27;44,69;31,2;19,41
2011-05-17;23,64;28,07;25;43,11;41,79;48,04;39,63;45,18;30,27;19,26
2011-05-18;23,73;27,8;24,72;43,48;43,07;48,81;40,35;45,84;30,79;19,52
2011-05-19;23,88;27,22;25,16;43,89;43,54;49,38;40,65;45,72;30,64;19,67
2011-05-20;23,73;27,05;24,45;43,64;42,74;48,65;40,6;45,59;31,22;19,58
2011-05-23;23,16;26,59;23,82;43,6;42,1;48,08;40,3;44,73;31,53;19,52
2011-05-24;23,34;27,9;23,72;44,19;40,99;47,7;40,16;45,56;31;19,36
2011-05-25;23,32;27,65;23,77;44,21;41,19;48,81;40,51;44,54;31,58;19,28
2011-05-26;23,52;27,21;24,14;43,97;41,4;49,4;40,82;44,73;32,14;19,22
2011-05-27;23,81;26,85;24,03;44,15;41,34;50,64;41,08;44,93;32,6;19,16
2011-05-31;24,26;26,74;24,67;44,46;41,43;51,73;41,05;45,64;33,6;19,25
2011-06-01;23,69;26,5;24,04;43,47;40,98;49,06;40,92;44,87;32,75;19,08
2011-06-02;23,85;26,54;24,02;43,08;41,53;48,85;40,99;44,49;32,41;19,39
2011-06-03;23,89;26,38;24,01;43,07;40,97;48,06;40,5;44,31;31,95;19,41
2011-06-06;23,52;25,76;23,62;42,9;40,34;47,85;40,53;44,24;31,27;19,37
2011-06-07;23,54;25,27;23,83;42,87;40,4;48;40,72;44,56;31,43;19,21
2011-06-08;23,06;25,25;23,31;42,49;40,23;47,79;40,56;44,53;30,75;19,05
2011-06-09;23,46;25,61;23,22;42,9;41,66;47,94;40,51;44,12;31,4;19
2011-06-10;23,02;25,01;22,48;42,61;40,65;46,81;40,26;43,63;30,56;19,18
2011-06-13;22,79;25,09;22,62;42,67;40,55;46,87;40,06;42,75;30,75;19,36
2011-06-14;23,4;25,2;23,02;43,29;42,09;48,26;40,92;43,24;31,12;19,53
2011-06-15;22,71;24,88;22,01;42,68;40,83;47,32;40,23;41,95;30,33;19,43
2011-06-16;22,34;24,8;22,29;42,71;41,12;47,91;40,37;41,54;30,25;19,26
2011-06-17;22,51;24,92;22,61;43,04;40,98;47,94;40,38;41,88;30,11;19,4
2011-06-20;22,21;24,28;22,53;43,26;42,46;48,57;41,03;42,84;30,47;19,57
2011-06-21;23,16;24,47;23,07;43,75;42,33;49,6;41,65;44,29;30,95;19,86
2011-06-22;22,76;24,94;20,68;43,35;41,98;49,7;41,46;43,67;31,08;19,83
2011-06-23;22,42;25,29;20,84;42,7;41,38;49,91;41,2;41,78;32,51;19,79
2011-06-24;22,28;25,63;21,04;42,3;41,05;48,98;41,23;41,84;32,8;19,79
2011-06-27;22,55;25,26;21,37;42,71;41,07;49,64;42,14;41,86;33,75;19,83
2011-06-28;22,6;25,42;21,41;43;42,36;50,99;42,96;41,85;34,43;20,02
2011-06-29;23,1;25,6;21,77;43,3;42,26;51,07;43,04;42,09;34,9;20,05
2011-06-30;23,4;26,39;22,74;43,99;41,82;52,17;43,52;42,67;35,29;20,11
2011-07-01;23,52;26,57;22,79;44,61;42,9;53,17;44,57;42,51;35,96;19,88
2011-07-05;23,67;26,74;22,5;44,18;42,39;53,08;44,42;42,33;36,32;19,97
2011-07-06;23,36;26,93;22,26;44,17;42,58;53,29;44,72;41,63;37,28;19,91
2011-07-07;23,99;27,29;22,56;44,13;42,11;53,74;45,19;42,32;37,72;19,94
2011-07-08;23,75;27,1;22,5;43,28;42,02;53,24;44,89;42,3;37,4;19,9
2011-07-11;23,04;26,86;21,4;42,53;40,79;51,87;44,27;41,33;35,76;19,94
2011-07-12;22,87;26,62;21,07;42,03;41,25;50,83;43,32;41,62;35,31;19,8
2011-07-13;23,53;27,06;21,53;42,02;41,3;51,03;43,56;42,28;35,76;19,93
2011-07-14;23,11;26,73;21,42;41,41;41,35;50,4;42,66;42,13;35,52;19,89
2011-07-15;23,01;27,03;21,85;40,99;41,27;50,77;42,54;42,12;35,14;19,77
2011-07-18;22,31;26,69;21,49;40,44;40,88;50,53;41,94;41,38;34,34;19,59
2011-07-19;22,54;26,65;21,17;40,73;41,18;51,61;43,11;42,19;35,65;19,46
2011-07-20;22,88;26,72;21,68;41,51;41,32;51,22;42,77;42,28;35,56;19,41
2011-07-21;22,55;26,8;22,72;42,12;41,14;51,07;44,75;43,27;36,62;19,46
2011-07-22;22,15;26,83;22,66;41,61;41,25;51,43;43,92;43,92;36,75;19,62
2011-07-25;22,5;26,31;22,38;41,42;40,77;51,27;43,16;44,5;36,25;19,32
2011-07-26;22,44;26,4;22,6;41,35;40,57;49,69;42,4;44,38;35,78;19,27
2011-07-27;21,76;25,6;22,11;40,04;39,71;47,44;41,05;44,34;34,51;19,06
2011-07-28;21,49;25,08;21,88;40,08;39,97;46,49;40,99;41,38;35,24;19,01
2011-07-29;21,59;25,1;21,93;39,82;39,49;46,53;40,95;41,79;35,01;18,67
2011-08-01;21,41;25,07;21,43;39,45;38,35;46,76;42,2;40,45;33,59;18,89
2011-08-02;20,85;25,13;20,72;39,06;37,28;44,94;42,35;39,48;31,18;18,98
2011-08-03;20,86;24,98;20,73;38,54;37,31;45,57;42,31;40,42;31,18;18,87
2011-08-04;18,98;23,35;19,13;36,68;36,03;42,45;40,93;38,58;28,75;18,36
2011-08-05;19,47;23,14;19,52;36,76;35,62;42,55;39,85;38,55;27,67;18,38
2011-08-08;17,66;21,67;17,69;35,08;32,88;38,95;36,25;36,72;24,42;17,5
2011-08-09;19,73;22,61;18,73;36,65;35,11;41,54;38,92;37,77;25,79;17,02
2011-08-10;18,57;21,32;17,07;34,72;33,38;39,69;35,35;36,44;25,37;16,82
2011-08-11;19,47;21,79;18,07;35,89;34,87;42,03;37,33;37,36;26,57;17,55
2011-08-12;19,71;21,49;18,29;36,28;35,49;42,36;37,78;37,63;27,58;17,5
2011-08-15;19,87;22,37;18,94;36,71;36,5;43,51;38,89;38,62;28,42;17,59
2011-08-16;19,37;21,96;18,47;36,42;36,01;42,37;38,69;37,24;27,5;17,58
2011-08-17;19,27;21,9;18,32;36,82;36,04;41,82;38,68;36,97;29,34;17,9
2011-08-18;17,98;20,69;17,07;35,74;34,68;39,2;36,17;35,2;26,84;17,19
2011-08-19;17,57;20,53;16,77;35,49;33,77;38,49;36,05;34,75;25,96;17,4
2011-08-22;17,55;20,69;17,07;35,54;33,53;39,29;36,08;36,79;25,19;17,31
2011-08-23;18,34;21;17,69;36,54;35,27;41,17;37,14;37,72;26,31;16,82
2011-08-24;18,57;20,41;17,82;37,44;36,08;42,06;37,15;37,72;25,56;16,8
2011-08-25;18;20,35;17,44;36,4;35,59;40,66;36,83;35,11;24,86;16,9
2011-08-26;18,2;20,69;17,77;37,02;36,39;41,85;37,64;36,12;26,05;16,72
2011-08-29;18,7;21,63;18,16;37,89;37,27;43,56;39,56;37,4;27,39;17,23
2011-08-30;18,78;22,01;18,21;38,14;38,01;44,3;40,03;36,78;27,9;17,28
2011-08-31;19,18;21,95;18,75;38,48;38,1;44,52;39,88;36,87;27,82;17,44
2011-09-01;19,11;21,76;18,22;37,89;37,96;43,78;39,06;35,79;28,05;17,64
2011-09-02;18,28;20,73;17,39;36,74;37,02;42,59;36,37;35,16;26,16;17,8
2011-09-06;16,98;19,86;16,08;36,27;36,64;41,7;35,41;32,7;26,17;17,68
2011-09-07;17,55;20,45;16,49;37,24;38,02;41,74;36,16;34,07;27,12;17,86
2011-09-08;17,04;20,1;16,21;36,87;37,3;41,01;35,45;33,37;26,34;17,52
2011-09-09;16,31;19,63;15,26;36,18;36,17;39,99;33,82;33,3;25,35;17,22
2011-09-12;16,22;19,5;15,03;36,44;36,59;38,85;33,24;31,93;26,22;17,01
2011-09-13;16,26;19,54;15,73;36,58;38,58;39,63;33,85;31,79;26,54;17,15
2011-09-14;16,68;19,88;16,07;36,56;38,32;40,37;34,61;31,85;26,87;17,35
2011-09-15;17,23;20,03;16,36;37;39,29;40,95;35,05;32,54;26,7;17,47
2011-09-16;17,08;20,5;16,03;37,5;39,53;40,51;35,26;32,45;27,24;17,12
2011-09-19;16,42;20,17;15,75;37,28;39,12;40,11;34,7;32,02;27,37;16,71
2011-09-20;16,28;19,81;15,76;36,81;38,56;39,32;33,79;33,01;25,91;16,58
2011-09-21;15,92;19,18;15,58;35,44;36,95;38,14;31,55;33,43;25,09;16,09
2011-09-22;15,12;18,66;14,94;34,57;36,07;35,66;31,11;33,39;23,74;15,85
2011-09-23;15,12;19,02;15,02;34,99;36,79;35,82;31,83;32,91;24,04;15,85
2011-09-26;15,42;18,99;15,96;35,97;37,55;37,48;32,84;34,72;24,77;15,92
2011-09-27;15,89;19,22;16,36;36,11;37,24;37,76;33,44;36,33;25,15;15,96
2011-09-28;15,53;19,34;15,95;35,87;35,79;36,28;32,36;36,59;24,13;15,74
2011-09-29;16,19;19,73;16,9;36,73;35,43;36,96;33,29;36,08;25,18;16,01
2011-09-30;15,4;19;15,89;36,38;34,59;36,07;32,62;35,79;25,16;15,86
2011-10-03;14,81;18,11;15,28;35,54;32,68;34,55;31,17;35,28;22,66;15,25
2011-10-04;15,07;18,82;15,25;36,12;33,86;36,75;33,16;36,91;26,48;15,08
2011-10-05;15,38;18,78;15,73;35,96;33,56;37,93;33,81;37,94;28,24;14,96
2011-10-06;16;19,12;16,22;36,41;33,79;39,2;34,69;37,02;28,25;15,49
2011-10-07;15,91;18,25;16,27;36,89;33,76;38,73;33,75;37,12;26,89;15,42
2011-10-10;17,04;19;17,41;37,86;35,06;40,64;35,38;39,35;28,05;15,51
2011-10-11;16,95;19,58;17,25;37,64;34,96;40,87;35,5;39,32;28,37;15,63
2011-10-12;17,62;19,94;18,2;38,34;35,81;41,87;36,46;39,27;29,18;15,83
2011-10-13;17,34;20,22;17,79;38,16;35,37;41,02;36,54;38,34;28,87;15,79
2011-10-14;17,56;20,17;18,41;38,48;36,18;41,66;37,18;39,19;29,6;15,8
2011-10-17;17,11;20,37;17,62;37,76;35,83;40,09;36,07;39,32;28,31;15,64
2011-10-18;17,38;20,79;18,12;38,58;35,46;42,08;37,12;38,6;29,16;16,2
2011-10-19;16,67;20,24;17,88;38,65;35,24;40,87;35,75;38,4;28,23;15,95
2011-10-20;16,67;20,23;18,34;38,47;35,69;41,45;35,99;38,45;27,96;16,34
2011-10-21;17,2;20,71;18,88;39,56;36,43;40,8;37,14;39,05;29,68;16,51
2011-10-24;17,7;20,38;19,04;40;36,91;41,59;38,44;38,72;29,73;16,58
2011-10-25;17,49;20,21;18,35;39,46;36,61;42,31;37,08;38,02;28,3;16,41
2011-10-26;17,66;20,61;18,5;38,18;37,18;43,07;37,28;38,74;33,24;16,47
2011-10-27;18,37;22,06;19,96;39,4;39,02;44,85;40,38;40,77;34,96;17,09
2011-10-28;17,99;22,38;19,44;39,17;38,83;45,41;39,76;40,5;33,11;17,2
2011-10-31;16,96;20,97;18,46;39,76;38;42,98;38,73;41,04;33,86;16,83
2011-11-01;16,32;19,71;17,98;38,41;37,59;41,91;36,18;38,37;32,51;16,47
2011-11-02;16,52;18,53;18,35;38,85;37,87;42,57;36,13;38,47;33,19;16,46
2011-11-03;17,15;18,31;18,9;39,82;37,85;44,21;37,26;38,56;33,74;16,38
2011-11-04;16,93;17,92;18,28;39,75;37,89;44,03;38,29;38,51;33,34;16,36
2011-11-07;16,84;17,99;18,07;40,91;38,27;43,41;38,85;37,36;33,88;16,37
2011-11-08;17,24;17,48;18,47;41,15;38,76;43,58;40,12;38,48;33,52;16,49
2011-11-09;16,04;17,2;16,84;39,93;37,7;41,65;38,61;36,64;31,69;16,29
2011-11-10;16,32;17,11;17,24;40,18;38,45;41,68;38,87;37,09;31,65;16,14
2011-11-11;16,81;17,54;17,6;40,97;39,53;43,55;40,03;37,61;33,06;16,17
2011-11-14;16,48;17,51;17,23;40,6;39,83;43,31;39,43;38,15;31,91;16,08
2011-11-15;16,78;17,42;16,97;41,01;39,74;43,64;40,12;38,97;32,2;16,22
2011-11-16;16,41;16,87;16,81;40,03;37,97;42,72;39,61;39,26;31,04;16,27
2011-11-17;16,07;16,8;16,64;39,44;37,71;41,35;39,18;39,41;30,07;16,05
2011-11-18;16,01;16,91;16,66;39,58;37,93;41,11;39,79;39,55;29,74;16,05
2011-11-21;15,56;16,28;16,31;39;37,69;39,68;38,96;37,11;29,12;15,95
2011-11-22;15,4;16,57;16,33;39,1;37,42;40,15;38,32;36,52;29,46;15,76
2011-11-23;15,06;16,27;15,86;38,34;36,45;39,01;36,98;36,15;28,1;15,63
2011-11-25;15,04;16,96;15,58;38,79;36,21;38,9;36,46;36,17;27,27;15,82
2011-11-28;15,94;17,52;16,5;39,53;37,34;40,51;38,34;37,25;29,81;15,56
2011-11-29;15,96;17,57;16,93;39,31;38,16;41,28;39,01;36,46;29,78;15,63
2011-11-30;17,1;18,05;18;41;39,97;42,82;41,82;38,03;31,75;15,65
2011-12-01;16,84;17,99;17,81;40,74;39,83;42,65;41,16;38,75;32,2;15,36
2011-12-02;16,8;17,77;17,89;40,8;39,19;43,52;41,25;38,63;32,66;15,56
2011-12-05;16,95;17,88;18,13;40,58;39,04;44,79;42,12;39,97;33,15;15,68
2011-12-06;16,96;17,68;17,96;41,06;39,52;44,85;42,47;39,3;32,71;15,59
2011-12-07;17,16;18,53;18,43;41,43;39,86;45,35;41,57;38,23;32,47;15,42
2011-12-08;16,46;18,14;17,83;40,3;38,47;43,41;40,99;36,9;31,62;15,22
2011-12-09;16,93;18,28;18,5;40,98;39,1;44,55;42,06;38,13;32,7;15,36
2011-12-12;16,53;17,87;17,73;40,32;38,25;43,49;41,66;37,92;32,56;15,16
2011-12-13;16,2;17,51;17,23;40,41;37,85;43,25;41,47;38,28;30,94;15,2
2011-12-14;15,87;17,1;16,97;40,41;37,54;42,92;40,89;37,65;29,85;14,99
2011-12-15;15,98;17,19;17,13;40,83;38,28;43,59;41,79;38,39;30,42;15,02
2011-12-16;16,04;17,31;16,89;40,94;38,6;43,73;42;38,75;29,85;14,87
2011-12-19;16;16,71;16,74;41,01;38,38;42,97;41,67;37,65;29,41;14,84
2011-12-20;16,56;17,31;17,84;42,24;39,8;45,1;43,16;39,38;30,9;14,82
2011-12-21;16,45;17,47;17,61;42,37;40,2;44,77;43,46;39,55;31;14,76
2011-12-22;16,65;17,76;18,06;43,34;40,55;44,86;43,8;38,41;30,36;14,81
2011-12-23;16,91;17,95;18,13;43,52;41,48;45,75;44,12;38,53;30,54;15,02
2011-12-27;16,83;17,78;18,35;43,74;41,79;45,89;44,4;39,77;30,8;14,86
2011-12-28;16,69;17,08;17,97;43,75;40,84;44,87;43,97;38,48;29,65;14,93
2011-12-29;16,87;17,68;18,52;44,15;41,11;45,5;44,58;37,09;30,43;14,82
2011-12-30;16,98;18,04;18,55;43,91;40,32;45,21;43,93;37,48;29,85;14,9
2012-01-03;17,87;18,38;19,01;44,05;40,52;46,02;44,84;37,75;28,59;15,49
2012-01-04;17,77;18,22;18,48;44,1;41,29;45,31;43,3;37,09;29,16;15,58
2012-01-05;17,71;17,7;17,76;43,61;41,7;45,7;43,18;38;30,23;16,26
2012-01-06;17,35;17,44;17,58;43,64;42,12;44,91;42,75;37,73;30,17;16,39
2012-01-09;17,67;17,47;17,84;43,71;42,18;44,75;42,43;37,59;31,07;16,42
2012-01-10;17,83;17,7;16,87;44,2;42,36;46,09;42,86;37,99;31,33;16,78
2012-01-11;17,91;17,69;16,43;44,29;42,4;45,99;42,69;37,19;31,6;16,92
2012-01-12;18,24;17,26;16,44;44,91;42,15;46,67;42,99;37,12;31,35;17,07
2012-01-13;17,97;17,13;16,24;44,17;41,93;46,9;42,62;36,9;30,51;17,16
2012-01-17;18,33;16,77;16,53;44,36;42,76;46,93;42,73;37,91;30,6;17,12
2012-01-18;18,92;17,12;16,98;45,03;43,09;47,2;43,24;38,32;31,34;17,23
2012-01-19;19,3;17,25;17,2;45,36;42,34;47,39;43,58;38,17;31,95;17,27
2012-01-20;19,06;17,85;17,51;45,27;41,97;46,21;43,54;38,48;32,28;17,39
2012-01-23;19,28;18,53;17,43;45,23;41,81;46,67;43,69;38,03;32,15;17,31
2012-01-24;18,84;17,95;17,58;45,1;41,04;47,1;43,82;37,91;32,46;17,37
2012-01-25;19,01;18,66;17,89;45,12;40,9;47,4;43,76;38,19;33;17,41
2012-01-26;19,21;18,51;18;45,28;40,88;49,02;43,4;38,08;32,49;17,5
2012-01-27;19,15;18,42;18,04;44,15;41,67;49,61;43,66;38,34;32,86;17,52
2012-01-30;18,53;18,11;17,74;43,56;42,24;49,26;41,91;37,66;33,06;17,46
2012-01-31;18,78;18,22;17,94;43,56;41,93;49,39;42,62;37,77;33,04;17,49
2012-02-01;19,45;18,19;18,21;44,24;43,24;50,18;43,83;37,86;35,42;17,59
2012-02-02;19,54;17,09;18,03;44,06;42,98;50,25;44,36;37,42;35,95;17,67
2012-02-03;19,76;19,21;18,4;44,44;42,32;51,12;44,97;38,54;37,01;17,84
2012-02-06;19,53;19,44;18,44;44,74;41,97;50,67;44,4;36,44;36,76;17,8
2012-02-07;19,41;19,68;18,54;44,63;42,9;50,54;44,23;36,22;36,86;17,81
2012-02-08;19,5;19,89;18,53;45,18;43,31;50,77;44,33;36,42;38,3;17,74
2012-02-09;19,68;19,91;18,73;45,35;43,94;50,92;43,99;36,24;25,17;17,74
2012-02-10;19,37;19,53;18,1;44,95;43,85;50,25;43,39;36,12;25,27;17,4
2012-02-13;19,58;19,48;18,31;45,66;44,39;51,44;43,92;35,14;25,46;17,73
2012-02-14;19,33;19,13;18,01;45,71;45,35;51,41;43,59;35,82;25,25;17,82
2012-02-15;19,54;19,99;17,92;44,78;45,27;51,12;42,36;35,19;24,6;18,08
2012-02-16;19,03;20,5;18,36;44,3;45,26;51,88;43,97;35,01;25,88;17,92
2012-02-17;18,96;20,6;18,75;45,25;45,17;51,48;44,38;35,27;26;17,92
2012-02-21;18,78;20,66;18,91;45,51;44,97;51,81;44,22;35,02;25,3;17,82
2012-02-22;18,72;20,88;18,42;45,75;45,23;51,27;44,02;34,52;25,56;18,01
2012-02-23;18,85;21,19;18,73;45,71;44,8;51,08;44,66;34,07;26,18;18,11
2012-02-24;18,86;21,73;18,82;46,09;44,99;51,15;44,67;34,29;25,69;18,09
2012-02-27;18,75;21,69;18,75;46,14;44,85;50,88;44,33;32,88;25,89;18,17
2012-02-28;18,84;22,26;18,75;45,99;44,75;50,57;44,62;32,33;25,77;18,32
2012-02-29;18,48;21,39;18,58;45,85;44,87;50,1;43,91;33,71;25,52;18,45
2012-03-01;18,66;21,57;18,66;46,29;45,31;50,13;44,21;33,97;25,52;18,51
2012-03-02;18,57;21,37;18,49;46,62;44,69;49,53;42,22;33,83;25,14;18,46
2012-03-05;18,39;20,73;18,25;46,85;44,89;49,65;41,95;33,85;25,43;18,49
2012-03-06;17,54;20,36;17,34;46,15;43,8;47,55;40,53;32,58;25,2;17,99
2012-03-07;17,87;20,42;17,56;46,02;43,87;48,05;40,99;32,79;25,49;18,19
2012-03-08;18,29;20,42;18,03;46,94;44,43;48,79;41,26;33,29;25,54;18,45
2012-03-09;18,25;21,26;17,96;47,04;44,96;49,42;41,78;33,42;26,59;18,46
2012-03-12;18,3;20,85;17,97;47,12;44,14;49,38;41,67;32,67;26,99;18,34
2012-03-13;18,63;21,14;18,28;47,86;44;50,55;42,53;33,2;26,79;18,29
2012-03-14;18,63;21,59;18,33;47,65;43,85;50,03;42,13;34,08;26,47;18,45
2012-03-15;18,94;21,75;18,62;47,44;44,1;50,22;42,24;34,91;27,74;18,29
2012-03-16;18,83;21,81;18,9;47,3;44,62;50,2;41,61;34,82;27,32;18,64
2012-03-19;18,93;21,65;19,05;47,37;44,84;50,25;42,61;35,16;27,3;18,7
2012-03-20;18,58;21,38;18,76;46,99;44,42;49,49;42,1;34,34;27,09;18,76
2012-03-21;18,44;20,72;18,19;46,74;44,63;49,01;42,2;34,12;27,71;18,87
2012-03-22;18,11;20,55;18;47,16;44,62;48,23;42,01;33,62;27,48;18,94
2012-03-23;18,34;20,32;17,87;47,34;43,75;48,94;42,61;33,69;27,74;18,81
2012-03-26;18,58;20,6;18,21;48,07;45,1;49,64;43,99;34,08;28,36;18,88
2012-03-27;18,3;20,77;18,29;48,04;45,1;49,29;44,4;34,71;27,93;18,77
2012-03-28;18,21;21,13;18,13;47,67;44,63;48,19;44,18;34,83;27,95;18,77
2012-03-29;18,03;20,93;17,78;47,98;47,55;48,7;43,48;34,98;27,55;18,77
2012-03-30;18,4;20,77;18,02;47,9;48,13;49,26;42,89;35,57;27,26;18,83
2012-04-02;18,66;20,81;17,83;48,29;48,19;50,12;43,62;35,13;26,94;18,69
2012-04-03;18,42;20,5;17,47;48,16;47,91;49,61;42,73;34,38;26,3;18,63
2012-04-04;18,02;19,72;16,95;48,05;47,63;49,31;41,79;34,07;25,68;18,66
2012-04-05;17,96;20,01;16,8;47,97;47,61;48,05;41,26;35,17;25,59;18,61
2012-04-09;17,83;20,1;16,74;47,44;46,79;47,59;40,2;34,58;25,1;18,54
2012-04-10;17,34;18,24;15,92;46,81;45,9;46,9;39,69;34,49;24,12;18,31
2012-04-11;17,63;18,75;16,01;47,2;45,92;47,08;40,32;34,63;24,5;18,38
2012-04-12;17,97;18,73;16,44;48,29;46,4;47,63;41,48;34,82;24,96;18,7
2012-04-13;17,45;17,36;16,02;48,13;46,05;47,68;40,51;34,57;24,93;18,67
2012-04-16;17,73;17,51;16,18;48,2;45,48;47,74;41,07;34,67;24,96;18,87
2012-04-17;18,28;17,5;16,62;48,59;46;48,86;42,02;34,58;25,38;18,87
2012-04-18;18,12;16,89;16,24;48,5;46,13;47,77;41,75;34,06;25,09;18,71
2012-04-19;18,11;16,7;16,35;48,13;47,25;46,86;40,69;33,87;24,35;18,8
2012-04-20;18,47;16,83;16,64;48,66;47,39;47,05;41,84;33,3;24,52;18,77
2012-04-23;17,91;16,51;17,21;48,29;47,12;47,2;40,52;33,39;24,19;18,65
2012-04-24;18,23;16,62;17,39;48,54;47,22;47,64;40,6;32,96;24,6;18,77
2012-04-25;17,45;16,42;17,9;48,48;47,53;48,14;40,85;33,35;22,98;18,89
2012-04-26;17,2;16,5;17,94;49,41;43,63;48,77;41,06;33,21;23,73;18,95
2012-04-27;16,96;16,32;17,91;49,4;41,91;49,7;42,52;33,62;24,27;18,9
2012-04-30;17,01;16,21;17,7;49,61;42,41;49,04;42,27;33,66;23,61;18,94
2012-05-01;17,11;15,99;17,71;49,75;42,8;49,09;42,3;32,72;23,55;19,14
2012-05-02;17,12;15,73;17,47;49,5;43,26;48,66;42,18;31,98;23,32;19,15
2012-05-03;16,78;15,52;17,48;49,48;42,38;47,96;41,99;32,57;23,09;19,23
2012-05-04;16,56;15,32;17,14;49,08;41,54;46,98;40,56;32,23;22,14;19,09
2012-05-07;16,61;15,31;17,47;49,19;41,39;46,18;40,57;32,72;22,14;19,01
2012-05-08;16,45;15,02;17,33;48,97;41,45;45,96;40,49;32,63;22,35;18,88
2012-05-09;16,11;15,23;17,25;48,25;40,52;45,62;39,86;32,55;22,64;18,84
2012-05-10;16,06;15,38;17,6;47,99;40,29;46,11;39,86;32,88;22,84;18,97
2012-05-11;15,78;14,18;17,56;47,78;39,71;46,02;39,66;32,7;22,8;18,63
2012-05-14;15,43;14,2;17,32;47,49;39,99;45,66;39,22;31,76;21,95;18,16
2012-05-15;15,41;13,91;17,35;47,01;39,32;44,81;39,1;32,04;22,31;17,83
2012-05-16;15,22;13,76;17,39;46,85;38,72;44,53;39;32,64;22,13;17,95
2012-05-17;15,05;14,24;17,09;45,96;38,15;43,11;38,74;31,38;21,08;17,44
2012-05-18;14,98;13,77;17,23;45,76;37,78;43,1;38,62;31,32;20,69;17,17
2012-05-21;15,43;14,13;17,92;46,07;39,27;44,75;39,12;31,84;21,49;17,59
2012-05-22;15,39;14;17,93;46,24;38,77;44,45;38,6;32,35;21,75;17,85
2012-05-23;15,34;13,83;17,12;46,05;38,84;45,22;38,88;31,88;21,28;17,85
2012-05-24;15,36;13,76;16,73;45,74;39,61;45,59;38,65;31,97;21,07;17,78
2012-05-25;15,16;13,3;16,63;45,51;39,67;45,22;38,5;31,85;21,02;17,9
2012-05-29;15,44;13,55;16,93;45,98;40,26;46,07;39,07;31,96;21,8;18,01
2012-05-30;15,12;13,03;16,48;46,17;39,83;45,35;38,24;31,42;21,34;18,01
2012-05-31;14,81;13,24;16,59;46,11;39,37;44,51;38,02;30,93;21,18;18,06
2012-06-01;14,64;12,65;16,14;45,34;38,99;43,03;36,52;30,49;19,83;17,8
2012-06-04;14,55;12,79;16,23;45,17;39;42,17;37,02;31,19;19,9;18,09
2012-06-05;14,61;13,2;16,23;45,47;40,2;42,86;36,93;31,31;20,46;17,98
2012-06-06;15,11;13,59;17,04;46,44;40,86;43,86;37,64;32,36;21,53;18,06
2012-06-07;15,34;13,31;16,91;46,97;40,44;44,41;37,83;31,66;20,97;18,07
2012-06-08;15,21;12,85;16,88;47,26;41,64;44,6;38,08;32,06;21,23;18,21
2012-06-11;15,09;12,76;16,67;46,99;41,17;43,82;37,18;31,69;20,02;17,98
2012-06-12;15,39;13,07;16,91;47,99;41,29;44,3;37,24;32,13;20,75;18,31
2012-06-13;15,05;12,76;16,65;47,89;40,05;43,51;36,94;32,12;20,52;18,24
2012-06-14;15,05;12,98;16,92;48,64;39,96;43,28;38,17;32,03;20,73;18,16
2012-06-15;14,99;13,18;17,73;49,18;39,47;43,52;38,24;32,03;21,51;18,16
2012-06-18;15,05;13,43;17,31;49,77;39,59;43,81;38,28;32,53;21,4;18,14
2012-06-19;15,44;13,56;17,58;50,07;39,38;44,17;39,59;33,1;21,76;18,22
2012-06-20;15,46;13,97;18,06;50,29;39,47;44,15;39,15;32,2;21,72;18,33
2012-06-21;15,05;13,55;17,44;49,75;39,25;42,82;38,14;31,47;21,1;18,15
2012-06-22;14,81;14,31;17,75;50,23;40,14;42,16;38,85;31,52;22,07;18,5
2012-06-25;14,45;13,96;17,5;49,67;39,18;41,17;38,01;31,9;21,62;18,21
2012-06-26;14,51;13,84;17,19;49,73;39,17;40,81;38,23;31,72;21,72;17,89
2012-06-27;14,55;13,81;17,34;50,49;39,44;40,79;39,22;31,38;21,71;17,79
2012-06-28;14,61;13,72;17,47;50,29;38,37;40,58;38,86;31,92;21,54;17,54
2012-06-29;15,29;14,24;18,33;51,85;37,33;42,19;41,35;32,22;22,15;17,1
2012-07-02;15,38;14,2;18,56;51,75;37,14;41,85;40,75;32,23;22,17;17,51
2012-07-03;15,59;14,27;18,28;52,22;36,74;42,68;41,76;31,68;22,45;17,41
2012-07-05;15,29;13,78;18,11;51,83;36,46;42,52;41,02;32,04;22,51;17,54
2012-07-06;15,09;13,64;17,81;51,66;36,24;41,27;39,97;31,17;21,78;17,48
2012-07-09;14,96;13,45;17,97;52,07;36,63;41,22;39,95;31,19;21,5;17,39
2012-07-10;14,82;13,1;17,91;51,85;36,46;40,75;39,7;31,28;21,21;17,34
2012-07-11;14,94;12,87;18,22;51,13;36,53;40,18;39,4;31,54;20,89;17,55
2012-07-12;14,82;12,5;18,29;50,95;36,33;40,33;39,06;31,52;20,66;17,63
2012-07-13;15,06;12,66;18,4;51,7;36,92;41,42;39,8;32,52;21,03;17,98
2012-07-16;15,2;12,6;18,56;51,56;36,79;40,29;38,92;31,52;20,55;17,88
2012-07-17;15,37;12,3;18,63;51,9;37,4;40,59;37,83;31,26;20,55;17,99
2012-07-18;15,15;12,34;18,62;52,51;37,73;41,34;38,26;31,09;20,68;18,06
2012-07-19;15,04;12,57;18,8;52,56;36,92;42,47;38,26;30,53;20,35;18,15
2012-07-20;15,18;12,08;18,29;51,87;36,43;42,04;37,09;30,05;20,16;18,11
2012-07-23;14,83;11,7;19,29;51,53;36,03;41,1;36,07;29,35;19,73;18,18
2012-07-24;14,77;11,65;19,09;51,13;35,86;40,13;34,8;28,75;19,49;18,24
2012-07-25;14,85;11,26;19,73;50,92;34,17;40,09;35,27;28,49;22,99;18,34
2012-07-26;15,9;11,9;20,45;50,44;34,15;40,98;35,87;29,39;23,16;18,56
2012-07-27;16,41;12,35;20,61;51,46;35,47;42,62;35,98;29,79;24,63;18,86
2012-07-30;16,25;12,02;20,47;51,34;35,93;42,75;37,02;29,22;23,75;18,89
2012-07-31;16,25;12,15;20,51;51,29;34,88;42,86;36,39;30,13;22,76;18,75
2012-08-01;16,26;12,14;20,67;50,76;35,32;42,45;36,54;31,29;22,34;18,88
2012-08-02;16,04;11,24;20,5;50,18;35,15;42,16;36,76;30,74;22,31;18,9
2012-08-03;16,78;11,64;21,03;51,03;35,5;42,93;37,87;31,22;22,8;18,93
2012-08-06;16,82;11,51;21,05;51,15;35,39;43,32;37,96;31,28;22,82;19,06
2012-08-07;16,91;11,67;21,45;51,51;35,99;44,07;38,03;31,16;23,11;19,41
2012-08-08;16,85;11,71;21,29;51,54;36,37;44,48;38,63;30,54;23,33;19,43
2012-08-09;16,75;11,98;21,17;51,73;36,31;44,64;38,6;30,68;24,24;19,43
2012-08-10;16,8;12,34;21,29;51,87;36,5;45,14;38,14;30,55;24,03;19,47
2012-08-13;16,71;12,21;21;51,92;36,26;44,85;38,11;29,25;24,15;19,51
2012-08-14;16,59;11,71;21,13;51,87;35,76;44,85;37,58;29,11;24,41;19,58
2012-08-15;16,65;11,39;21,33;51,99;36,42;44,88;38,17;28,8;24,67;19,58
2012-08-16;16,83;11,84;21,44;52,16;36,93;45,79;38,38;28,57;25,6;19,6
2012-08-17;16,82;11,95;21,71;51,98;36,8;45,89;38,8;28,47;26,14;19,83
2012-08-20;16,89;12;21,68;52,22;38,87;45,48;38,68;29,52;25,67;19,96
2012-08-21;16,67;11,95;21,63;52,06;38,6;45,22;38,52;28,75;25,79;19,88
2012-08-22;16,62;11,79;21,58;51,59;38,28;45,26;38,02;28;25,69;19,69
2012-08-23;16,52;11,61;21,53;51,47;38,02;45,46;37,04;28,44;25,19;19,61
2012-08-24;16,43;11,71;21,25;51,58;37,46;45,51;37;28,48;25,2;19,62
2012-08-27;16,38;11,64;21,44;52,08;37,73;45,45;36,9;28,3;25,5;19,58
2012-08-28;16,25;11,49;21,49;51,98;37,27;45,45;36,74;27,82;25,29;19,69
2012-08-29;16,28;11,73;21,57;52,45;37,84;45,56;36,84;28,17;25,15;19,94
2012-08-30;16,05;11,43;21,04;52,05;37,53;45,41;36,49;29,05;25,04;19,88
2012-08-31;16,23;11,31;21,31;52,25;37,16;45,77;36,63;29,48;25,19;19,95
2012-09-04;16,15;11,3;21,43;52,18;36,91;45,78;36,92;28,72;25,48;19,82
2012-09-05;16,23;11,07;21,48;52,55;36,93;45,1;37,3;28,89;25,53;19,81
2012-09-06;16,78;11,22;22,47;53,6;37,12;45,68;38,37;28,97;25,82;19,84
2012-09-07;17,47;11,64;23,2;53,45;37,73;46,55;38,97;29,15;25,99;19,78
2012-09-10;17,37;11,75;22,4;53,01;36,95;46,55;38,91;30,46;25,83;19,82
2012-09-11;17,71;11,93;22,69;53,05;36,65;46,72;39,11;31,34;25,7;19,95
2012-09-12;17,86;12,04;22,45;53,51;36,13;46,48;39,01;31,19;25,79;19,93
2012-09-13;18,24;12,5;22,9;53,99;36,93;47,34;39,47;30,94;26,23;19,89
2012-09-14;18,76;13,05;23,06;53,44;37,77;48,8;40,01;31,33;26,37;19,93
2012-09-17;18,63;13,11;23;53,6;37,85;47,82;39,79;31,02;26,01;19,82
2012-09-18;18,37;13,21;22,9;53,5;38,18;47,98;39,72;31,5;25,5;19,86
2012-09-19;18,53;13,29;22,87;53,76;38,14;47,96;39,59;30,89;24,73;19,98
2012-09-20;18,25;12,87;22,82;53,66;38,12;48,32;39,62;31,28;23,9;19,91
2012-09-21;18,27;12,7;22,81;53,72;38,31;48,33;38,5;31,5;23,83;19,84
2012-09-24;18,16;12,36;22,57;53,49;38,98;47,6;39,12;31,54;23,99;19,91
2012-09-25;17,83;12,05;22,47;53,66;38,6;46,81;38,62;31,31;23,19;19,78
2012-09-26;17,69;11,85;22,36;53,24;38,02;46,61;38,16;31,03;22,86;19,79
2012-09-27;17,97;12,12;22,78;53,19;38,42;47,27;38,36;31,83;22,99;19,82
2012-09-28;17,52;11,7;21,85;52,84;38,31;47,1;37,87;32,01;22,76;19,74
2012-10-01;17,74;11,84;21,92;51,83;38,51;47,15;38,28;32,36;22,99;19,8
2012-10-02;17,89;11,85;21,95;51,06;39,37;46,29;38,45;34,13;23,07;19,87
2012-10-03;17,81;11,89;21,95;51,27;40,05;46,23;37,76;33,51;23;19,79
2012-10-04;18,14;11,74;22,29;51,59;40,72;46,88;38,01;34;23,03;19,75
2012-10-05;18,17;12;22,55;51,74;40,3;46,58;38,39;34,17;23,54;19,75
2012-10-08;18;11,91;22,59;51,59;40,71;45,9;38,14;33,84;23,54;19,82
2012-10-09;17,6;11,51;22,05;51,31;40,99;44,65;37,57;33,39;22,98;19,72
2012-10-10;17,39;11,37;22,03;51,12;40,69;43,72;37,36;33,66;23,11;19,69
2012-10-11;17,62;11,44;22,39;51,18;42,05;43,74;37,77;33,82;23,26;19,67
2012-10-12;17,7;11,36;22,49;51,18;42,01;43,81;37,57;33,76;22,93;19,75
2012-10-15;17,83;11,69;22,66;51,61;42,66;44,42;37,69;34,56;23,29;19,75
2012-10-16;18,06;12;23,07;52,44;42,67;45,27;38,1;35,4;23,32;19,77
2012-10-17;18,32;12,23;23,41;52,84;42,29;44,34;38,5;35,55;23,98;19,78
2012-10-18;18,5;12,35;23,46;53,21;43,03;45,87;38,91;35,2;23,84;19,76
2012-10-19;18,1;12,15;22,93;52,1;42,3;45,98;37,34;35,18;23,06;19,77
2012-10-22;18,33;12,35;24,45;51,9;43;45,63;37,29;34,94;22,71;19,77
2012-10-23;17,72;12,09;23,72;51,37;42,41;45,25;37,22;34,68;22,64;19,73
2012-10-24;17,58;12,02;23,49;51,43;42,69;45,54;37,07;34,38;18,32;19,73
2012-10-25;17,33;11,9;23,32;51,98;43,16;46,07;37,29;33,76;18,21;19,77
2012-10-26;17,04;11,85;23,01;51,96;42,84;45,74;37,05;33,21;17,99;19,75
2012-10-31;16,92;11,74;23,37;52,75;42,44;46,09;37,01;33,22;17,95;19,86
2012-11-01;17,14;11,82;23,92;53,31;43,22;47,15;36,89;33,8;18,29;19,78
2012-11-02;17,03;11,33;24,03;53,19;42,74;46,38;37,1;33,39;18,29;19,72
2012-11-05;17,09;11,25;23,9;52,65;43,02;48,15;37,16;32,63;18,39;19,78
2012-11-06;17,4;11,18;24,04;53,48;43,29;48,81;37,31;33,23;18,34;19,7
2012-11-07;17,19;11,18;23,67;51,73;41,47;47,63;36,41;32,4;17,96;19,73
2012-11-08;17,13;10,9;23,48;51,4;41,12;47,19;35,56;32,85;17,23;19,68
2012-11-09;17,04;10,86;23,59;52,28;40,92;47,87;35,5;32,71;17,09;19,74
2012-11-12;17,07;10,65;23,54;51,66;40,71;47,84;35,49;32,11;17,22;19,86
2012-11-13;16,85;10,77;23,68;52,09;40,29;48,1;35,1;32,96;17,09;19,76
2012-11-14;16,68;9,82;23,38;50,81;39,62;47,98;34,23;32,32;16,72;19,44
2012-11-15;16,63;9,81;23,21;50,36;39,61;48,06;34,14;31,92;16,5;19,12
2012-11-16;16,57;10,12;23,11;50,79;39,54;48,75;34,22;32,07;16,87;18,96
2012-11-19;16,91;10,19;23,36;51,54;40,52;49,86;35,06;32,93;17,22;18,84
2012-11-20;16,86;9,99;23,81;51,7;40,65;49,97;34,85;33,53;17,17;18,83
2012-11-21;17,13;10,08;23,7;52,08;40,96;49,97;35,19;34,02;17,68;18,91
2012-11-23;17,62;10,02;24,23;52,41;41,76;50,58;35,52;34,82;17,97;18,87
2012-11-26;17,68;9,9;24,09;52,46;41,56;50,42;36,25;34,97;18,32;18,9
2012-11-27;17,67;9,74;24,18;52,33;41,44;49,63;36,41;35,49;18,65;18,99
2012-11-28;17,97;9,79;24,24;52,57;41,11;50,39;36,49;35,3;18,97;18,99
2012-11-29;18,17;9,9;24,04;53,02;41,52;50,96;37,15;35,67;18,94;19,08
2012-11-30;18,19;9,74;24,12;53,28;41,96;50,63;36,76;35,8;18,84;19,11
2012-12-03;18,2;9,69;24,15;52,61;42,16;50,21;36,59;36,26;18,28;18,96
2012-12-04;18,42;9,63;24,45;52,93;42,12;50,47;36,92;37,08;18,87;18,87
2012-12-05;18,61;9,7;24,23;53,39;42,31;50,56;36,5;37,29;18,64;18,87
2012-12-06;18,62;10,01;24,36;53,42;42,19;50,5;36,67;37,35;18,35;18,81
2012-12-07;18,63;10,12;24,34;53,53;43,43;50,74;36,59;36,84;18,47;18,81
2012-12-10;18,59;9,98;24,29;54,01;43,4;50,79;37,01;36,55;18,47;18,72
2012-12-11;18,76;9,89;24,51;54,23;43,21;50,87;37,9;37,09;18,67;18,64
2012-12-12;18,82;10,23;24,52;54,22;44,6;51,09;37,87;37,52;18,81;18,67
2012-12-13;18,91;10,73;24,4;53,63;44,66;51,03;37,55;37,14;18,79;18,69
2012-12-14;19,07;10,96;24,53;53,62;44,27;50,84;37,93;37,16;18,58;18,78
2012-12-17;19,2;11;24,53;54,25;44,86;51,15;38,31;37,65;18,65;18,84
2012-12-18;19,41;11,12;24,46;54,93;45,19;52,02;39,11;37,66;19,31;18,74
2012-12-19;19,37;10,97;24,53;54,79;44,69;51,69;38,96;37,93;19,48;18,82
2012-12-20;19,49;11,13;24,99;55,28;45,65;51,51;39,45;38,26;19,02;18,84
2012-12-21;19,51;10,93;24,66;55,24;45,3;51,38;40,98;38,14;18,2;18,87
2012-12-24;19,27;10,91;24,53;54,76;45,17;51,65;40,53;37,65;19,44;18,88
2012-12-26;19,34;11,11;24,38;53,45;45,19;51,74;40,35;36,58;19,35;18,99
2012-12-27;19,48;11,04;24,82;53,9;44,92;51,86;40,25;36,23;19;19,09
2012-12-28;19,2;11,01;24,26;53,34;44,26;51,58;40,55;36,47;18,59;19,16
2012-12-31;19,48;11,2;24,73;54,15;44,99;52,32;41,03;38;18,74;19,15
2013-01-02;19,85;11,51;25,35;55,15;44,93;53,53;41,9;39,49;20,83;19,21
2013-01-03;19,56;11,49;24,89;55,16;43,98;53,45;41,97;38,43;20,54;19,24
2013-01-04;19,75;11,14;24,79;55,51;44,18;53,58;43,01;38,46;20,72;19,44
2013-01-07;19,66;10,97;25,04;54,89;44,84;53,23;43,28;37,92;20,56;19,5
2013-01-08;19,55;10,72;24,94;54,32;43,3;53,14;42,91;37,89;20,3;19,55
2013-01-09;19,9;10,74;25,09;54,76;43,88;53,53;43,74;37,04;20,1;19,77
2013-01-10;20,18;11,05;26,09;55,11;44,65;53,67;44;36,95;20,16;20,01
2013-01-11;20,18;11,09;25,93;54,55;44,42;53,4;44,26;37,34;20,03;20,14
2013-01-14;19,84;11,28;25,96;54,44;44,67;53,02;43,95;36,67;19,94;20,06
2013-01-15;19,7;11,23;26,01;54,7;44,93;53,03;44,53;35,8;20,28;20,14
2013-01-16;19,73;11,2;25,82;54,35;44,59;53,26;44,2;36,36;20,63;20,53
2013-01-17;19,8;11,91;26,75;54,8;46,04;54,33;44,49;36,91;20,61;20,85
2013-01-18;19,8;12,7;26,36;54,66;45,79;54,16;44,81;36,85;20,67;20,71
2013-01-22;19,72;13,35;26,93;54,91;47,16;54,33;44,75;36,2;21,18;21,02
2013-01-23;19,65;13,25;27,39;54,75;47,43;54,27;45,35;36,24;21,11;21,12
2013-01-24;19,75;13,52;27,4;53,19;48,51;53,39;45,8;36,21;23,06;21,07
2013-01-25;19,98;14,41;27,65;52,57;48,55;53,17;45,4;36,4;23,24;21,11
2013-01-28;19,95;15,12;27,31;51,62;48,17;53,77;44,61;35,86;23,53;21,27
2013-01-29;20,15;15,14;28,25;51,65;48,5;55,45;44,87;36,78;23,76;21,22
2013-01-30;20,26;14,99;29,04;50,94;47,76;55,04;43,67;36,39;23;21,2
2013-01-31;20,06;14,94;28,97;49,56;47,06;55,08;43,8;36,34;22,88;21,18
2013-02-01;20,5;15,13;29,56;49,55;47,3;56;44,64;36,99;23,13;21,13
2013-02-04;19,7;15,48;28,7;49,88;47,37;55,68;43,86;35,61;23,27;21,2
2013-02-05;19,9;15,83;28,7;50,34;48,34;56,38;44,1;35,39;23,07;21,22
2013-02-06;19,96;15,82;28,73;50,25;48,44;56,77;44,18;35,58;23,82;21,25
2013-02-07;19,61;15,13;28,4;50,9;48,45;56,45;44,26;35,18;20,62;21,29
2013-02-08;19,75;14,92;28,38;50,95;49,37;56,63;44,61;35,56;20,67;21,4
2013-02-11;19,75;14,99;28,29;51,32;49,15;56,58;44,29;36,98;20,78;21,42
2013-02-12;19,78;14,68;28,38;51,14;48,93;56,89;44,57;36,61;21,41;21,53
2013-02-13;20,24;14,21;28,73;50,77;48,3;57,01;44,72;36,84;21,48;21,53
2013-02-14;21,21;14,23;28,14;50,57;48,35;57,21;44,65;36,61;21,99;21,66
2013-02-15;21,31;14,34;27,35;50,78;48;57,77;44,89;36,28;21,31;21,52
2013-02-19;21,55;14,65;27,44;51,07;47,52;58,01;45,6;36,29;21,71;21,51
2013-02-20;21,48;14,47;26,76;50,85;47,07;57,5;45,55;36,9;20,91;21,74
2013-02-21;21,3;14,08;26,23;50,74;46,6;57,02;45,3;36,24;20,33;21,74
2013-02-22;21,62;14,07;26,81;51,21;46,42;58,22;45,82;36,05;20,7;21,73
2013-02-25;20,74;13,79;26,03;50,83;45,56;56,85;45,12;36,04;20,24;21,82
2013-02-26;21;14,04;25,93;51;45,43;57,81;44,92;36,28;20,74;21,78
2013-02-27;21,38;14,34;26,58;51,8;46,37;58,9;45,25;36,77;21,16;21,74
2013-02-28;21,28;14,58;26,37;51,34;46,04;58,69;44,96;37,02;21,44;21,67
2013-03-01;21,22;15,23;26,31;51,43;46,34;58,37;45,05;36,73;21,82;21,71
2013-03-04;21,23;15,57;26,35;51,03;45,99;57,9;44,59;36,77;21,77;21,66
2013-03-05;21,43;15,51;27,26;51,6;46,68;58,78;45,04;36,59;22,51;21,68
2013-03-06;21,41;15,84;27,48;52,08;47,84;58,63;45,18;36,55;22,4;21,7
2013-03-07;21,53;15,56;27,57;52,34;48,38;58,49;45,41;36,02;22,77;21,7
2013-03-08;21,39;15,59;27,93;52,71;49,29;59,01;46,08;36,23;22,86;21,71
2013-03-11;21,43;15,96;27,59;52,66;48,69;59,12;45,91;36,76;22,75;21,57
2013-03-12;21,32;15,55;27,68;52,8;49,99;58,57;45,98;36,15;23,93;21,79
2013-03-13;21,44;15,73;27,67;53,79;50,21;58,97;46,83;36,99;24,08;21,79
2013-03-14;21,5;16,03;28,01;53,92;49,98;59,62;47,38;37,8;24,4;21,73
2013-03-15;21,71;17,26;27,97;54,5;49,63;59,27;46,54;37,71;24,44;21,69
2013-03-18;21,23;16,81;27,65;53,65;49,34;59,12;46,08;38,28;24,24;21,77
2013-03-19;21,2;17,17;28,17;53,72;49,29;58,87;46,06;38,52;24,53;21,72
2013-03-20;21,52;17,71;28,63;53,62;48,81;58,71;46,39;38,93;24,72;21,75
2013-03-21;20,99;17,31;28,12;53,49;49,02;57,89;45,8;38,99;24,8;21,85
2013-03-22;21,2;17,68;28,39;53,66;48,69;58,24;45,72;39,48;24,63;21,8
2013-03-25;21,09;17,77;28,15;53,4;48,83;57,78;45,53;40,35;24,91;21,74
2013-03-26;21,47;17,49;27,92;54,38;49,37;58,21;45,9;41,36;25,14;21,85
2013-03-27;21,2;17,64;27,45;54,95;49,63;57,88;45,91;41,06;25,44;21,84
2013-03-28;21,32;17,4;27,54;55,31;49,89;58,31;45,83;40,04;25,66;22,03
2013-04-01;21,1;16,6;27,4;54,97;51,1;57,42;45;39,83;25,31;22,11
2013-04-02;21,38;17;27,81;54,64;52,98;56,94;44,5;40,23;25,82;21,92
2013-04-03;21,08;16,43;27,65;55,1;53,1;56,74;43,8;39,11;24,86;21,88
2013-04-04;20,98;17;27,71;55,59;53,27;57,54;43,99;39,23;25,31;21,9
2013-04-05;20,76;16,69;27,37;55,25;52,69;57,41;43,95;39,66;25,4;21,95
2013-04-08;20,6;17,02;27,29;55,32;53,16;58,36;44,85;39,22;25,26;21,89
2013-04-09;20,74;16,79;27,59;55,04;54,38;58,43;45,06;38,8;24,82;21,94
2013-04-10;21,14;16,93;28,17;55,29;54,93;59,53;46,64;41,08;25,7;21,94
2013-04-11;21,23;16,9;28,56;55,47;55,52;59,77;46,87;41,26;25,56;21,95
2013-04-12;21,29;16,67;27,88;55,4;55,6;58,73;46,71;41,19;25,52;21,94
2013-04-15;20,62;16,48;27,33;54,55;54,11;56,38;45,18;41,31;24,55;21,96
2013-04-16;21,09;16,56;27,76;54,5;55,46;57,78;46,17;41,47;25,28;21,98
2013-04-17;20,16;16,41;26,55;53,82;54,14;55,93;44,75;40,51;24,54;22,16
2013-04-18;20,11;16,18;26,51;53,39;53,06;54,88;43,93;39,5;24,05;21,95
2013-04-19;20,07;16,65;26,37;54,27;54,71;54,53;44,22;39,2;24,34;22,07
2013-04-22;19,87;16,52;25,05;54,07;53,88;54,41;44,31;39,03;24,4;21,94
2013-04-23;20,35;16,67;25,29;54,5;54,4;55,29;45,1;39,4;24,66;22,11
2013-04-24;21,01;16,49;25,69;55,2;55,81;56,06;45,44;40,14;28,04;22,1
2013-04-25;21,39;17,2;25,83;56,31;55,7;55,96;46,09;39,53;28,46;22,08
2013-04-26;21,45;16,48;25,81;57,17;55,83;55,29;45,23;39,96;28,32;22,07
2013-04-29;21,76;16,56;25,9;57,66;54,99;55,77;45,61;40,21;28,45;22,08
2013-04-30;21,84;16,43;25,72;58,29;56,25;55,19;46,21;39,75;29,09;22,08
2013-05-01;21,62;16,25;25,5;58,55;57,04;54,43;44,48;39,82;28,21;22,1
2013-05-02;21,58;16,79;25,87;59,35;57,14;55,47;44,93;40,1;28,45;22,3
2013-05-03;21,93;17,16;26,34;59,86;57,78;56,93;45,9;40,33;29,27;22,4
2013-05-06;21,96;17,13;26,34;59,81;57,47;57,59;46,23;40,04;30,22;22,38
2013-05-07;22,02;17,7;25,83;60,26;57,84;57,77;47,03;40,38;30,99;22,45
2013-05-08;22,33;17,94;26,2;59,98;58,12;58,41;47,77;40,65;30,99;22,46
2013-05-09;22;18,08;26,1;60,26;58,26;58,6;47,6;41,49;31,33;22,58
2013-05-10;21,89;17,92;27,02;61,03;57,87;59,21;48,66;41,68;32,84;22,56
2013-05-13;21,45;18,89;27,05;60,71;58,02;59,2;48,75;41,06;32,34;22,62
2013-05-14;21,37;20,76;27,68;61,38;58,16;60,35;50,19;40,64;33,62;22,62
2013-05-15;21,66;20,45;27,94;62,46;58,59;60,81;50,69;40,55;34,51;22,62
2013-05-16;21,32;20,1;27,93;62,33;58,29;60,62;50,05;40,85;33,43;22,63
2013-05-17;21,6;20,34;27,65;63,52;58,79;61,78;50,5;40,32;34,27;22,79
2013-05-20;21,62;20,97;27,48;63,42;57,91;62,26;50,97;42,05;34,95;22,7
2013-05-21;21,87;22,91;27,88;63,4;59,02;62,3;51,16;41,74;33,54;22,73
2013-05-22;21,5;22,15;28,03;62,9;58,29;61,13;50,56;41,01;32,51;22,73
2013-05-23;21,36;21,63;28,08;63,39;59,14;63,64;49,67;40,85;32,7;22,85
2013-05-24;21,53;20,96;28,12;63,37;58,08;63,36;50,24;40,98;32,32;22,91
2013-05-28;21,35;20,67;28,2;64,34;59,63;63,36;51,68;41,83;33,89;22,77
2013-05-29;21,38;20,1;28,13;63,72;59,04;62,64;50,51;42,03;33,74;22,79
2013-05-30;21,58;20,84;28,12;63,94;61,15;63,14;50,83;41,45;34,31;22,76
2013-05-31;21,08;20,15;27,3;63,28;59,13;62,89;50,07;41,46;33,79;22,7
2013-06-03;21,41;19,54;27,7;62,9;58,44;63,51;51,95;42,1;34,07;22,35
2013-06-04;21,35;19,82;27,38;63,01;58,13;63,66;50,49;42,05;32,86;22,52
2013-06-05;20,9;19;27,03;62,2;57,01;62,35;50,01;41,53;32,51;22,26
2013-06-06;21,05;18,96;27,57;62,66;58,14;63,52;50,5;42,78;33,35;22,4
2013-06-07;21,14;19,56;27,53;64,01;59,02;63,91;50,77;42,83;34,67;22,5
2013-06-10;21,27;20,11;27,59;63,58;59,7;63,32;51;42,65;35;22,41
2013-06-11;20,96;20,3;27,19;63,19;60,5;62,89;50,56;42,44;34,49;22,57
2013-06-12;21;20,28;27,2;63,35;60,1;62,12;50,18;43,21;34,2;21,95
2013-06-13;21,21;21,03;27,61;64,26;60,31;63,17;51,43;45,68;34,87;22,15
2013-06-14;21,11;19,88;27,24;64,01;59,27;63,17;50,22;43,57;35;22,24
2013-06-17;21,58;20,72;27,97;64,37;60,21;63,6;50,57;44,16;37,8;22,29
2013-06-18;21,71;21,4;28,18;64,64;61,35;64,79;51,49;44,54;37,74;22,37
2013-06-19;21,52;20,49;27,56;63,53;60,54;63,8;50,47;43,55;37,9;22,1
2013-06-20;20,8;20,04;27,22;62,78;59,56;61,93;49,63;43,54;37,36;21,96
2013-06-21;20,55;20,38;26,72;62,78;60,51;62,18;50,82;43,44;38;21,74
2013-06-24;20,21;19,94;26,01;62,21;60,87;60,94;50,17;43,15;36,68;21,64
2013-06-25;20,48;20,4;26,14;62,03;60,87;61,64;50,2;43,87;36,7;21,69
2013-06-26;20,65;20,84;26,33;62,61;61,65;62,4;49,8;42,56;37,28;21,81
2013-06-27;20,99;21,2;26,62;63,09;62,27;62,72;51,43;40,81;39,25;21,75
2013-06-28;20,96;21,19;26,25;62,79;62,22;62,41;51,53;40,49;39,77;22,06
2013-07-01;21,15;21,47;26,67;63,3;62,04;62,56;53,05;40,86;40,11;21,57
2013-07-02;20,76;21,81;26,46;62,07;61,13;61,69;52,96;41,35;38,97;21,72
2013-07-03;20,79;21,65;26,34;62,39;60,84;61,54;53,74;41,99;38,52;21,58
2013-07-05;20,92;21,76;26,85;63,05;61,28;62,68;55,39;42,26;40,39;21,08
2013-07-08;21,02;21,61;27,02;64,01;61,95;63,04;56,36;41,17;39,73;21,14
2013-07-09;20,99;21,78;27,16;64,58;62,17;63,91;57,15;41,87;39,26;20,75
2013-07-10;21,13;21,77;27,26;65,29;62,92;63,91;56,75;41,23;38,97;20,51
2013-07-11;21,76;22,2;28,07;66,44;62,91;65,36;57,38;41,29;40;20,68
2013-07-12;21,8;22,19;28,3;66,52;62,38;65,1;56,99;41,24;39,88;21,05
2013-07-15;21,82;22,24;28,54;67,07;62,4;64,86;57;42,19;39,99;20,97
2013-07-16;21,98;21,96;28,75;66,61;61,42;64,43;56,86;42,35;37,97;20,98
2013-07-17;21,95;22,1;29,11;66,51;60,45;64,62;57;43,05;38;21,36
2013-07-18;22,02;22,14;29,21;66,74;63,1;67,21;57,61;43,01;38,05;21,18
2013-07-19;22,12;22,11;29,69;66,84;63,35;68,56;57,25;42,59;37,91;21,18
2013-07-22;22,21;22,59;30,35;66,43;63,89;68,53;57,49;42,73;38,42;21,32
2013-07-23;22,14;23,01;29,98;66,75;64,2;69,43;57,25;42,39;38,57;21,7
2013-07-24;22,22;22,81;31,08;66,79;64,45;68,49;57,17;41,43;33,4;21,68
2013-07-25;21,69;22,11;31,35;66,79;64,42;68,66;57,23;41,67;34,94;21,76
2013-07-26;21,42;21,58;31,11;67,04;63,56;68,04;56,82;41,83;34,54;22,01
2013-07-29;21,25;21,24;30,88;67,94;62,28;68,36;56,75;42,35;34,46;22,29
2013-07-30;21,24;21,63;30,56;68,2;61,84;68,21;56,69;42,66;34,7;22,26
2013-07-31;21,33;21,04;30,69;68,79;63,04;68,82;56,24;42,73;34,96;22,1
2013-08-01;21,41;21,96;31,29;70,64;62,61;70,44;56,75;42,72;35,45;21,82
2013-08-02;21,56;21,62;31,06;72,44;62,44;69,93;56,67;43,2;35,91;21,8
2013-08-05;21,5;21,76;31,2;72,85;63,12;70,12;56,86;42,5;34,92;21,53
2013-08-06;21,47;20,72;31,04;72,58;62,92;69,63;56,18;42,34;33,61;21,17
2013-08-07;21,4;20,13;30,85;73,14;62,05;70,09;55,94;41,44;33,08;20,97
2013-08-08;21,79;20,2;31,1;73,54;63,07;70,56;56,28;41,63;33,56;20,87
2013-08-09;21,74;20,15;31,33;73,71;62,74;70,66;55,77;41,96;32,72;20,46
2013-08-12;21,64;20;31,32;72,8;62,32;70,94;55,92;42,54;33,38;20,61
2013-08-13;21,79;20,13;31,18;73,54;62,92;71,21;55,92;43,98;33,93;20,54
2013-08-14;21,89;20,08;31,22;73,16;62,12;71,16;55,22;43,97;33,07;20,12
2013-08-15;21,8;19,86;31,06;72,39;60,87;70,01;53,15;42,83;32,27;20,02
2013-08-16;21,78;19,98;31,15;73,49;61,05;70,04;52,51;42,82;32,17;19,82
2013-08-19;21,62;19,92;31,03;73,11;61,1;69,64;52,53;43,23;31,52;19,71
2013-08-20;21,74;19,95;30,79;72,82;61,94;69,78;53,37;43,73;32,15;19,79
2013-08-21;21,39;19,66;30,52;72,66;61,7;69,09;53,03;44,15;32,18;19,92
2013-08-22;21,81;19,71;30,93;73,4;62,58;69,62;53,3;44,42;33,47;20,22
2013-08-23;21,96;20,21;31,09;74,36;63,57;69,99;53,12;44,51;33,64;20,18
2013-08-26;21,78;20,1;30,85;73,75;62,73;69,99;52,42;43,61;33,78;20,35
2013-08-27;21,32;20,38;29,79;72,07;61,95;68,51;50,55;42,1;32,9;20,46
2013-08-28;21,19;20,16;29,56;72,32;61,68;69,1;51,74;42,33;33,09;20,29
2013-08-29;20,91;20,18;29,9;72,47;62,63;69,35;51,8;43,54;33,66;20,6
2013-08-30;20,72;19,96;29,76;72,21;62,27;68,65;50,8;43,55;32,67;20,44
2013-09-03;20,88;20,41;30,48;72,48;62,64;69,13;52,32;43,59;32,59;20,18
2013-09-04;21,29;20,81;31,36;72,85;63,18;70,13;52,46;44,19;33,49;19,72
2013-09-05;21,28;21,09;31,31;72,59;64,11;70,64;52,91;44,24;33,21;19,58
2013-09-06;21,51;21,02;31,82;72,4;63,96;70,71;52,51;44,13;33,72;19,83
2013-09-09;21,88;21,61;32,18;72,63;63,9;71,15;53,51;44,71;35,14;19,84
2013-09-10;22,08;21,72;32,44;73,63;64,23;72,28;54,32;45,41;35,94;19,76
2013-09-11;22,3;21,42;32,23;74,15;64,6;72,2;54,44;45,19;36,23;19,51
2013-09-12;22,29;21,16;31,91;74,28;64,54;71,83;54,11;45,19;37,48;19,34
2013-09-13;22,17;21,18;31,93;75,15;66,28;71,83;54,18;45,67;36,98;19,31
2013-09-16;22,38;21,46;32,05;76,28;67,5;72,6;55,35;46,21;37,21;19,24
2013-09-17;22,49;21,66;31,61;76,86;66,55;72,38;56,1;46,88;38,14;19,06
2013-09-18;23,15;21,88;31,77;77,2;65,42;73,38;57,37;47,47;38,31;19,24
2013-09-19;23,25;21,63;31,5;77,27;63,7;74,63;57,45;47,96;38;19,1
2013-09-20;23,01;21,36;31,75;75,65;63,59;73,17;58,11;48,14;36,92;19,09
2013-09-23;22,91;21,29;31,79;75,35;62,97;73,38;57,82;50,27;36,93;19
2013-09-24;22,99;21,37;31,99;75,37;63,67;73,37;58,5;52,77;38,04;19,02
2013-09-25;23,03;21,11;31,95;75,38;63,77;72,82;58,1;53,61;37,93;19,09
2013-09-26;22,97;21,3;31,82;76,42;63,64;72,66;58,52;52,43;37,81;19,1
2013-09-27;23,04;21,29;31,49;75,4;63,34;72,13;58,29;51,63;37,44;19,11
2013-09-30;22,82;21,52;31,14;74,32;62,89;72,51;58,67;51,8;37,65;18,82
2013-10-01;22,94;21,4;31,72;75,03;63,75;73,18;59,26;52,08;37,55;18,45
2013-10-02;22,83;21,2;31,45;73,37;63,62;72,82;58,36;51,35;37,61;18,83
2013-10-03;22,61;20,91;30,74;72,25;63,1;71,42;57,62;50,64;37,08;18,55
2013-10-04;22,55;20,87;31,09;71,6;65,27;71,82;58,53;50,72;36,55;18,42
2013-10-07;22,49;20,27;31,01;72,54;64,2;71,44;57,24;51,37;35,43;18,32
2013-10-08;22,25;19,61;30,46;71,41;63,34;70,63;56,43;50,84;34,06;18,32
2013-10-09;22,03;19,75;30,28;71,33;62,93;70,11;56,69;51,36;33,95;18,06
2013-10-10;22,52;19,57;30,82;73,54;64,75;71,95;58,51;51,97;35,71;18,17
2013-10-11;22,62;19,96;31,72;73,51;64,54;72,93;58,85;52,07;35,38;18,36
2013-10-14;22,66;19,93;31,61;73,65;64,55;73,28;58,99;52,52;35,25;18,74
2013-10-15;22,53;19,7;31,68;72,98;63,91;72,24;58,35;50,04;34,43;18,58
2013-10-16;22,48;19,76;31,93;73,54;64,69;71,29;58,77;51,24;34,6;18,78
2013-10-17;22,65;20,03;32,01;74,86;63,24;70,55;59,12;50,27;35,68;18,76
2013-10-18;22,91;19,61;32,39;74,12;62,5;71,78;59,33;50,92;36,63;18,77
2013-10-21;23,25;19,68;33,96;72,39;62,27;72,17;59,01;51,24;36,1;18,72
2013-10-22;23,67;19,79;34,42;73,49;62,86;72,98;59,26;52,15;36,45;18,71
2013-10-23;23,8;19,48;34,37;75,69;61,44;72,95;59,51;51,56;34,86;18,75
2013-10-24;24,94;19,14;34,46;75,29;60,8;74,06;60,41;52,2;37,67;18,73
2013-10-25;25;19,26;34,34;77,11;60,92;73,41;60,56;52,5;35,59;18,73
2013-10-28;24,96;19,51;33,82;78,2;60,88;73,75;60,33;52,21;35,35;18,88
2013-10-29;24,77;19,48;34,13;78,95;59,86;74,32;60,43;51,89;35,24;18,79
2013-10-30;24,85;19,42;34,25;79,17;61,21;74,13;60,05;51,53;34,32;18,69
2013-10-31;24,64;17,25;34,19;79,43;61,78;74,09;59,73;51,9;33,87;18,51
2013-11-01;24,39;16,75;33,97;80,76;61,69;73,66;59,24;51,68;33,98;18,73
2013-11-04;24,49;17,08;34,24;81,12;62,66;73,89;60,06;51,53;35,08;18,74
2013-11-05;24,28;16,85;33,78;81,48;61,75;73,72;60,81;50,95;34,81;18,73
2013-11-06;24,65;17,07;34,24;81,91;62,31;73,76;61,89;51,67;34,41;18,78
2013-11-07;24,33;16,86;33,61;81,26;61,64;72,79;60,56;51,07;32,91;18,75
2013-11-08;24,44;16,74;33,84;82,31;62,42;74,46;62,02;51,3;33,3;18,66
2013-11-11;24,4;16,61;33,86;82,01;62,72;74,19;61,69;51,74;33,74;18,75
2013-11-12;24,24;17,23;33,61;81,82;62,15;74,16;61,27;51,78;32,75;18,7
2013-11-13;24,28;17,94;33,63;82,41;62,95;75,01;61,69;51,97;33;18,56
2013-11-14;24,44;18,65;34,17;82,62;64,04;75,55;61,42;52,25;33,16;18,44
2013-11-15;24,52;18,5;34,22;82,24;64,13;75,31;61,29;52,24;33,96;18,45
2013-11-18;24,61;18,72;34,39;82,6;63,8;74,95;62,44;52,18;34,02;18,4
2013-11-19;24,44;18,7;34;82,54;63,6;74,06;62,76;52,5;33,92;18,31
2013-11-20;24,23;18,53;33,91;82,45;64,98;73,4;62,43;51,7;33,81;18,25
2013-11-21;24,21;18,65;33,83;83,74;65,8;74,88;65,02;51,05;33,59;18,16
2013-11-22;24,65;18,3;34,16;84,24;66,78;75,4;65,8;51,2;33,28;18,24
2013-11-25;24,48;18,17;33,94;84,22;67,79;74,17;65,98;51,61;33,01;18,23
2013-11-26;24,54;18,16;33,79;85,24;67,57;74,1;66,98;52,32;33,02;18,14
2013-11-27;24,7;18,53;34,44;85,97;67,86;73,46;68,07;52,51;33,27;18,1
2013-11-29;24,72;18,3;34,53;85,52;67,92;73,54;68,67;53,93;33,21;18,14
2013-12-02;24,44;18,6;34,19;84,54;67,46;72,57;67,92;54,1;32,08;18,02
2013-12-03;24,12;18,41;33,76;85,61;66,65;72,48;67,34;54,73;31,56;17,92
2013-12-04;24,04;17,89;33,58;82,98;65,32;71,66;67,3;55,37;30,89;17,86
2013-12-05;24,13;17,79;33,28;82,93;63,86;72,72;67,14;57,15;31,03;17,81
2013-12-06;24,54;18,1;34,01;83,59;65,05;74,28;67,6;57,61;31,22;17,65
2013-12-09;24,54;17,97;33,54;83,75;65,84;74,04;68,44;59,07;30,72;17,5
2013-12-10;24,31;17,62;33,49;83,91;66,15;73,65;67,3;59,02;29,7;17,44
2013-12-11;24,06;17,44;33,54;82,35;65,33;72,52;66,25;58,05;29,25;17,5
2013-12-12;23,81;17,67;32,89;82,65;64,19;72,67;65,38;57,61;29,63;17,46
2013-12-13;23,82;17,51;32,75;83,36;64,07;72,61;65,37;57,92;29,35;17,41
2013-12-16;24,09;17,5;34,06;83,54;64,65;74,33;66,23;57,01;31,3;17,06
2013-12-17;24,02;17,25;33,77;83,69;64,79;73,93;65,93;57;36,71;17,06
2013-12-18;24,51;17,55;34,5;85,56;66,09;74,49;66,99;57,73;35,67;17,27
2013-12-19;24,76;17,48;34,68;85,33;65,66;75,51;65,7;56,73;34,05;17,15
2013-12-20;24,92;17,56;35,01;85,24;66;76,64;67,07;57,42;34,03;17,36
2013-12-23;25,25;17,76;35,05;85,91;66,48;76,89;68,32;59,51;35,17;17,47
2013-12-24;25,36;17,45;35,13;86,4;66,38;77,39;68,58;58,16;35,64;17,64
2013-12-26;25,43;17,31;35,35;87,79;67,31;77,91;69,57;56,2;35,64;17,81
2013-12-27;25,58;17,09;35,68;87,61;67,36;78,07;69,09;56,69;35,41;17,75
2013-12-30;25,56;17,46;35,38;87,73;67,15;78,12;68,48;57,84;35,39;17,7
2013-12-31;25,7;17,29;35,7;88;67,59;78,25;67,94;59,15;34,77;17,8
2014-01-02;25,09;17,16;35,39;86,13;66,57;77,2;66,98;57,86;34,76;17,97
2014-01-03;25,29;17,18;35,28;86,17;66,86;77,18;66,95;57,43;34,87;18,25
2014-01-06;24,91;17,3;35,63;86,49;66,53;76,67;66,79;56,69;33,75;18,37
2014-01-07;25,03;17,32;35,87;86,05;67,44;76,8;67,53;57,28;36,16;18,48
2014-01-08;25;18,25;35,83;86,31;68,13;76,35;66,8;58,16;37,6;18,5
2014-01-09;25,1;18,08;35,85;87,32;70,67;76,24;66,67;57,34;38,21;18,49
2014-01-10;25,45;17,8;36,61;87,96;70,31;76,54;67,41;57,97;38,51;18,52
2014-01-13;25,23;17,55;36,18;87,25;70;75,5;65,93;58,9;37,7;18,65
2014-01-14;25,56;17,53;36,55;88,42;70,66;77,34;66,81;59,88;37,76;18,5
2014-01-15;25,46;17,41;37,04;88,44;70,58;78,1;68,15;59,73;38,37;18,62
2014-01-16;25,88;17,21;36,89;87,98;69,42;77,89;67,95;59,86;38,06;18,56
2014-01-17;26,21;17,05;36,63;87,39;69,35;77,09;68,16;59,58;36,59;18,75
2014-01-21;25,81;16,85;36,57;88,8;69,45;77,82;68,69;58,82;37,45;18,65
2014-01-22;24,76;17,11;36,24;89,69;69,8;77,72;68,81;58,42;37,95;18,69
2014-01-23;25,18;16,79;36,3;88,38;69,17;76,25;68,72;58,5;37,46;18,62
2014-01-24;24,38;16,72;34,58;85,5;68,14;73,21;62,64;57,24;36,32;18,63
2014-01-27;24,2;16,23;34,65;85,92;67,96;72,58;61,66;57,21;35,33;18,66
2014-01-28;24,61;16,42;34,63;86,55;68,14;73,34;62,03;56,65;35,97;18,83
2014-01-29;24,33;16,05;33,42;85,99;67,28;72,69;60,6;55,79;35,25;18,77
2014-01-30;24,32;16,13;33,71;89,15;68,06;72,35;61,06;55,54;35,49;18,84
2014-01-31;24,03;15,75;33,5;92,24;67,54;70,16;60,06;55,31;35,34;18,66
2014-02-03;23,52;15,25;32,9;89,69;66,29;67,24;57,89;53,53;34,08;18,63
2014-02-04;23,71;16,1;33,42;88,27;66,49;67,77;58,75;54,54;34,24;18,51
2014-02-05;23,96;15,9;32,87;89,99;67,48;67,09;58,31;54,21;34,37;18,52
2014-02-06;24,29;16,52;33,79;90,81;67,14;66,98;59,51;55,53;38,6;18,6
2014-02-07;24,53;16,82;34,2;91,46;65,99;69,25;59,61;56,4;37,63;18,67
2014-02-10;24,46;16,68;33,94;90,45;64,92;68,45;59,85;55,56;37,7;18,7
2014-02-11;24,87;17,11;34,5;91,48;65,27;68,7;60,19;56,2;41,99;18,81
2014-02-12;24,84;17,32;34,53;92,82;64,4;69,2;60,85;56,52;40,73;18,72
2014-02-13;24,33;17,2;34,58;92,45;64,99;69,14;60,86;56,99;43,68;18,73
2014-02-14;24,59;17,06;34,6;93,07;68,39;69,75;60,68;56,91;44,58;18,78
2014-02-18;24,49;17,34;34,9;93,01;68,32;70,59;61,68;57,29;43,73;18,86
2014-02-19;24,49;17,07;34,56;92,32;68,29;70,17;60,14;56,11;43,74;18,9
2014-02-20;24,23;17,17;33,86;93,48;69,09;71,79;61,11;56,6;44,93;18,86
2014-02-21;24,22;17,12;33,51;93,72;69,62;72,13;61,55;56,67;44,4;18,98
2014-02-24;24,29;17,4;33,7;95,29;70,97;72,52;62,66;56;45,06;18,95
2014-02-25;24,41;17,28;33,63;93,9;70,32;72,95;62,16;55,31;44,02;18,84
2014-02-26;24,44;17,38;33,37;93,7;70,6;73,74;62,48;55,29;44,03;18,93
2014-02-27;24,51;17,52;33,63;94,68;70,66;74,37;62,14;55,84;44,48;18,96
2014-02-28;24,65;17,55;33,65;94,99;71,87;76,43;61,93;56,22;41,92;18,97
2014-03-03;24,14;17,21;32,72;95,27;71,43;77,25;61,57;56,4;42,41;18,85
2014-03-04;24,65;17,36;33,55;97,4;72,8;77,62;64,92;57,4;43,66;18,9
2014-03-05;24,91;17,48;33,34;97,69;72,9;78,01;64,26;57,14;45,54;18,85
2014-03-06;25,09;17,86;34,09;97,49;72,74;79,68;64,21;57,74;44,8;18,85
2014-03-07;24,68;17,95;33,83;98,25;72,86;80,35;64,17;57,65;43,35;18,88
2014-03-10;24,52;18,04;33,49;97,73;73,17;80,58;63,77;57,48;43,28;18,8
2014-03-11;24,37;17,85;33,69;96,19;72,8;80,01;62,99;57,02;41,84;18,88
2014-03-12;24,62;17,84;33,55;96,77;72,51;79,78;63,37;57,66;42,36;18,94
2014-03-13;24,01;17,63;32,18;95,88;72,07;79,15;62,95;58,58;40,94;19,05
2014-03-14;23,81;17,17;32,02;97,11;70,69;78,3;63,47;58,64;40,25;19,05
2014-03-17;24,16;17,22;32,56;97,95;72,15;79,89;63,95;59,84;42,49;19,13
2014-03-18;24,47;17,15;32,81;98,29;72,89;80,37;65,5;60,31;43,33;19,06
2014-03-19;24,16;17,15;32,33;96,43;73,91;79,97;64,5;58,1;43,3;19,03
2014-03-20;24,25;17,61;32,24;95,63;74,52;79,93;65,38;58,46;44,35;18,98
2014-03-21;24,18;17,76;31,99;94,59;74,84;79,2;64,38;58,45;42,06;18,99
2014-03-24;24,1;17,65;32,65;94,43;73,48;79,35;63,9;58,63;41,05;19,04
2014-03-25;24,26;18,25;32,93;95,14;73,09;79,75;64,15;59,24;41,59;19,02
2014-03-26;24,29;18,05;33,17;94,2;73,38;79,29;62,44;59,27;41,09;19,19
2014-03-27;24,38;18,27;33,48;94,63;72,57;79,02;62,34;59,6;40,48;19,13
2014-03-28;24,75;18,65;34,15;95,71;73,25;79,46;63,16;59,08;40,94;19,23
2014-03-31;24,95;19,12;33,95;96,44;74,11;80,21;65,51;59,63;41,05;19,17
2014-04-01;25,22;19,44;34,12;96,77;74,19;81,18;66,72;59,6;41,67;19,25
2014-04-02;25,23;19,29;34,14;97,43;73,95;83,54;67,12;59,13;42,82;19,35
2014-04-03;25,14;19,09;34,11;97,66;74,14;83,78;66,15;60,06;42,77;19,41
2014-04-04;25;19,03;33,99;95,29;73,38;81,88;63,96;59,51;40,33;19,47
2014-04-07;24,9;19,05;33,82;94,6;72,06;80,5;62,91;60,78;38,99;19,46
2014-04-08;25,07;18,9;33,82;94,05;72,24;80,84;62,69;61,98;38,67;19,5
2014-04-09;25,29;18,82;34,71;97,05;73,38;82,1;63,33;60,53;38,55;19,6
2014-04-10;24,75;18,15;33,93;94,76;71,26;80,63;62;58,85;36,61;19,72
2014-04-11;24,68;18,38;33,56;94,1;70,22;79,26;60,91;58,82;36,8;19,6
2014-04-14;24,69;18,59;33,21;95,19;70,17;80,02;61,47;58,21;37,35;19,63
2014-04-15;24,66;18,55;33,15;95,59;71,03;80,4;61,88;58,48;36,85;19,65
2014-04-16;24,8;18,78;33,86;96,67;69,28;81,61;61,82;59,06;38,29;19,75
2014-04-17;25,06;18,71;33,37;97,75;67,2;83,85;62,85;58,81;38;19,82
2014-04-21;25,07;19;33,4;99,05;67,32;84,24;63,32;59,1;38,92;19,78
2014-04-22;25,18;18,68;31,53;97,13;68,13;84,52;64,39;59,03;39,65;19,61
2014-04-23;25,12;18,66;31,22;97,84;68,33;84,72;64,28;58,07;35,52;19,72
2014-04-24;25,2;18,15;31,06;93,64;72,34;84,56;63,56;58,41;35,14;19,62
2014-04-25;25,16;17,87;30,9;92,64;70,65;83,3;65,62;57,93;34,13;19,62
2014-04-28;25,41;17,95;30,66;93,17;69,78;83,87;65,45;58,05;33,11;19,71
2014-04-29;23,34;17,96;30,97;93,62;69,87;84,04;65,76;58,29;33,43;19,62
2014-04-30;23,14;17,64;30,86;93,21;70,85;84,77;65,45;57,81;33,5;19,98
2014-05-01;23,16;17,16;30,87;93,14;70,84;84,4;65,75;57,83;34,15;20,15
2014-05-02;23,36;17,63;30,74;93,55;70,89;84,27;66,84;57,49;35;20,11
2014-05-05;23,37;17,64;31,26;94,43;71,68;84,24;67,47;58,74;34,66;20,11
2014-05-06;23,34;17,51;31,08;93,66;71,47;83,61;66,93;58,7;34,35;20,02
2014-05-07;23,34;17,55;31,82;95,46;73,42;84,34;68,2;59,32;33,51;20,11
2014-05-08;23,15;17,49;31,89;95,29;73,08;84,28;67,79;59,2;33,06;20,06
2014-05-09;23,26;17,38;31,73;94,86;73,84;83,65;69,26;59,26;33,41;20,07
2014-05-12;23,81;17,45;32,25;95,99;75,13;85,59;71,86;60,87;33,51;20,27
2014-05-13;23,59;17,64;32,32;97,08;74,67;84,95;70,34;59,93;32,64;20,21
2014-05-14;23,73;16,5;32,06;95,08;74,75;84,75;69,41;58,92;31,55;20,11
2014-05-15;23,57;16,39;31,91;93,77;74,1;84,15;69,18;58,89;31,92;20,13
2014-05-16;23,58;16,38;31,58;93,12;73,73;84,78;70,47;58,88;32,69;20,05
2014-05-19;23,6;16,32;31,74;93,37;74,77;85,07;71,16;59,82;30,84;20,05
2014-05-20;23,58;16,01;31,58;93,15;74,58;83,47;69,87;59,83;31,88;20,08
2014-05-21;23,62;16,05;31,93;93,16;74,96;84,5;70,08;59,4;32,81;19,97
2014-05-22;23,62;16,18;31,66;93,89;74,86;84,39;70,96;60,32;34,86;19,93
2014-05-23;23,85;16,11;31,9;94,72;75,75;85,37;72;60,16;35,99;19,87
2014-05-27;23,87;16,64;32,07;94,51;76,75;85,82;72,85;61,85;36,2;20,02
2014-05-28;23,75;16,33;31,5;94,31;76,05;85,53;72,05;60,95;35,59;19,86
2014-05-29;23,77;16,21;31,84;94,66;76,54;85,9;72,23;61,5;35,59;19,88
2014-05-30;23,74;16,18;31,54;95,25;76,9;85,9;72,06;61,42;35,33;20,1
2014-06-02;23,48;16,29;31,55;95,72;77,2;86,27;71,95;61,27;35,13;20,22
2014-06-03;23,48;16,08;31,73;95,56;77,84;85,54;70,72;60,84;34,4;19,72
2014-06-04;23,41;16,24;31,53;95,6;78,72;85,54;71,01;61,1;34,34;19,88
2014-06-05;23,61;16,24;31,99;96,21;78,45;86,65;72,55;62,52;34,65;19,8
2014-06-06;23,77;16,1;32,29;96,43;78,8;87,01;73,26;62,51;35,43;19,98
2014-06-09;23,69;16,3;32,54;96,15;78,5;87,57;74,76;63,63;37;20,09
2014-06-10;23,73;16,18;32,75;95,25;79,59;87,75;73,69;63,27;36;19,88
2014-06-11;23,38;15,99;32,17;94,18;80,3;87,76;72,51;62,67;35,03;20,01
2014-06-12;23,3;16,09;31,41;93,23;80,19;87,51;72,04;61,79;34,37;20,06
2014-06-13;23,27;16,22;31,16;94,29;80,26;87,85;72,39;61,65;34,71;20,18
2014-06-16;23,27;16,26;31,16;94,79;79,89;87,85;71,16;61,54;35,81;20,14
2014-06-17;23,27;16,12;30,97;93,55;79,89;88,1;71,99;61,91;36,34;20,02
2014-06-18;23,35;16,3;31,24;93,46;80,3;88,58;72,32;61,07;37,53;20,04
2014-06-19;23,28;16,84;31,46;93,57;80,72;89,15;72;61,07;38,22;20,05
2014-06-20;23,22;16,97;31,4;94,47;81,23;89,38;72,18;61,37;38,27;20,04
2014-06-23;23,08;16,78;31,07;93,55;81,37;88,68;72,12;60,94;39,5;20,15
2014-06-24;22,94;16,64;30,62;91,99;80,31;88,11;71,49;61,41;38,46;20,16
2014-06-25;22,84;16,91;30,68;92,45;81,76;88,46;72,25;61,4;40;20,23
2014-06-26;22,8;16,81;30,35;91,84;81,36;88,31;72,31;60,2;40,19;20,22
2014-06-27;22,95;16,76;30,47;92,15;81,08;88,56;73,09;60,56;40,31;20,07
2014-06-30;23,02;16,77;31,76;90,63;80,4;89,62;72,89;60,53;40,95;20,09
2014-07-01;23,01;17,13;31,71;91,47;81,37;89,66;73,51;60,48;41,79;20,22
2014-07-02;22,93;16,92;31,67;90,85;82,22;89,28;72,25;59,4;40,82;20,14
2014-07-03;23,02;16,84;31,78;91,59;82,92;89,74;72,92;59,81;41,66;20,29
2014-07-07;22,93;16,93;31,44;90,67;81,75;88,65;71,46;58,46;40,48;20,42
2014-07-08;22,85;16,77;31,99;89,6;80,61;88,25;70,97;58,23;38,17;20,38
2014-07-09;23,02;16,79;32,39;90,25;80,72;88,27;71,41;59,07;36,81;20,43
2014-07-10;22,79;16,65;31,65;90,49;80,78;87,16;70,34;60,06;37,33;20,45
2014-07-11;22,79;16,66;31,59;91,33;81,14;87,44;70,6;59,84;37,52;20,42
2014-07-14;22,87;16,67;31,9;92,31;81,69;87,65;71,38;60,98;37,58;20,48
2014-07-15;22,77;16,53;31,58;92,9;81,91;86,83;70,94;60,69;36,35;20,52
2014-07-16;22,94;16,76;31,68;92,97;81,69;87,64;70,59;61,36;36,82;20,6
2014-07-17;22,79;16,7;31,48;92,5;83,26;85,87;69,42;61,42;36,15;20,51
2014-07-18;22,79;16,79;31,68;93,19;84,16;87,42;70,84;62,25;36,51;20,56
2014-07-21;22,8;16,71;31,45;94,14;83,51;88,23;70,96;63,39;37,58;20,48
2014-07-22;23,43;16,69;31,66;95,16;84,38;88,75;71,73;62,65;38,79;20,52
2014-07-23;23,79;16,89;31,89;93,7;84,06;88,26;71,36;62,18;35,9;20,52
2014-07-24;24,01;17,33;32,01;91,91;83,68;87,52;71,16;62,56;36,08;20,52
2014-07-25;23,84;17,68;31,72;90,46;82,91;87,26;66,79;62,02;35,19;20,5
2014-07-28;24;17,71;31,64;91,65;84,33;86,82;66,75;61,42;34,61;20,46
2014-07-29;23,57;17,47;31,67;90,87;81,41;85,71;66,57;61,83;33,04;20,69
2014-07-30;23,47;17,53;31,54;91;79,28;85,99;67,25;61,83;33;20,57
2014-07-31;23;18,43;30,8;89,18;77,09;84,51;66,02;61,75;32,37;20,38
2014-08-01;22,83;18,02;31,04;90,18;78,28;83,78;66,19;61,72;32,32;20,19
2014-08-04;22,83;18,3;30,9;89,95;79,14;84,93;66,86;61,93;32,96;20,13
2014-08-05;22,54;18,01;30,62;89,97;78,01;83,77;66,87;61,79;32,92;20,11
2014-08-06;22,54;17,75;30,38;87,95;77,87;83,13;66,89;61,44;33,02;20,29
2014-08-07;22,27;17,34;29,94;87,86;74,79;83,02;66,38;59,9;33,18;20,36
2014-08-08;22,47;17,42;29,94;90;76,3;84,34;66,95;59,92;34,34;20,35
2014-08-11;22,53;17,37;30,02;89,81;75,4;84,8;66,96;59,86;34,92;20,38
2014-08-12;22,45;17,36;29,88;89,78;75;85,05;67,06;59,59;34,14;20,41
2014-08-13;22,52;17,94;29,97;92;76,62;85,96;67,38;60,35;34,63;20,45
2014-08-14;22,65;18,07;29,8;91,77;77,2;86,48;68,25;59,78;34,99;20,53
2014-08-15;22,62;18,41;30,05;91,81;77,27;86,1;68,28;59,44;34,44;20,46
2014-08-18;22,61;18,52;30,29;93,14;77,59;87,64;68,67;57,75;34,7;20,46
2014-08-19;22,79;18,86;30,37;93,39;78,67;88,15;68,88;58,18;35,01;20,45
2014-08-20;22,68;18,95;30,29;94,97;79,05;88,94;68,79;57,35;34,45;20,34
2014-08-21;22,9;18,83;30,64;94,89;78,9;88,29;69,69;58,23;34,59;20,42
2014-08-22;22,73;18,86;30,32;94,89;78,32;87,58;69,27;57,97;35,1;20,38
2014-08-25;22,87;18,97;30,67;95,37;78,5;88,42;69,45;57,28;34,35;20,33
2014-08-26;22,97;18,87;30,79;94,92;79,64;87,82;70,61;58,77;33,89;20,39
2014-08-27;22,88;18,83;30,9;94,48;80,65;87,6;70,77;59,1;34,22;20,39
2014-08-28;22,81;18,9;30,7;94,36;81,45;87,2;70,63;58,68;32,94;20,61
2014-08-29;22,77;19,11;30,53;94,65;81,66;86,97;70,9;58,96;32,43;20,38
2014-09-02;22,97;19,4;30,42;94,79;81,46;87,22;71,86;59,17;31,94;20,33
2014-09-03;23,32;19,71;30,67;94,95;81,96;87,35;71,82;59,09;31,07;20,19
2014-09-04;23,11;19,62;30,66;95,41;82,49;87,2;71,47;59,12;32,28;20,23
2014-09-05;23,1;19,27;30,69;96,05;83,46;87,25;71,12;59,02;33,29;20,28
2014-09-08;22,91;19,21;30,49;96,77;83,47;86,44;70,54;59,84;33,07;20,32
2014-09-09;23,08;19,2;30,47;97,6;84,45;85,88;69,75;59,29;32,39;20,3
2014-09-10;23;19,5;30,63;99,13;83,93;85,78;69,65;59,25;32,44;20,23
2014-09-11;22,92;19,8;30,23;99,16;83,21;86,14;69,6;60,01;31,83;20,35
2014-09-12;22,89;19,82;30,17;99;81,73;84,91;68,7;60,03;31,07;20,23
2014-09-15;22,8;19,87;30,28;99,73;81,65;84,17;68,94;60,18;30,6;20,28
2014-09-16;23,09;20,25;30,47;99,93;82,87;84,4;69,02;60,03;30,97;20,31
2014-09-17;23,02;18,88;30,45;100,49;82,67;83,86;69,6;60,52;31,3;20,32
2014-09-18;23,08;18,04;30,42;100,68;83,43;84,53;70,56;60,26;31,76;20,46
2014-09-19;23;17,69;30,54;101,54;83,21;84,46;69,9;60,26;31,67;20,3
2014-09-22;23,01;17,36;30,14;100,6;82,57;83,14;69,69;60,11;31,21;20,24
2014-09-23;22,97;17,37;31,26;98,82;81,65;81,53;68,47;60,9;31,55;20,18
2014-09-24;22,8;17,35;32,08;99,28;83,27;81,11;68,94;60,66;31,87;20,21
2014-09-25;22,56;17,27;31,52;98,43;81,59;79,85;67,76;60,26;31,38;20,07
2014-09-26;22,69;17,42;32;99,74;81,56;80,68;68,6;60,83;31,5;20,06
2014-09-29;22,52;17,78;31,51;99,72;80,87;80,49;68,66;60,86;30,91;19,82
2014-09-30;22,41;18,04;31,71;100,44;80,54;79,51;68,4;61,44;30,45;19,85
2014-10-01;22,12;17,77;31,02;98,04;79,36;78,63;66,46;61,57;30,26;19,74
2014-10-02;21,91;17,46;30,58;96,54;78,94;78,8;67,3;62,44;30,63;19,74
2014-10-03;21,63;17,61;30,57;98,03;81,02;78,98;67,21;62,35;30,59;19,72
2014-10-06;21,95;17,76;30,95;97,26;78,72;78,54;67,7;61,94;30,45;19,76
2014-10-07;21,5;17,37;30,14;94,66;77,56;75,98;66,62;61,69;30,57;19,88
2014-10-08;21,62;17,79;30,61;95,82;79,57;77,59;67,47;62,26;31,49;20
2014-10-09;20,89;17,18;29,57;93,87;78,17;75,34;66,47;61,55;31,82;20,03
2014-10-10;20,4;17,12;29,08;94,36;77,22;74,99;66,4;61,29;32;19,97
2014-10-13;20,41;16,98;28,65;92,76;75,99;71,69;67,21;61,25;32,12;19,91
2014-10-14;20,54;17,05;28,5;95,44;73,77;71,29;68,93;60,16;33,19;19,9
2014-10-15;20,47;17,04;28,26;94,3;73,36;71,33;69,93;60,13;33,07;19,8
2014-10-16;20,37;16,89;27,63;94,21;73,22;72,69;70,12;60,33;32,2;19,88
2014-10-17;20,44;17,24;28,07;96,33;75,18;73,75;69,51;61,35;31,85;19,51
2014-10-20;20,64;17,53;27,38;95,71;76,24;73,83;70,36;60,05;30,65;19,7
2014-10-21;20,97;17,43;27,42;96,97;78,17;75,86;72,7;60,96;31,61;19,7
2014-10-22;21,09;17,63;26,36;96,32;77,87;75,47;71,77;59,77;36,04;19,66
2014-10-23;21,39;17,87;26,71;97,73;78,53;77,56;73,06;59,93;35,9;19,67
2014-10-24;21,43;17,72;27;96,98;78,47;78,28;73,42;59,91;34,39;19,65
2014-10-27;21,25;17,48;27,08;98,21;78,96;76,79;73,34;60,22;34,46;19,67
2014-10-28;21,77;17,72;27,56;99,89;77,01;78,7;76,59;60,64;34,47;19,62
2014-10-29;21,57;18,36;27,43;100,48;79,53;78,17;74,12;60,17;34,71;19,57
2014-10-30;21,73;18,72;27,48;102;80,37;78,63;74,61;60,15;35,11;19,6
2014-10-31;21,94;19,82;27,94;102,67;82,28;78,63;76,54;59,98;35,72;19,56
2014-11-03;21,81;20,16;27,79;102,18;82,02;78,97;76,59;59,58;36,36;19,63
2014-11-04;21,68;20,01;27,74;103,88;83,48;78,28;76,06;58,36;35,29;19,7
2014-11-05;22,11;20,18;27,66;102,93;84,02;80,42;75,74;57,43;34,58;19,72
2014-11-06;22,19;19,7;28;103,49;84,46;80,15;75,47;59,01;34,81;19,67
2014-11-07;22,15;19,62;27,61;103,15;82,06;80,7;74,54;58,63;35,14;19,69
2014-11-10;22,39;20,5;27,87;102,32;83,79;80,56;74,64;57,58;34,43;19,73
2014-11-11;22,4;20,71;27,96;102,53;84,26;79,93;74,38;58,33;34,48;19,76
2014-11-12;22,28;20,63;28,08;102,2;84,28;80,26;75,18;58,61;34,65;19,72
2014-11-13;22,07;20,41;28,33;101,92;84,32;79,43;74,83;57,74;34,27;19,69
2014-11-14;22,31;20,64;28,23;103,41;83,58;79,39;74,32;58,2;35,08;19,73
2014-11-17;22,28;20,26;28,29;102,1;85,98;80,05;74,17;57,59;35,05;19,69
2014-11-18;22,63;21,26;28,76;102,92;86,92;79,89;74,72;57,19;35,36;19,7
2014-11-19;22,59;20,81;28,91;103,13;85,31;79,87;74,13;57,49;34,18;19,66
2014-11-20;22,59;20,48;28,61;103,04;85,61;81,07;74,92;57,79;34,79;19,66
2014-11-21;22,76;21,24;28,98;104,55;86,12;81,86;74,39;57,91;34,78;19,65
2014-11-24;22,95;21,63;29,49;105,35;86,7;82,27;75;57,87;35,57;19,64
2014-11-25;23,02;21,93;29,51;105,16;86,37;82,31;74,54;57,7;36,53;19,7
2014-11-26;22,89;21,69;29,59;105,43;86,67;80,67;73,86;58,23;36,22;19,74
2014-11-28;22,42;21,99;30,05;105,46;87;76,57;72,78;57,69;36,42;19,68
2014-12-01;22,14;22,15;30,12;105,04;87,3;74,62;72,22;57,51;35,38;19,64
2014-12-02;21,97;21,96;29,87;105,54;88,09;76,3;72,64;57,13;36,48;19,6
2014-12-03;22,1;21,95;29,93;106,39;89,43;76,51;73,91;56,94;37,57;19,67
2014-12-04;22,03;22,12;29,6;108,72;88,94;75,53;72,97;57,02;36,92;19,65
2014-12-05;21,74;22,16;29,7;106,37;90,37;75,3;72,74;57,09;37,08;19,71
2014-12-08;21,56;21,15;29,38;106,76;89,87;73,36;70,23;56,77;35,21;19,62
2014-12-09;21,61;20,7;29,39;107,27;89,31;73,17;71,45;57,3;35,72;19,65
2014-12-10;21,2;20,79;29,17;104,9;87,43;70,88;70,18;56,02;34,31;19,7
2014-12-11;21,08;20,74;29,36;105,15;87,87;69,77;70,5;57,42;34,83;19,82
2014-12-12;20,72;20,33;28,72;103,05;87,06;67,45;68,66;57,46;34,03;19,65
2014-12-15;20,5;19,72;28,11;102,11;86,43;67,39;68,56;56,99;33,27;19,53
2014-12-16;20,73;19,72;28,41;101,85;85,4;68,42;69,2;56,92;33,95;19,46
2014-12-17;20,85;20,39;28,04;101,46;86,94;70,89;71,02;57,42;35,11;19,31
2014-12-18;21,22;21,14;29,28;104,78;89,88;71,74;72,36;56,71;35,71;19,39
2014-12-19;21,41;20,58;29,06;105,58;90,59;73,28;71,91;56,4;35,92;19,28
2014-12-22;21,43;20,78;29,19;108,62;90,16;73,41;73,45;57,31;34,56;19,31
2014-12-23;21,57;20,86;29,45;108,9;89,2;74,08;73,94;58,11;35,05;19,3
2014-12-24;21,6;21,32;29,39;109,19;89,34;73,8;73,5;58,91;34,94;19,23
2014-12-26;21,68;21,27;29,45;108,8;89,59;73,43;74,21;59,4;34,81;19,36
2014-12-29;21,56;21,17;29,55;108,93;89,5;72,85;74,92;61,44;34,6;19,31
2014-12-30;21,4;20,58;29,21;108,6;89,89;73,07;74,67;61,73;34,5;19,6
2014-12-31;21,15;20,47;29;106,91;88,58;71,33;74,03;60,43;34,72;19,77
