Date;AXLL;SM;STRZA;CNL;RVBD;BRKR;MSG;GSPC
2010-01-04;17,38;35,83;2,83;23,09;11,93;12,16;;17,97
2010-01-05;17,79;36,47;2,9;22,74;11,91;12,48;;18,04
2010-01-06;17,46;36,89;2,9;22,85;12,39;13,07;;18,06
2010-01-07;17,4;36,69;2,85;22,72;12;13,44;;18,2
2010-01-08;17,35;37,34;2,9;22,61;11,82;13,46;;18,21
2010-01-11;17,23;37;2,9;22,88;11,78;13,87;;18,12
2010-01-12;16,98;35,82;2,82;22,86;11,56;13,19;;18,13
2010-01-13;16,94;36,02;2,79;22,99;11,94;13,44;;18,58
2010-01-14;16,76;37,58;2,77;22,99;12,16;13,79;;18,69
2010-01-15;16,69;37,13;2,76;22,65;11,89;13,7;;18,75
2010-01-19;16,67;37,41;2,74;22,96;11,98;13,66;;18,56
2010-01-20;16,04;36,69;2,86;22,7;11,88;13,29;;18,4
2010-01-21;14,88;36,06;2,87;22,38;11,78;13,25;;18,22
2010-01-22;14,99;35,9;2,82;21,86;11,29;13,01;;17,53
2010-01-25;15,05;36,21;2,72;22,11;11,6;13,14;21,74;18,05
2010-01-26;15,13;35,29;2,78;22,19;11,74;12,62;21,31;18,01
2010-01-27;15,44;34,06;2,78;22,11;11,99;12,58;20,45;17,38
2010-01-28;15,04;32,92;2,81;21,97;11,52;12,29;20,4;16,79
2010-01-29;14,79;31,78;2,96;21,95;11,21;12,27;19,6;16,79
2010-02-01;15,27;33,11;3,12;22;11,62;12,74;19,65;17,07
2010-02-02;15,79;34,19;3,29;22,1;11,86;12,84;19,6;17,2
2010-02-03;15,85;33,34;3,27;22,05;11,46;12,71;19,3;17,15
2010-02-04;14,94;31,64;3,05;21,44;11,54;12,27;18,5;16,67
2010-02-05;14,78;31,62;3,08;21,32;12,05;12,83;18,08;16,44
2010-02-08;14,17;31,59;3,06;21,07;12,11;12,77;18,9;16,51
2010-02-09;13,69;32,45;3,09;21,12;12,02;12,84;18,22;16,54
2010-02-10;13,96;32,32;3,08;21,03;11,94;12,54;17,5;16,92
2010-02-11;14,78;32,91;3,08;21,32;12,49;12,79;17,72;16,99
2010-02-12;14,78;33,04;3,12;21,33;13,16;13,07;19,76;16,77
2010-02-16;15,28;34,15;3,28;21,72;13,26;12,94;20;17,07
2010-02-17;15,39;34,16;3,46;21,79;13,27;13,04;19,87;17,29
2010-02-18;15,32;33,84;3,57;21,99;13,52;13,47;19,69;17,7
2010-02-19;15,41;33,92;3,55;22,43;13,64;13,38;19,5;18,09
2010-02-22;14,98;33,23;3,55;22,55;13,39;13,48;19,33;18,43
2010-02-23;14,16;31,38;3,55;21,9;13,26;13,3;18,95;18,95
2010-02-24;14,1;31,65;3,64;22,2;13,36;13,59;18,97;18,89
2010-02-25;13,95;31,68;3,92;21,87;13,38;12,87;19,28;18,59
2010-02-26;13,75;32,31;3,87;21,56;13,62;12,5;19,5;18,61
2010-03-01;14,27;33,27;3,79;21,82;14,32;12,86;20,25;18,57
2010-03-02;14,28;33,93;3,69;21,89;14,16;13,33;20,5;18,3
2010-03-03;14,54;34,7;3,76;21,87;14,02;13,42;20,32;18,17
2010-03-04;14,66;34,76;3,73;22,07;13,94;13,19;19,96;18,05
2010-03-05;14,88;35,81;3,8;22,23;14,06;13,76;19,6;18,17
2010-03-08;14,67;35,97;3,78;22,3;14,52;14,31;19,5;18,16
2010-03-09;15,13;36,39;3,75;22,36;14,32;13,95;19,37;18,21
2010-03-10;16,01;36,58;3,78;22,73;14,44;13,99;18,99;18,46
2010-03-11;16,38;36,71;3,79;22,85;14,21;13,91;18,89;18,68
2010-03-12;16,18;36,53;3,84;22,7;13,95;13,86;19,4;18,88
2010-03-15;16,17;36,4;3,84;22,75;13,99;14;18,98;18,84
2010-03-16;16,38;36,71;3,92;22,95;13,98;14,63;19,51;18,92
2010-03-17;17,16;37,02;3,99;22,97;13,95;14,61;20,03;18,95
2010-03-18;16,99;35,61;3,98;22,9;13,89;13,86;20,06;18,89
2010-03-19;16,22;33,8;3,94;22,73;13,74;13,11;20,08;18,86
2010-03-22;16,59;33,33;3,94;22,65;14,22;13,49;20,11;18,84
2010-03-23;16,77;34,45;3,96;22,77;14,35;13,79;20,99;18,95
2010-03-24;16,92;34,55;4,11;22,49;14,21;14,56;20,83;18,93
2010-03-25;16,94;33,35;4,12;22,36;14,3;14,68;21,58;18,92
2010-03-26;17,71;33,3;4,13;22,4;14,26;14,7;22;18,95
2010-03-29;18;34,16;4,2;22,68;14,27;14,66;21,9;18,88
2010-03-30;17,87;33,91;4,18;22,79;14,41;14,66;21,91;18,95
2010-03-31;17,82;34,52;4,16;22,67;14,2;14,65;21,73;18,88
2010-04-01;17,71;36,36;4,21;22,85;14,19;14,63;21,81;18,96
2010-04-05;18,28;37,59;4,29;23,23;14,94;14,79;21,79;19,03
2010-04-06;19,39;38,04;4,32;23,54;14,76;14,71;22,06;19,04
2010-04-07;19,29;37,44;4,4;23,12;14,77;14,53;22,02;19,28
2010-04-08;18,59;37,29;4,56;22,82;14,49;14,49;22,03;19,2
2010-04-09;18,98;37,45;4,61;22,64;14,59;14,48;22,16;19,16
2010-04-12;19,22;37,78;4,6;22,67;14,61;14,92;22,33;18,95
2010-04-13;19,33;37,42;4,59;22,57;14,65;14,76;21,9;19,02
2010-04-14;19,89;37,78;4,83;22,7;15,1;15,33;21,99;19
2010-04-15;20,04;39,12;4,94;22,85;14,86;15,31;21,98;19,05
2010-04-16;19,7;38;4,91;22,81;14,38;15,2;21,81;18,22
2010-04-19;19,2;37,69;4,95;22,75;13,98;15,15;21,83;17,89
2010-04-20;19,61;39,16;5,08;23,04;14,39;15,56;21,92;17,86
2010-04-21;19,23;39,17;5,07;23,19;14,36;15,36;21,93;17,98
2010-04-22;19,39;39,49;5,06;23,4;14,53;14,99;21,68;17,83
2010-04-23;20,19;41,55;5,07;23,66;16;15,22;21,59;17,83
2010-04-26;20,74;41,52;5,01;23,23;15,77;15,36;21,67;17,26
2010-04-27;20,15;40,11;4,85;22,8;15,62;14,87;21,38;17,26
2010-04-28;20,16;40,16;5,02;23,08;15,73;15,16;20,95;17,71
2010-04-29;20,08;40,4;5,18;23,33;15,84;15,25;21;17,9
2010-04-30;19,8;39,96;5,07;23,4;15,52;15,29;20,75;17,14
2010-05-03;19,85;39,92;5,25;23,96;16,03;15,31;20,76;17,04
2010-05-04;18,97;41,94;5,14;23,52;15,02;14,64;20,44;17,12
2010-05-05;17,59;42,42;5,06;23,45;14,85;15,06;19,96;16,97
2010-05-06;17,17;39,87;4,76;22,65;13,87;13,99;19,5;16,36
2010-05-07;16,61;38,5;4,41;22,4;13,3;13,21;20,32;16,41
2010-05-10;17,35;41,99;4,71;23,3;14,27;14,05;21,15;17,02
2010-05-11;17,24;42,29;4,73;23,3;14,44;14,3;21,7;16,64
2010-05-12;17,4;43,55;4,85;23,72;15,21;14,31;22,08;16,51
2010-05-13;17,35;43,79;4,75;23,57;14,98;14,51;22,14;16,38
2010-05-14;16,95;42,95;4,74;23,59;14,63;14,06;22;16,17
2010-05-17;17,01;40,98;4,78;23,71;14,76;13,72;22,03;16,1
2010-05-18;16,71;41,51;4,76;23,6;14,35;13,3;21,89;15,55
2010-05-19;16,95;40,59;4,73;23,45;14,2;12,71;21,83;15,34
2010-05-20;16,08;37,42;4,4;23,12;13,51;12,31;20,69;14,62
2010-05-21;16,3;39,69;4,49;22,64;13,69;12,63;20,9;14,84
2010-05-24;16,05;38,34;4,53;22,72;13,89;12,43;20,77;15,19
2010-05-25;15,74;38,52;4,59;22,31;13,83;12,41;20,29;15,37
2010-05-26;17,28;39,61;4,6;22,3;14;12,25;20,26;15,87
2010-05-27;16,81;42,36;4,87;22,8;14,68;12,93;21,03;16,15
2010-05-28;16,77;42,94;4,82;22,81;13,36;12,74;21,07;16,26
2010-06-01;16,34;42,27;4,88;22,33;13,08;12,16;21,01;16,26
2010-06-02;16,43;45,39;4,99;22,88;13,45;12,54;21,13;16,27
2010-06-03;16,54;45,81;4,92;23,02;14,1;12,44;21,04;16,26
2010-06-04;15,62;43,56;4,63;22,12;13,3;12,31;20;15,88
2010-06-07;14,51;42,83;4,52;21,99;13,16;12,07;19,71;15,89
2010-06-08;14,25;44,49;4,51;22,1;13,22;11,97;19,17;15,79
2010-06-09;13,95;44,38;4,53;21,93;13,18;12,26;19,39;15,75
2010-06-10;14,51;45,61;4,66;22,35;13,34;12,75;20;15,66
2010-06-11;14,72;46,26;4,73;22,31;13,94;12,83;20,48;15,81
2010-06-14;14,89;46,28;4,71;22,48;14,01;12,92;20,75;15,9
2010-06-15;16,37;47,47;4,86;22,93;14,6;13,52;21,05;16,1
2010-06-16;16,69;47,45;4,91;23,01;14,72;13,6;21,23;16,06
2010-06-17;16,79;46,14;4,86;23,32;14,69;13,44;21,46;16,19
2010-06-18;16,8;47,22;4,78;23,34;14,85;13,76;21,48;16,26
2010-06-21;16,36;46,84;5,03;23,06;14,92;13,57;21,34;16,4
2010-06-22;15,87;44,25;5,05;22,63;14,58;13,08;20,75;16,44
2010-06-23;15,33;44,31;5,07;22,63;14,49;13;20,54;16,48
2010-06-24;14,72;43,36;5,01;22,55;14,28;13,19;20,04;16,45
2010-06-25;15,16;43,48;5,06;22,68;14,7;13,03;20,01;16,54
2010-06-28;15,09;42,7;5,11;22,98;15,01;12,62;20,12;16,48
2010-06-29;13,45;40,12;4,79;22,81;14,14;12,31;19,9;16,22
2010-06-30;12,86;39,88;4,8;22,76;13,81;12,16;19,67;16,3
2010-07-01;11,79;39,87;4,78;22,62;13,8;11,8;20,12;16,23
2010-07-02;10,97;39,16;4,72;22,53;13,56;11,84;20,03;16,38
2010-07-06;10,85;40,41;4,81;22,76;13,72;11,94;20,27;16,46
2010-07-07;11,58;43,15;5,03;23,41;14,82;11,15;21,57;16,44
2010-07-08;11,57;44,03;5,05;23,87;14,85;11,16;20,38;16,16
2010-07-09;11,94;44,32;5,08;24,03;14,91;11,29;19,44;16,08
2010-07-12;12,08;43,57;5,14;24,05;14,95;11,22;19,4;16,1
2010-07-13;12,93;44,03;5,17;24,43;15,17;11,84;19,56;16,37
2010-07-14;12,49;44,04;5,29;24,37;15,22;11,84;19,56;16,34
2010-07-15;12,23;43,5;5,22;24,37;15,28;11,82;19,26;16,58
2010-07-16;11,41;40,85;5,03;23,8;14,94;11,3;18,79;17,01
2010-07-19;11,12;41,66;5,05;24,2;15,33;10,88;18,78;17,15
2010-07-20;11,15;42,5;5,12;24,43;15,47;11,18;18,82;17,28
2010-07-21;11,15;42,14;5,07;24,08;15,03;11,01;18,98;17,33
2010-07-22;12,43;43,59;5,19;24,6;15,7;11,51;19;17,59
2010-07-23;13,01;43,65;5,33;24,79;17,92;11,52;19,34;17,76
2010-07-26;14,83;43,54;5,41;25,24;18,26;11,6;19;17,9
2010-07-27;14,61;42,17;5,34;25,57;18,38;11,39;18,87;17,59
2010-07-28;14,98;41,48;5,21;25,15;18,14;12,3;19,02;17,48
2010-07-29;14,98;41,13;5,27;24,75;18,4;12,84;19,04;17,65
2010-07-30;14,79;41,13;5,34;24,61;18,55;13,17;19,24;17,48
2010-08-02;15,47;42,71;5,39;24,99;18,82;13,53;19,19;17,48
2010-08-03;14,81;39,46;5,35;25,01;18,53;13,72;19,39;17,57
2010-08-04;14,67;41,14;5,39;25,26;18,5;13,76;19,6;17,74
2010-08-05;13,98;41,18;5,48;24,88;18,25;13,52;19,46;18,03
2010-08-06;13,25;39,99;5,38;25,06;18,02;13,49;20,21;17,99
2010-08-09;15,29;40,04;5,5;25,24;18,3;13,62;20,41;18,08
2010-08-10;14,3;39,11;5,4;25,19;17,8;13,52;20,43;18,13
2010-08-11;12,79;37,59;5,28;24,57;17,07;13,01;20,01;17,9
2010-08-12;12,46;36,42;5,45;24,52;16,48;12,96;20,7;17,76
2010-08-13;12,19;36,97;5,31;24,51;16,81;13,02;20,7;17,67
2010-08-16;12,22;36,56;5,2;24,66;17,05;13,56;20,3;17,65
2010-08-17;14,33;36,87;5,25;25;17,55;13,42;20,49;17,98
2010-08-18;13,55;36,73;5,47;24,79;17,89;13,41;20,44;18,12
2010-08-19;12,69;36,2;5,2;24,33;17,59;13,32;20,08;18,08
2010-08-20;12,33;35,23;5,19;24,39;18,15;13,16;20,07;18,15
2010-08-23;12,51;35,32;5,1;24,36;18,05;13,03;19,85;17,88
2010-08-24;11,95;34,56;5,06;24,27;18,5;12,46;19,57;17,79
2010-08-25;12,16;35,3;5,14;24,44;18,36;12,45;19,61;17,89
2010-08-26;12,27;35,83;5,08;24,34;18,09;12,35;19,3;17,98
2010-08-27;12,89;37;5,2;24,9;19,59;12,52;19,63;18,02
2010-08-30;12,12;36,98;5,09;24,44;19,16;12,18;19,66;17,97
2010-08-31;12,53;37,72;5,16;24,63;19,18;11,89;19,55;17,86
2010-09-01;13,62;39,18;5,38;25,17;19,73;12,55;19,91;17,93
2010-09-02;14,57;39,34;5,49;25,26;19,92;12,59;19,84;17,91
2010-09-03;15,3;39,22;5,59;25,33;21,01;13,22;19,79;17,99
2010-09-07;14,06;38,13;5,52;25,17;20,19;13;19,44;18,05
2010-09-08;14,43;38,36;5,5;25,02;20,58;13,38;19,8;18,17
2010-09-09;14,53;38,24;5,51;25,37;20,84;13,61;19,99;18,17
2010-09-10;14,6;38,65;5,46;25,26;20,46;13,47;20,18;18,01
2010-09-13;16,18;39,09;5,62;25,48;22,09;13,78;20,36;18,05
2010-09-14;15,57;38,12;5,55;25,54;21,64;13,65;20,41;17,86
2010-09-15;15,41;36,72;5,55;25,41;22,26;13,75;20,58;17,88
2010-09-16;15,69;36,43;5,61;25,13;22;13,64;20,45;17,77
2010-09-17;15,36;35,85;5,69;25,12;22,33;13,62;20,8;17,4
2010-09-20;15,9;36,27;5,82;25,35;23,01;13,87;20,83;17,58
2010-09-21;15,71;35,82;5,96;25,3;22,94;13,59;20,87;17,73
2010-09-22;15,51;35,51;5,9;25,39;21,74;13,85;20,73;17,55
2010-09-23;14,9;35,15;5,83;25,04;21,94;13,8;20,71;17,57
2010-09-24;15,67;36,72;5,96;25,53;22,35;14,15;20,78;17,61
2010-09-27;15,69;36,85;5,93;25,61;22,1;14,13;20,73;17,65
2010-09-28;15,61;37,27;5,98;25,8;23,01;14,3;20,82;17,71
2010-09-29;15,66;37,98;6,05;25,71;23,23;14,32;21,02;17,78
2010-09-30;15,75;37,2;5,96;25,75;22,79;14,03;21,09;17,86
2010-10-01;15,9;37,86;6,05;25,98;23,65;14,27;21,3;17,91
2010-10-04;15,31;37,69;6,06;25,84;24,01;14,14;21,3;17,92
2010-10-05;16,11;38,61;6,12;26,3;24,26;14,58;21,33;17,97
2010-10-06;16,26;38,23;6,12;26,24;22,24;14,4;21,53;18,04
2010-10-07;16,95;37,87;6,19;26,29;21,61;14,44;21,48;18,1
2010-10-08;17,38;39,03;6,23;26,41;22,09;14,64;21,53;18,16
2010-10-11;17,62;39,76;6,2;26,39;21,41;14,82;21,66;18,16
2010-10-12;18,04;40,28;6,28;26,41;22,03;14,88;21,71;18,24
2010-10-13;19,35;41,51;6,45;26,64;23,24;15,08;21,81;18,37
2010-10-14;18,38;41,24;6,49;26,67;23,26;14,92;21,23;18,29
2010-10-15;18,93;41,06;6,54;26,77;23,51;14,91;21,31;17,97
2010-10-18;19;40,97;6,52;27,01;23,27;15,05;21,19;18,13
2010-10-19;18,97;39,73;6,52;26,88;22,5;14,64;20,96;18,26
2010-10-20;19,31;39,7;6,59;27,09;22,81;14,85;21,2;18,29
2010-10-21;19,28;39,88;6,51;26,92;22,93;14,82;21,13;18,28
2010-10-22;19,07;40,4;6,45;26,86;27,14;14,93;21;18,45
2010-10-25;19,49;41,73;6,54;26,94;27,94;15,14;20,86;18,43
2010-10-26;19,66;41,71;6,38;26,99;28,6;14,95;21,08;18,34
2010-10-27;19,37;41,56;6,36;27,03;29,27;14,92;20,92;18,43
2010-10-28;19,7;41,1;6,49;27,21;28,29;14,99;20,99;18,44
2010-10-29;19,5;41,44;6,59;27,18;28,8;14,99;20,81;18,44
2010-11-01;18,89;42,17;6,74;26,83;28,28;14,8;20,83;18,47
2010-11-02;20,28;42,12;6,86;27,23;29,26;14,92;20,46;18,35
2010-11-03;19,13;45,09;6,78;27,27;29,42;14,89;20,81;18,41
2010-11-04;19,98;46,19;6,77;27,71;29,57;15,3;20,99;18,43
2010-11-05;19,95;47,6;6,78;27,79;29,64;15,35;22,18;18,41
2010-11-08;19,62;48,63;6,86;27,73;29,62;15,35;22,82;18,63
2010-11-09;19,25;48,81;6,8;27,52;28,88;15,29;22,11;18,61
2010-11-10;19,63;49,71;6,77;27,37;29,65;15,38;22,61;18,66
2010-11-11;19,58;49,81;6,76;27,24;29,5;15,38;22,59;18,66
2010-11-12;18,44;48,77;6,73;26,89;29,15;15,07;22,34;18,57
2010-11-15;17,93;48,65;6,65;27,08;28,85;15,14;22,28;18,56
2010-11-16;16,9;48,16;6,46;26,62;27,82;14,98;22,05;18,53
2010-11-17;16,8;47,96;6,5;26,74;29,01;15,17;21,78;18,55
2010-11-18;18,24;48,98;6,59;26,92;30,32;15,41;22,66;18,67
2010-11-19;18,44;48,82;6,67;26,84;31,45;15,42;23,34;18,67
2010-11-22;19,51;49,58;6,69;27,03;33,26;16,04;23,15;18,47
2010-11-23;18,72;48,66;6,61;26,8;33,61;15,37;22,76;18,55
2010-11-24;19,47;49,36;6,71;27,01;34,75;15,74;23,29;18,72
2010-11-26;19,42;48,79;6,68;26,92;34,81;15,61;22,42;18,76
2010-11-29;19,86;49,45;6,66;26,72;34,22;15,62;22,36;18,71
2010-11-30;19,59;49,4;6,59;26,58;33,93;15,42;21,94;18,56
2010-12-01;20,75;51,38;6,72;26,7;34,27;15,98;22,93;18,54
2010-12-02;20,92;52,54;6,66;26,72;34,44;16,31;23,71;18,76
2010-12-03;21;52,34;6,76;26,83;34,82;16,43;23,76;18,63
2010-12-06;21,1;53,37;6,91;26,67;35,57;16,12;24,48;18,52
2010-12-07;22,27;53,16;6,88;26,69;34,92;16,37;24,26;18,55
2010-12-08;22,08;52,23;6,87;26,4;34,96;16,27;24,34;18,56
2010-12-09;22,05;53,29;7;26,48;36,21;16,6;24,47;18,52
2010-12-10;22,37;53,94;7,07;26,64;37,3;17,41;23,94;18,52
2010-12-13;23,41;55,18;7,12;26,88;35,92;17,46;24,28;18,52
2010-12-14;23,56;53,74;7,04;27,08;34,25;17,22;24,29;18,43
2010-12-15;22,79;53,68;6,94;26,88;34,13;17,16;24,54;18,13
2010-12-16;23,36;54,31;6,87;27,22;35,25;17,22;24,26;18,2
2010-12-17;23,15;55,18;6,77;27,23;35,86;17,39;24,27;18,39
2010-12-20;23,25;55,58;6,7;27,16;35,33;16,94;24,22;18,22
2010-12-21;23,4;56,22;6,8;27,11;35,16;17,15;24,45;18,18
2010-12-22;23,3;57,12;7,13;27,09;35,16;17,06;24,33;18,16
2010-12-23;22,93;57,75;7,21;27,18;34,84;16,99;24,53;18,27
2010-12-27;22,42;57,59;7,25;27,12;34,97;16,94;24,75;18,16
2010-12-28;22,67;58,22;7,23;27,3;34,17;16,81;24,96;18,5
2010-12-29;23,57;58,56;7,24;27,2;35,38;16,79;25,49;18,42
2010-12-30;23,16;58,27;7,15;27,14;36,39;16,8;25,62;18,36
2010-12-31;23,19;58,59;7,16;26,95;35,17;16,6;25,78;18,43
2011-01-03;23,38;59,97;7,3;27,21;37,82;16,55;25,63;18,39
2011-01-04;23,23;58,26;7,45;27,2;37,28;16,23;24,76;18,38
2011-01-05;23,47;58,68;7,43;27,1;37,37;16,09;25,03;18,57
2011-01-06;23,89;58,64;7,39;27;38,46;16,2;24,75;18,61
2011-01-07;24,13;59,59;7,33;27,13;38,35;16;24,93;18,74
2011-01-10;24,09;59,2;7,33;27,21;38,27;17,01;24,9;18,78
2011-01-11;24,63;59,67;7,25;27,5;38,73;16,82;24,86;18,76
2011-01-12;25,83;59,53;7,32;27,64;38,56;17,36;24,5;18,92
2011-01-13;26,03;58,37;7,32;27,49;39,72;17,34;24,17;18,87
2011-01-14;26,52;58,16;7,36;27,6;39,44;16,97;24,26;18,78
2011-01-18;26,19;58,84;7,44;27,78;39,06;16,95;24,19;18,8
2011-01-19;24,64;57,92;7,31;27,39;36,97;17,21;24,46;18,78
2011-01-20;24,92;56,48;7,24;27,35;35,44;17,08;24,87;18,8
2011-01-21;24,42;55,72;7,2;27,17;36,14;17,06;24,89;18,81
2011-01-24;25,25;55,99;7,32;27,24;34,31;17,26;25,01;18,93
2011-01-25;26,16;55,71;7,31;27,56;32,39;17,17;24,99;19,12
2011-01-26;26,71;58,68;7,39;27,61;34,29;17,54;25,05;19,21
2011-01-27;26,5;58,56;7,5;27,79;34,91;17,79;25,06;19,3
2011-01-28;25,45;58,47;7,45;27,44;35,53;17,5;24,91;19,22
2011-01-31;25,67;61,8;7,52;27,39;35,87;17,5;25,22;19,27
2011-02-01;26,9;61,62;7,69;27,98;35,49;17,96;25,18;19,26
2011-02-02;26,51;62,21;7,86;27,71;35,65;17,9;25,39;19,22
2011-02-03;27,08;62,45;8,08;27,67;35,71;17,72;26,22;19,51
2011-02-04;27,03;62,78;8,04;27,54;37,11;17,77;25,99;19,64
2011-02-07;27,37;63,5;8,07;27,79;38,01;18,01;26,95;19,83
2011-02-08;27,31;62,85;8,12;28,01;38,63;18,26;27,37;19,58
2011-02-09;27,03;61,59;8,19;27,75;39,16;18,38;27,64;19,6
2011-02-10;27,2;62,68;8,26;27,81;41,23;18,57;27;19,41
2011-02-11;27,39;62,77;8,41;27,94;41,87;18,71;27,01;19,57
2011-02-14;28,14;63,62;8,49;27,85;42,69;18,57;27,49;19,55
2011-02-15;27,93;64,03;8,2;28,03;41,3;18,36;27,18;19,55
2011-02-16;28,22;65,85;8,36;27,93;42,06;18,69;27,43;19,66
2011-02-17;29,33;65,82;8,31;28,13;41,5;18,73;27,35;19,7
2011-02-18;29,61;66;8,23;28,04;41,32;18,92;28,02;19,64
2011-02-22;28,02;64,38;7,9;27,95;39,69;18,65;27,75;19,55
2011-02-23;28,11;66,46;7,74;27,59;38,2;18,41;27,28;19,64
2011-02-24;30,23;67,29;7,75;27,64;40,85;18,27;27,46;19,68
2011-02-25;30,95;71,65;7,89;28,32;41,79;18,82;27,41;19,58
2011-02-28;30,76;72,05;8,31;28,57;41,29;19,19;28,49;19,82
2011-03-01;30,38;70,76;8,28;28,48;40,38;18,97;28,53;19,61
2011-03-02;30,99;70,05;8,42;28,87;40,78;19,27;28,95;19,71
2011-03-03;31,9;71,78;8,61;29,26;42,92;19,57;29,71;19,67
2011-03-04;31,36;72,59;8,54;29,08;44,48;19,87;28,1;19,67
2011-03-07;32,02;71,89;8,39;29,06;42,4;19,48;28,54;19,63
2011-03-08;32,62;71,73;8,49;29,61;42,95;19,74;28,3;19,82
2011-03-09;33,18;72,17;8,58;29,85;41,8;19,68;28,22;19,67
2011-03-10;31,21;68,11;8,3;29,16;40,96;19,11;27,48;19,64
2011-03-11;32,01;69,93;8,36;29,21;41,89;19,19;28,26;19,68
2011-03-14;31,42;70,96;8,39;29,26;40,81;18,8;28,18;19,69
2011-03-15;31,28;71,19;8,26;28,81;40,69;18,83;27,82;19,55
2011-03-16;30,75;70,82;8,19;28,43;39,51;18,19;27,41;19,41
2011-03-17;31,74;72,58;8,2;28,5;38,62;18,23;27,17;19,44
2011-03-18;31,14;71,84;8,1;28,79;37,52;18,77;27,19;19,64
2011-03-21;33,35;72,76;8,36;29,35;38,73;19,16;27,48;19,62
2011-03-22;32,58;71,66;8,44;29,33;36,21;19,09;27,46;19,63
2011-03-23;32,71;70,72;8,26;29,16;37,42;18,94;27,43;19,65
2011-03-24;32,91;70,76;8,43;29,17;37,4;19,43;27,16;19,59
2011-03-25;33,31;72,19;8,53;29,63;38,07;19,85;27,13;19,59
2011-03-28;32,99;70,53;8,48;29,58;36,86;19,75;27,3;19,59
2011-03-29;33,97;72,67;8,57;29,76;37,84;19,93;27,18;19,62
2011-03-30;35,91;73,76;8,53;30,21;37,78;20,6;26,99;19,61
2011-03-31;35,66;73,76;8,43;30,29;37,65;20,85;26,99;19,75
2011-04-01;34,92;75,82;8,41;30,73;34,58;21,28;27,1;19,72
2011-04-04;34,7;75,75;8,46;31,14;33,86;21,41;27,1;19,82
2011-04-05;35,08;77,12;8,51;31,14;34,29;21,44;27,1;19,82
2011-04-06;35,4;74,28;8,74;31,45;33,89;21,22;27,28;19,8
2011-04-07;36,54;74,34;8,63;31,01;32,47;20,64;27,71;19,74
2011-04-08;37,19;74,42;8,59;30,93;32,43;19,98;27,61;19,83
2011-04-11;36,99;71,37;8,67;30,53;33,07;20,06;29,05;19,82
2011-04-12;36,59;68,37;8,61;30,3;30,92;19,95;28,96;19,87
2011-04-13;36,26;69,52;8,78;30,27;34,74;19,98;28,98;19,83
2011-04-14;36,07;69,67;8,73;30,54;34,28;19,88;28,68;19,85
2011-04-15;36,14;71,3;8,74;30,56;33,85;19,63;28,68;19,74
2011-04-18;35,4;69,43;8,64;30,19;32,89;19,22;28,07;19,82
2011-04-19;36,11;71,37;8,63;30,14;33,43;19,47;28;19,93
2011-04-20;37,26;73,98;8,81;30,66;33,75;20,09;27,57;19,92
2011-04-21;38,31;74,25;8,99;30,71;35,82;20,27;27,92;20,05
2011-04-25;38,15;74,17;8,92;30,49;35,53;20,1;27,18;20,13
2011-04-26;38,64;74,68;8,94;30,65;34,74;21,22;26,98;20,05
2011-04-27;38,4;74,74;9,09;30,77;35,12;21,39;27;20,05
2011-04-28;37,52;74,24;9,24;30,94;34,68;20,25;27,19;19,99
2011-04-29;37,95;75,47;9,42;31;35,17;19,74;27,35;20,11
2011-05-02;37,69;74,37;9,28;31,14;34,65;19,57;27,09;20,06
2011-05-03;36,29;68;9,54;31,3;33,39;19,01;26,83;20,05
2011-05-04;34,98;65,71;9,63;31,32;33,28;18,78;26,67;19,91
2011-05-05;32,14;63,42;9,69;31,01;34,12;18,58;26,56;19,76
2011-05-06;30,07;64,92;9,96;31,05;34,34;19,15;26,78;19,79
2011-05-09;30,78;67,43;9,9;31,24;34,59;19,64;26,74;19,8
2011-05-10;30,44;67,17;10,17;31,69;35,55;19,52;27,08;19,83
2011-05-11;30,18;64,49;10,15;31,33;36,05;19,5;26,89;19,89
2011-05-12;27,94;63,92;9,94;31,58;37,55;19,73;26,96;19,71
2011-05-13;28,48;63,6;9,82;31,12;37,42;19,74;26,73;19,59
2011-05-16;26,73;63,14;9,73;30,88;36,87;19,35;26,66;19,41
2011-05-17;26,87;61,96;9,7;30,94;36,56;19,05;26,3;19,26
2011-05-18;28,65;63,93;10,08;31,09;37,98;19,25;26,49;19,52
2011-05-19;28,17;63,99;10,23;31,23;38,84;19,36;26,3;19,67
2011-05-20;27,27;64,94;10,02;31;38,17;19,17;26,24;19,58
2011-05-23;25,69;62,32;10,11;30,5;37,55;18,49;26,12;19,52
2011-05-24;26,07;63,34;10,34;30,33;36,18;18,52;26,12;19,36
2011-05-25;26,87;65,9;10,3;30,48;37,11;18,84;26,44;19,28
2011-05-26;26,94;66,45;10,36;30,72;37,57;19,04;26,49;19,22
2011-05-27;27,31;66,47;10,44;30,77;37,93;19,15;26,88;19,16
2011-05-31;27,31;66,15;10,44;31,24;37,92;19,72;27,51;19,25
2011-06-01;26,22;67,39;10,27;30,81;37,25;18,94;26,62;19,08
2011-06-02;26,42;68,4;10,29;30,8;37,94;18,8;26,67;19,39
2011-06-03;25,15;69,31;10,14;30,39;37;18,2;26,42;19,41
2011-06-06;25,31;66,79;9,85;30,3;35,52;17,91;26;19,37
2011-06-07;25,72;67,11;9,8;30,47;36;17,68;26,03;19,21
2011-06-08;24,66;67,2;9,51;30,62;34,8;17,36;25,86;19,05
2011-06-09;25,3;67,32;9,61;30,47;35,02;17,93;26,04;19
2011-06-10;24,9;65,66;9,39;30,14;34,03;18,45;25,93;19,18
2011-06-13;24,71;64,27;9,08;30,25;33,18;18,43;26,13;19,36
2011-06-14;25,44;65,04;9,24;30,4;34,31;18,69;26,61;19,53
2011-06-15;24,14;62,72;9,09;30,13;32,75;18,31;26,63;19,43
2011-06-16;22,51;63,52;8,89;30,31;32,38;18,14;26,86;19,26
2011-06-17;22,31;62,6;8,82;30,52;31,93;17,85;26,92;19,4
2011-06-20;22,36;62,64;8,86;30,82;31,62;17,97;26,88;19,57
2011-06-21;23,07;66,65;9,37;30,96;33,72;18,69;27,04;19,86
2011-06-22;22,88;66,35;9,31;30,71;33,26;18,74;27,11;19,83
2011-06-23;22,94;66,04;9,32;30,49;35,53;18,63;27;19,79
2011-06-24;22,94;65,04;9,15;30,59;34,88;18,59;26,99;19,79
2011-06-27;22,26;64,18;9,22;30,75;36,59;18,95;26,85;19,83
2011-06-28;22,86;66,35;9,33;30,94;37,73;19,58;27,01;20,02
2011-06-29;22,75;72,07;9,4;31,01;38,96;19,9;27,29;20,05
2011-06-30;23,27;73,1;9,82;31,03;39,59;20,36;27,53;20,11
2011-07-01;24,35;73,44;9,9;31,4;40,08;20,66;27,72;19,88
2011-07-05;23,77;73,63;9,76;31,33;39,76;20,96;27,86;19,97
2011-07-06;22,31;72,74;9,73;31,51;40,39;21,07;27,56;19,91
2011-07-07;23,84;75,27;10,03;31,67;41,42;20,84;27,31;19,94
2011-07-08;22,69;75,11;9,98;31,55;41,13;20,78;27,34;19,9
2011-07-11;21,52;72,15;9,81;31,15;39,82;19,78;27,31;19,94
2011-07-12;21,37;72,16;9,76;31,22;40,17;19,65;27,29;19,8
2011-07-13;21,49;72,85;9,92;31,12;39,88;19,77;27,4;19,93
2011-07-14;20,39;71,77;9,75;30,94;39,01;19,56;27,34;19,89
2011-07-15;20,63;77,37;9,94;31,13;39,57;19,52;27,38;19,77
2011-07-18;20,08;76,25;9,6;30,71;38,77;19,4;26,71;19,59
2011-07-19;21,03;78,53;9,82;31,2;41,4;19,7;27,05;19,46
2011-07-20;21,48;78,06;9,63;31,52;32,05;19,89;26,79;19,41
2011-07-21;22,04;78,75;9,83;31,98;31,25;20,51;27,13;19,46
2011-07-22;20,91;78,9;9,86;31,85;32,12;20,5;27,38;19,62
2011-07-25;20,41;78,46;9,71;31,85;31,09;20,17;27,35;19,32
2011-07-26;20,1;78,21;9,55;31,54;30,95;19,41;26,89;19,27
2011-07-27;19,06;76,49;9,35;31,2;29,31;18,07;26,5;19,06
2011-07-28;19,13;75,36;9,16;31,12;28,98;17,17;26,5;19,01
2011-07-29;19,31;74,96;9,14;30,91;28,63;17,22;26,5;18,67
2011-08-01;18,73;75,17;9,24;30,92;28,88;16,76;26,66;18,89
2011-08-02;17,81;82,4;9,01;30,24;27,79;16,27;26,26;18,98
2011-08-03;17,55;82,65;9,01;30,31;29,1;14,87;26,34;18,87
2011-08-04;17,47;78,64;8,48;29,05;27,09;13,54;25,59;18,36
2011-08-05;16,98;78,41;8,11;28,84;26,01;13,42;25,11;18,38
2011-08-08;15,31;69,31;7,32;27,25;23,55;12,51;23,63;17,5
2011-08-09;16;72,91;7,92;29,28;24,39;13,42;24,25;17,02
2011-08-10;15,47;72,5;7,55;28,59;23;13,01;23,51;16,82
2011-08-11;17,9;76,72;8;30,04;24,2;13,76;24,37;17,55
2011-08-12;17,84;75,9;7,96;29,98;24,57;14,41;24,21;17,5
2011-08-15;18,59;79,77;8,38;31,05;26,13;14,64;24,8;17,59
2011-08-16;17,91;78,35;8,35;31,02;25,18;14,2;24,47;17,58
2011-08-17;17,71;79,39;8,31;31,25;24,37;14,03;23,55;17,9
2011-08-18;17,11;72,13;7,75;30,43;20,66;12,95;22,59;17,19
2011-08-19;17,03;69,83;7,52;29,86;20,61;12,73;22,78;17,4
2011-08-22;17,09;67,09;7,26;29,66;20,37;12,63;22,8;17,31
2011-08-23;17,58;70,37;7,33;30,35;21,83;13,31;22,24;16,82
2011-08-24;18,29;69,48;7,51;31,28;21,37;13,59;23,21;16,8
2011-08-25;17,71;68,19;7,53;30,83;20,82;13,28;22,84;16,9
2011-08-26;18,8;71,46;7,62;31,03;22,76;13,75;23,14;16,72
2011-08-29;20,16;73,82;7,9;31,75;24,17;14,43;24,2;17,23
2011-08-30;20,48;75,55;8,03;31,78;25,04;14,26;24,17;17,28
2011-08-31;20,42;76,1;8,16;31,89;24,78;14,23;24,16;17,44
2011-09-01;19,74;76,1;7,86;31,56;24,62;13,83;23,7;17,64
2011-09-02;18,21;73,45;7,77;30,95;23,18;13,26;22,65;17,8
2011-09-06;17,84;72,95;7,57;30,75;22,94;12,96;22,57;17,68
2011-09-07;18,96;75,91;7,95;31,16;24,22;13,46;23,16;17,86
2011-09-08;18,07;75,73;7,8;30,98;23,68;13,01;23,3;17,52
2011-09-09;17,6;73,54;7,63;30,37;22,35;12,55;23,48;17,22
2011-09-12;17,61;73,88;7,53;30,72;22,53;12,86;23,1;17,01
2011-09-13;18,42;75,02;7,86;31,09;23,48;13,48;23,72;17,15
2011-09-14;18,73;76,12;8,2;31,52;24,77;13,75;23,88;17,35
2011-09-15;18,83;78,57;8,19;32;24,59;14,02;23,98;17,47
2011-09-16;19,47;79,45;8,24;32,16;24,23;14,37;23,94;17,12
2011-09-19;18,27;79,25;8,27;31,8;23,79;14,03;23,7;16,71
2011-09-20;18,07;76,59;8,06;31,66;22,03;13,98;23,7;16,58
2011-09-21;17,26;72,42;8,18;30,82;21,77;13,69;23,48;16,09
2011-09-22;15,07;65,81;7,87;30,5;20,62;13,39;22,82;15,85
2011-09-23;14,51;63,03;7,79;31,27;20,7;13,45;23;15,85
2011-09-26;14,81;65,52;7,98;31,41;22,33;13,61;23,26;15,92
2011-09-27;15,12;68,91;8,08;31,3;21,64;14,07;23,55;15,96
2011-09-28;13,78;64,91;7,93;30,66;20,75;13,52;22,82;15,74
2011-09-29;14,09;64,73;7,73;31,19;20,59;13,56;23,14;16,01
2011-09-30;13,33;60,34;7,57;30,65;19,96;13,53;22,8;15,86
2011-10-03;12,38;56,97;7;29,68;19,69;12,52;21,91;15,25
2011-10-04;13,01;59,05;7,19;30,24;19,48;12,92;22,21;15,08
2011-10-05;13,77;61,79;7,22;30,57;20;13,43;22,29;14,96
2011-10-06;14,94;64,24;7,51;31,17;21,45;13,69;22,39;15,49
2011-10-07;13,83;62,5;7,47;30,84;20,83;13,09;22,92;15,42
2011-10-10;14,8;65,82;7,84;31,42;21,18;13,64;23,93;15,51
2011-10-11;15,2;65,3;8,12;31,17;20,48;13,78;22,82;15,63
2011-10-12;15,72;67,92;8,44;31,07;21,24;13,78;23,46;15,83
2011-10-13;15,06;68,37;8,55;31,18;21,48;13,51;23,53;15,79
2011-10-14;15,57;71,05;8,74;31,26;23,41;13,83;23,92;15,8
2011-10-17;15,06;70,88;8,84;31,08;22,71;13,14;23,14;15,64
2011-10-18;15,77;75,41;8,73;31,54;23,18;13,19;23,83;16,2
2011-10-19;15,27;74,75;8,44;31,59;22,52;13,24;24,01;15,95
2011-10-20;14,84;74,17;8,43;31,7;24,53;13,31;24,73;16,34
2011-10-21;15,84;78,48;8,64;32,45;24,52;13,99;25,07;16,51
2011-10-24;16,69;81,16;8,92;32,83;26,27;15,31;25,33;16,58
2011-10-25;15,62;78,5;8,73;32,44;26,05;14,9;25,2;16,41
2011-10-26;16,47;82,84;8,83;32,53;26,74;14,62;25,55;16,47
2011-10-27;18,46;86,46;8,98;33,6;28,52;14,29;27,02;17,09
2011-10-28;18,49;85,79;8,89;33,44;29,04;14,53;26,59;17,2
2011-10-31;17,44;82,53;8,8;33,1;27,58;14,43;26,43;16,83
2011-11-01;16,48;78,56;8,38;32,19;25,72;13,67;26,22;16,47
2011-11-02;17,58;81,76;8,38;32,9;28,02;13,62;26,56;16,46
2011-11-03;18,29;83,35;8,48;33,36;29,14;13,81;26,75;16,38
2011-11-04;19,31;83,82;8,63;33,19;28,98;13,77;27,96;16,36
2011-11-07;19,3;83,28;8,69;33,29;28,55;13,6;26,92;16,37
2011-11-08;19,52;83,63;8,99;33,16;28,81;13,79;26,92;16,49
2011-11-09;18,53;79,07;8,54;32,02;27,22;13,24;26,54;16,29
2011-11-10;19,09;81,97;8,79;32,53;28,19;13,24;27;16,14
2011-11-11;19,83;83,09;9,12;32,87;28,54;13,72;27,1;16,17
2011-11-14;19,2;82,11;9,1;32,5;28,59;13,63;26,29;16,08
2011-11-15;19,41;83,21;9,08;33,07;29,5;13,88;26,04;16,22
2011-11-16;18,99;83,13;8,9;32,49;28,6;13,66;26,11;16,27
2011-11-17;18,32;79,17;8,95;32,46;26,67;12,63;25,62;16,05
2011-11-18;18,25;77,9;8,98;32,5;26,07;11,99;25,15;16,05
2011-11-21;17,62;74,98;8,63;31,81;25,47;12,06;25;15,95
2011-11-22;16,74;73,99;8,52;31,35;25,34;11,95;25,57;15,76
2011-11-23;15,8;71,23;8,45;30,72;23,63;11,86;25,34;15,63
2011-11-25;15,87;70,04;8,54;30,61;23,9;11,51;25,76;15,82
2011-11-28;16,63;74,25;8,68;31,35;24,96;12,16;28,37;15,56
2011-11-29;16,42;75,63;8,66;31,68;24,46;11,98;28,91;15,63
2011-11-30;18,51;79,13;8,73;32,72;26;12,52;29,12;15,65
2011-12-01;18,23;78,13;8,61;32,6;26,44;13;29;15,36
2011-12-02;18,42;78,11;8,78;32,5;26,23;12,77;28,88;15,56
2011-12-05;18,86;79,78;8,71;32,52;27,39;12,61;29,17;15,68
2011-12-06;19,34;78,85;8,63;32,54;26,74;12,32;29,15;15,59
2011-12-07;19,63;76,98;8,87;32,97;26,66;12,66;29,1;15,42
2011-12-08;18,51;73,48;8,49;32,19;25,85;12,49;29,59;15,22
2011-12-09;19,38;75,97;8,61;32,59;26,93;12,82;29,83;15,36
2011-12-12;18,53;72,33;8,52;32,48;25,85;12,39;29,78;15,16
2011-12-13;17,84;71,69;8,71;32,55;24,91;12,15;29,5;15,2
2011-12-14;16,78;67,84;8,44;32,22;23,86;12,06;28,81;14,99
2011-12-15;18;67,67;8,41;32,91;23,34;12,28;28,98;15,02
2011-12-16;17,81;70,35;8,65;33,16;23,6;12,28;29,1;14,87
2011-12-19;16,88;67,77;8,6;32,72;23,2;11,94;28,99;14,84
2011-12-20;17,55;71,35;8,75;33,54;24,59;12,24;29,01;14,82
2011-12-21;17,66;72,31;8,82;34,01;22,99;12,16;29,02;14,76
2011-12-22;17,96;72,75;8,73;34,14;23,96;12,48;28,75;14,81
2011-12-23;18,23;73,1;8,88;34,34;24,35;12,49;28,55;15,02
2011-12-27;18,52;72,82;8,84;34,56;24,03;12,39;28,7;14,86
2011-12-28;17,9;71,64;8,77;34,34;23,48;12,05;28,53;14,93
2011-12-29;18,25;72,57;8,94;34,57;23,79;12,49;28,57;14,82
2011-12-30;18,78;72,77;8,94;34,5;23,5;12,42;28,64;14,9
2012-01-03;20;75,94;8,97;33,89;24,71;12,61;28,25;15,49
2012-01-04;20,36;77,63;9,07;33,56;25,49;12,32;28,59;15,58
2012-01-05;20,72;78,33;9,38;33,32;25,92;12,77;28,91;16,26
2012-01-06;20,7;77,79;9,32;32,81;25,95;13,12;28,88;16,39
2012-01-09;20,75;77,72;9,37;32,85;26,93;12,98;28,86;16,42
2012-01-10;21,68;80,56;9,4;33,09;26,5;13,25;28,78;16,78
2012-01-11;22,35;77,9;9,35;33,35;27;13,2;28,8;16,92
2012-01-12;23,59;75,16;9,52;33,68;27,16;13,29;29,37;17,07
2012-01-13;31,74;72,54;9,54;33,51;26,97;13,26;29,47;17,16
2012-01-17;32,27;73,23;9,65;33,79;26,61;13,63;29,24;17,12
2012-01-18;32,91;75,18;9,78;33,62;27,77;13,43;29,52;17,23
2012-01-19;33,32;74,49;9,73;33,06;29,41;13,59;29,54;17,27
2012-01-20;33,25;72,06;9,52;32,97;28,63;13,54;29,53;17,39
2012-01-23;33,37;73,91;9,49;33,33;27,98;13,59;29,67;17,31
2012-01-24;33,7;73,05;9,56;33,61;28,5;13,79;29,66;17,37
2012-01-25;33,9;74,25;9,5;34,41;29,59;14,14;29,62;17,41
2012-01-26;33,69;71,15;9,47;34,69;29,92;14,29;29,58;17,5
2012-01-27;33,61;71,89;9,37;34,58;24,45;14,22;29,86;17,52
2012-01-30;33,41;71,95;9,28;34,27;23,81;13,95;29,4;17,46
2012-01-31;33,78;72,25;9,44;36;23,94;14,21;28,69;17,49
2012-02-01;33,81;70,83;9,58;36,12;24,85;14,71;28,99;17,59
2012-02-02;33,34;71,19;9,57;36,14;24,85;14,77;29,02;17,67
2012-02-03;33,5;72,05;9,67;36,26;25,92;15,05;29,32;17,84
2012-02-06;33,56;73,95;9,62;36,12;27,55;15,04;29,49;17,8
2012-02-07;32,34;75,05;9,61;36,18;27,75;14,96;29,77;17,81
2012-02-08;31,41;75,47;9,77;36;27,57;15,11;30,15;17,74
2012-02-09;30,79;76,46;9,84;36,05;27,73;15,16;31,02;17,74
2012-02-10;31,96;76,26;9,75;35,81;27,67;14,78;31,15;17,4
2012-02-13;32,56;76,76;9,78;35,9;27,55;15,2;32,32;17,73
2012-02-14;33,08;79,12;9,8;35,83;28,24;15,39;32,03;17,82
2012-02-15;32,9;79,3;9,9;35,85;28,19;15,44;31,91;18,08
2012-02-16;33,19;79,41;9,95;36,16;29,05;15,77;31,87;17,92
2012-02-17;33,42;80,57;10;36,1;28,34;15,49;32,85;17,92
2012-02-21;32,82;80,28;9,92;35,92;27,77;15,79;33,43;17,82
2012-02-22;32,14;78,99;9,85;35,94;27,6;16,05;32,59;18,01
2012-02-23;31,82;82,97;10,05;36,12;28,13;16,1;32,84;18,11
2012-02-24;31,3;82,91;10,11;36,18;27,82;16,26;32,18;18,09
2012-02-27;31,4;81,75;10,1;35,86;28,06;16,15;31,94;18,17
2012-02-28;31,32;79,96;10,19;35,38;28,31;16,19;31,9;18,32
2012-02-29;31,09;78,36;10,29;35,12;28,47;16,03;31,85;18,45
2012-03-01;31,18;80,2;10,22;34,91;29,27;16,05;32,84;18,51
2012-03-02;31,07;78,23;10,27;34,97;28,91;15,97;32,75;18,46
2012-03-05;30,42;78,06;10,08;35,2;28,12;15,65;32,69;18,49
2012-03-06;29,15;75,6;9,77;35,09;26,72;15,27;32,34;17,99
2012-03-07;28,98;76,71;9,89;35,18;27,01;15,32;32,47;18,19
2012-03-08;29,79;77,81;10,02;35,36;27,01;15,62;32,69;18,45
2012-03-09;31,28;78,32;10,33;35,66;27,25;15,64;33,04;18,46
2012-03-12;30,82;77,1;10,21;35,76;26,81;15,52;32,88;18,34
2012-03-13;31,87;78,97;10,29;36;27,37;15,7;33;18,29
2012-03-14;31,85;78,89;10,14;35,34;26,68;15,53;32,54;18,45
2012-03-15;33,1;78,65;10,01;35,34;27,5;15,68;32,92;18,29
2012-03-16;33,13;79,57;9,97;35,22;27,63;15,77;33,02;18,64
2012-03-19;33,07;79,49;10,11;35,47;27,72;15,79;32,91;18,7
2012-03-20;32,42;77,3;10,06;35,68;27,09;15,31;32,98;18,76
2012-03-21;32,89;76,65;10,03;35,74;27,02;15,11;33,13;18,87
2012-03-22;32,09;74,33;9,96;35,58;27,42;15;33,58;18,94
2012-03-23;32,25;74,96;10,11;35,77;27,56;15,18;33,99;18,81
2012-03-26;33,24;74,91;10,22;36,11;28,16;15,73;34,33;18,88
2012-03-27;32,91;72,64;10,12;36,11;27,82;15,54;33,75;18,77
2012-03-28;33,09;71,23;10,03;35,85;27,4;15,52;33,85;18,77
2012-03-29;33,4;70,19;9,95;36,3;28,07;15,43;33,97;18,77
2012-03-30;33,62;70,45;10,09;36,18;28,08;15,31;34,2;18,83
2012-04-02;33,64;70,64;10,32;36,38;28,23;15,97;34,71;18,69
2012-04-03;32,63;69,33;10,22;36,27;28,23;16,04;34,43;18,63
2012-04-04;31,99;67,37;10,05;36,01;27,51;15,54;34,21;18,66
2012-04-05;31,66;67,32;10,18;35,48;27,19;15,5;34,65;18,61
2012-04-09;31,29;66,18;9,96;35,43;26,51;14,95;34,29;18,54
2012-04-10;30,69;64,29;9,63;35,1;25,48;14,26;33,99;18,31
2012-04-11;30,85;64,05;9,69;35,43;25,54;14,43;34,23;18,38
2012-04-12;30,9;67,11;9,73;35,75;26,37;14,77;34,7;18,7
2012-04-13;30,31;64,96;9,74;35,52;25,52;14,55;35,01;18,67
2012-04-16;31,56;64,84;9,66;35,92;26,51;14,36;34,47;18,87
2012-04-17;32,01;66,04;9,77;36,37;27,59;14,86;34,76;18,87
2012-04-18;32,89;64,28;9,76;36,27;26,81;14,7;35,03;18,71
2012-04-19;32,85;64,65;9,68;36,06;27,86;14,47;35,18;18,8
2012-04-20;32,92;63,65;9,77;36,37;19,85;14,48;35,04;18,77
2012-04-23;33,45;64;9,6;36,12;19,22;14,36;34,52;18,65
2012-04-24;33,42;64,3;9,62;36,5;19,17;13,81;35,01;18,77
2012-04-25;33,77;65,48;9,83;36,82;19,61;14,61;35,43;18,89
2012-04-26;33,88;65,95;9,93;36,97;20,3;14,73;35,83;18,95
2012-04-27;34,55;65,36;9,96;37,22;20,65;14,93;35,93;18,9
2012-04-30;34,17;65,86;10,01;37,23;19,73;15,03;35,97;18,94
2012-05-01;35,16;67,65;9,95;37,42;19,9;16,07;35,74;19,14
2012-05-02;34,9;65,62;10,01;37,31;19,5;16,14;36,25;19,15
2012-05-03;34,03;64,76;9,94;37,07;19,04;15,8;36,53;19,23
2012-05-04;33,02;64,31;9,68;36,83;18,98;15,5;37,94;19,09
2012-05-07;30,82;66,24;9,62;36,51;18,81;15,6;38,69;19,01
2012-05-08;31,32;66,03;9,85;36,92;17,99;15,52;38,06;18,88
2012-05-09;31,93;65,97;9,95;36,89;17,82;15,28;37,89;18,84
2012-05-10;32,04;66,04;10,26;37,49;16,81;15,49;38,53;18,97
2012-05-11;32,3;66,3;10,19;37,52;16,99;15,59;38,45;18,63
2012-05-14;31,03;64,11;9,82;37,28;16,6;15,32;38,36;18,16
2012-05-15;30,91;61,35;9,67;37,06;16,23;14,98;38,31;17,83
2012-05-16;30,87;60,33;9,63;37,12;15,71;15,1;38;17,95
2012-05-17;30,03;57,66;9,12;36,72;15,39;14,62;36,96;17,44
2012-05-18;27,35;56,57;9,23;36,61;15,42;14,22;36,27;17,17
2012-05-21;28,75;60,29;9,48;36,79;16,74;14,64;36,89;17,59
2012-05-22;28,9;58,41;9,46;37,02;16,66;14,78;37,06;17,85
2012-05-23;28,82;57,88;9,51;36,94;16,67;14,78;37,03;17,85
2012-05-24;29,91;55,28;9,62;37,41;15,52;14,92;37,34;17,78
2012-05-25;29,74;54,41;9,67;37,64;16,52;15,12;36,85;17,9
2012-05-29;30,03;55,49;9,78;37,79;16,97;15,41;37,57;18,01
2012-05-30;28,88;53,41;9,58;37,36;16,3;15,05;37,6;18,01
2012-05-31;28,68;53,89;9,71;37,56;16,4;14,83;37,49;18,06
2012-06-01;26,9;50,28;9,43;37,18;15,82;14,35;36,25;17,8
2012-06-04;25,48;49,34;9,39;37,23;15,39;14,33;35,7;18,09
2012-06-05;25,42;49,96;9,48;37,28;16,27;14,45;35,59;17,98
2012-06-06;25,98;51,71;9,67;37,86;17,31;14,69;36,18;18,06
2012-06-07;25,21;50,83;9,61;37,78;17,06;14,85;35,94;18,07
2012-06-08;25,23;49,11;9,64;38,15;17,63;14,84;36,08;18,21
2012-06-11;23,47;47,32;9,52;37,92;16,39;14,87;35,49;17,98
2012-06-12;23,93;47,24;9,61;37,78;16,45;15,24;36,45;18,31
2012-06-13;23,47;45,56;9,59;37,86;16,39;14,71;35,04;18,24
2012-06-14;23,73;45,73;9,67;37,85;16,32;14,91;35,71;18,16
2012-06-15;23,99;46,84;9,71;38,17;16,91;15,33;35,81;18,16
2012-06-18;24,54;46,47;9,88;38,44;17,2;15,49;36,88;18,14
2012-06-19;26,13;50,24;9,93;38,75;17,31;15,49;36,68;18,22
2012-06-20;25,71;48,42;10;38,22;17,31;15;37,5;18,33
2012-06-21;24,84;44,85;9,89;37,65;15,88;13,5;36,62;18,15
2012-06-22;24,66;45,35;9,88;37,5;16;13,47;37,61;18,5
2012-06-25;23,67;43,63;9,68;37,7;15,31;12,96;37,11;18,21
2012-06-26;24,08;44,45;9,94;37,8;15,49;13;36,76;17,89
2012-06-27;24,15;45,78;10,03;37,99;15,05;13,11;37,36;17,79
2012-06-28;24,37;45,66;9,95;38,25;15,6;13,03;36,81;17,54
2012-06-29;24,82;48,92;10,07;38,47;16,15;13,31;37,44;17,1
2012-07-02;24,8;47,93;10,3;39,25;15,82;13,64;38,79;17,51
2012-07-03;24,9;50,1;10,42;39,43;16,18;13,56;38,91;17,41
2012-07-05;26,07;49,07;10,45;39,35;16,14;13,39;38,8;17,54
2012-07-06;26,2;48,32;10,33;39,22;14,95;13,36;38,28;17,48
2012-07-09;26,75;48,22;10,46;39,09;14,4;13,41;37,63;17,39
2012-07-10;25,98;45,9;10,39;39,44;13,83;13,39;37,25;17,34
2012-07-11;26,33;46,82;10,32;39,58;13,68;13,32;36,95;17,55
2012-07-12;25,86;45,9;10,26;39,75;13,86;13,43;36,4;17,63
2012-07-13;26,95;47,57;10,5;40,43;14,2;13,69;36,59;17,98
2012-07-16;27,18;48,11;10,56;40,37;14,01;13,58;36;17,88
2012-07-17;27,11;51,48;10,65;40,43;13,85;13,88;35,81;17,99
2012-07-18;27,9;53,16;10,79;40,57;15,38;14,13;35,45;18,06
2012-07-19;31,59;54,3;10,84;40,61;15,99;14,13;35,33;18,15
2012-07-20;33,21;52,76;10,74;40,25;15,29;13,73;35,27;18,11
2012-07-23;32,27;50,34;10,59;39,83;14,66;13,36;34,73;18,18
2012-07-24;32,19;48,1;10,5;39,51;14,55;11,53;35,16;18,24
2012-07-25;32,56;47,46;10,6;39,56;18,32;11,43;35,5;18,34
2012-07-26;32,25;47,65;10,75;40,06;17,81;11,34;35,89;18,56
2012-07-27;33,29;48,98;11,05;40,64;18,34;11,73;36,06;18,86
2012-07-30;32,63;49,16;10,93;40,71;17,9;11,54;36,06;18,89
2012-07-31;31,7;46,91;10,83;40,24;17,64;11,82;36,25;18,75
2012-08-01;32,2;47,12;10,83;39,7;17,51;11,35;36,12;18,88
2012-08-02;33,46;41,64;10,86;39,63;17,33;11,36;36,24;18,9
2012-08-03;35,29;43,9;11,07;39,94;17,87;11,65;37,2;18,93
2012-08-06;34,82;44,45;11,07;39,6;19,08;11,89;37,26;19,06
2012-08-07;35,33;45,29;11,39;39,36;19,9;12,25;37,57;19,41
2012-08-08;35,3;47,15;11,67;39,03;19,63;12,09;37,99;19,43
2012-08-09;35,48;47,67;11,5;39,04;19,86;12,15;37,82;19,43
2012-08-10;35,42;47,36;11,5;38,96;19,66;12,34;37,53;19,47
2012-08-13;35,07;46,47;11,37;38,83;19,81;12,06;37,65;19,51
2012-08-14;34,6;47,26;11,33;38,93;19,25;11,86;37,49;19,58
2012-08-15;34,92;47,81;11,48;39,33;19,87;11,91;38,23;19,58
2012-08-16;36,35;48,87;11,58;39,38;20,7;12,06;38,4;19,6
2012-08-17;37,6;48,56;11,64;39,35;21,09;12,1;39,07;19,83
2012-08-20;37,75;47,33;11,87;39,25;20,97;12,18;39,39;19,96
2012-08-21;37,38;48,51;11,94;38,97;20,68;12,1;39,4;19,88
2012-08-22;38,05;47,69;11,89;38,72;20,3;12,02;39,32;19,69
2012-08-23;37,61;46,01;11,83;38,21;20,23;12,29;40,25;19,61
2012-08-24;37,3;46,66;11,89;38,24;20,52;12,23;41,41;19,62
2012-08-27;37,13;46,67;11,93;38,2;20,34;12,14;41,52;19,58
2012-08-28;37,5;47,32;11,91;38,27;20,55;12,43;42,35;19,69
2012-08-29;37,52;47,07;11,82;38,13;20,43;12,33;42,4;19,94
2012-08-30;36,99;45,76;11,84;37,92;19,89;12,07;42,07;19,88
2012-08-31;38,33;47,05;11,94;37,94;19,99;12,11;42,21;19,95
2012-09-04;38,32;47,51;11,94;38,5;20,63;12,29;42,26;19,82
2012-09-05;38,17;51,37;11,9;38,44;20,41;12,2;41,93;19,81
2012-09-06;38,06;50,77;12,08;39,04;21,19;12,53;42,32;19,84
2012-09-07;38,25;52,13;12,11;38,64;21,73;13,05;41,9;19,78
2012-09-10;38,1;51,9;11,91;38,69;21,89;13;41,88;19,82
2012-09-11;37,6;53,78;11,83;38,46;21,73;12,79;41,08;19,95
2012-09-12;37,82;54,88;11,74;38,29;21,52;12,85;41,85;19,93
2012-09-13;38,75;55,66;11,92;38,94;21,99;13,09;42,29;19,89
2012-09-14;38,85;57,56;11,96;38,68;22,82;13,29;41,51;19,93
2012-09-17;38,66;55,87;11,88;38,3;22,37;13,37;41,7;19,82
2012-09-18;36,62;54,43;11,61;38,16;22,29;13,38;41,76;19,86
2012-09-19;36,46;53,81;11,72;38,16;22,46;13,37;41,19;19,98
2012-09-20;35,72;52,94;11,92;38,59;22,22;12,9;41,22;19,91
2012-09-21;36,29;53,14;11,81;38,75;22,47;12,99;41,48;19,84
2012-09-24;36,33;51,98;11,69;39,23;22,67;12,9;40,12;19,91
2012-09-25;35,88;50,56;11,73;39,19;22,85;12,97;39,81;19,78
2012-09-26;34,96;49,64;11,57;39,18;22,75;12,96;39,81;19,79
2012-09-27;35,6;52,6;11,85;38,71;23,5;13,02;40,27;19,82
2012-09-28;35,1;53,91;11,92;38,91;23,28;13,09;40,27;19,74
2012-10-01;36,16;54,1;12;38,76;22,88;13,29;40,24;19,8
2012-10-02;36,41;54,81;12,08;38,63;23,47;13,19;40,4;19,87
2012-10-03;37,19;52,72;12,38;38,52;23,76;13,3;40,39;19,79
2012-10-04;37,96;53,65;12,43;38,88;22,92;13,21;40,57;19,75
2012-10-05;38,9;52,11;12,37;38,86;22,8;13,1;40,19;19,75
2012-10-08;38,08;51,73;12,32;38,83;22,61;13;40,45;19,82
2012-10-09;37,36;54,19;12,16;38,61;22,83;12,93;40,24;19,72
2012-10-10;36,79;52,96;12,39;38,74;21,66;12,67;40,11;19,69
2012-10-11;35,96;56,33;12,42;38,69;22,1;12,55;39,81;19,67
2012-10-12;35;54,98;12,41;38,28;21,97;12,25;39,64;19,75
2012-10-15;35,74;54,8;12,45;38,55;22,03;12,06;39,59;19,75
2012-10-16;36,69;55,97;12,69;38,76;21,82;12,1;40,42;19,77
2012-10-17;37,92;57,12;12,74;39,19;21,28;12,15;40,55;19,78
2012-10-18;38,76;57,4;12,97;39,05;20,69;12,07;40,51;19,76
2012-10-19;37,59;56,3;12,9;38,73;23,06;11,77;40,69;19,77
2012-10-22;37,25;55,59;12,72;38,57;23,13;11,86;41,31;19,77
2012-10-23;36,06;54,09;12,64;39,2;23,96;11,8;41,08;19,73
2012-10-24;35,73;52,93;12,81;39,12;23,74;11,92;41,17;19,73
2012-10-25;35,98;53,93;12,74;39,26;22,82;12,01;41,18;19,77
2012-10-26;34,85;53,21;12,77;39,3;22,62;12,06;40,52;19,75
2012-10-31;34,29;53,77;12,79;39,99;18,47;12,09;41,16;19,86
2012-11-01;35,75;59,56;13,05;40,09;18,8;12,83;41,41;19,78
2012-11-02;35,29;55,87;13,04;39,76;18,9;12,59;41,45;19,72
2012-11-05;36,19;57,43;12,82;39,39;19,01;14,5;42,46;19,78
2012-11-06;37,01;59,54;12,66;39,45;18,98;14,51;43,78;19,7
2012-11-07;38,63;56,57;12,25;38,23;18,23;14,13;43,75;19,73
2012-11-08;37,59;54,57;11,97;38,06;17,5;13,89;43,57;19,68
2012-11-09;37,77;54,69;12,14;37,72;17,52;13,85;43,47;19,74
2012-11-12;38,59;53,8;12,07;37,14;17,49;14,13;43,43;19,86
2012-11-13;39,78;52,43;11,93;37,13;17,37;13,92;43,89;19,76
2012-11-14;38,52;50,82;11,74;36,58;17,2;13,78;43,35;19,44
2012-11-15;39,01;50,14;11,58;36,21;16,96;13,6;43,31;19,12
2012-11-16;40,12;48,87;11,84;36,68;16,48;13,61;44,76;18,96
2012-11-19;41,73;51,13;12,05;36,96;17,23;14,11;44,28;18,84
2012-11-20;42,06;50,21;12,23;37,02;17,33;14,34;43,87;18,83
2012-11-21;43,61;50,47;12,31;37;17,43;14,51;43,9;18,91
2012-11-23;44,3;51;12,48;37,04;17,73;14,53;43,81;18,87
2012-11-26;44,24;49,78;12,48;37,08;17,92;14,54;43,51;18,9
2012-11-27;44,55;49,16;12,37;37,04;18,13;14,56;43,27;18,99
2012-11-28;45,29;49,37;12,36;37,07;18,13;14,4;43,43;18,99
2012-11-29;44,84;48,86;12,32;37,26;18,19;14,75;43,82;19,08
2012-11-30;44,44;49,55;12,59;37,64;17,9;14,6;43,8;19,11
2012-12-03;43,36;50,1;12,71;37,46;17,66;14,53;42,69;18,96
2012-12-04;44,3;50,23;12,09;37,28;17,77;14,27;42,9;18,87
2012-12-05;42,81;50,78;12,18;37,77;17,61;14,23;43;18,87
2012-12-06;43,88;49,44;12,51;37,96;17,91;14,22;43,66;18,81
2012-12-07;43,61;49,93;12,54;38,02;17,69;14,36;43,65;18,81
2012-12-10;44,09;47,69;12,43;37,97;18,12;14,85;44,24;18,72
2012-12-11;43,85;46,92;12,39;37,78;17,93;15,01;44,28;18,64
2012-12-12;42,91;47,12;12,37;37,44;17,98;15,15;44,91;18,67
2012-12-13;41,93;47,29;12,36;37,07;17,91;15,09;44,73;18,69
2012-12-14;41,45;47,42;12,65;37,02;17,76;14,78;44,73;18,78
2012-12-17;41,57;47,99;13,07;38,06;18,85;15,06;44,84;18,84
2012-12-18;43,53;51,23;13,17;38,31;19,38;15,54;44,79;18,74
2012-12-19;42,94;50,86;13,2;38,16;19,76;15,36;45,27;18,82
2012-12-20;42,46;53,69;13,33;38,44;19,87;15,54;45,06;18,84
2012-12-21;41,52;53,77;13,16;38,32;19,74;15,27;44,6;18,87
2012-12-24;41,25;52,26;13,19;38,08;19,46;15,22;44,58;18,88
2012-12-26;40,6;52,35;13,18;37,51;19,73;15,12;44,06;18,99
2012-12-27;39,51;51,5;13,12;37,37;19,66;15,15;44,02;19,09
2012-12-28;38,91;50,2;13,06;36,94;19,55;15,05;43,76;19,16
2012-12-31;40,07;52,06;13,28;37,38;19,72;15,24;44,35;19,15
2013-01-02;41,2;54,47;13,72;38,41;21,16;16,01;45,4;19,21
2013-01-03;40,12;54,79;13,72;38,37;20,6;15,97;45,42;19,24
2013-01-04;41,11;54,66;13,8;38,57;21,14;15,98;45,28;19,44
2013-01-07;42,19;54,61;13,57;38,19;20,65;16,42;46,45;19,5
2013-01-08;43,49;54,71;13,62;38,07;19,9;16,14;46,23;19,55
2013-01-09;45,43;53,62;13,87;38,22;19,88;16,51;46,72;19,77
2013-01-10;46,41;55,14;14,04;38,32;19,71;16,56;46,73;20,01
2013-01-11;48,52;55,43;14,2;38,49;19,93;16,55;47,12;20,14
2013-01-14;48,92;54,2;15,59;38,83;20,09;16,75;47,33;20,06
2013-01-15;47,05;55,31;16,05;38,74;19,5;16,76;47,79;20,14
2013-01-16;46,75;55,5;15,56;38,39;20,06;16,66;47,51;20,53
2013-01-17;45,99;56,41;15,89;38,66;19,99;16,75;48,54;20,85
2013-01-18;45,74;56,76;15,69;39,02;19,2;16,79;48,96;20,71
2013-01-22;45,97;58,95;15,76;39,38;18,93;16,72;49,5;21,02
2013-01-23;47,67;57,08;16,1;39,19;18,94;16,72;49,62;21,12
2013-01-24;48,09;57,14;16,1;39,23;19,52;16,79;49,75;21,07
2013-01-25;48,77;58,07;16,21;39,3;20,11;17,17;50,19;21,11
2013-01-28;52,98;56,93;16,24;39,45;20,26;17,06;49,9;21,27
2013-01-29;52,34;58,38;16,24;39,72;19,29;16,94;49,94;21,22
2013-01-30;52,16;58,82;15,95;39,75;19,09;16,77;51,42;21,2
2013-01-31;54,54;57,99;15,95;39,94;19,4;16,87;52,02;21,18
2013-02-01;55,35;58,12;16,16;40,16;19,35;16,63;52,65;21,13
2013-02-04;53,42;56,83;16,05;39,96;19,76;16,47;52,39;21,2
2013-02-05;52,07;57,83;16,32;40,2;19,8;16,93;52,11;21,22
2013-02-06;52,66;58,88;16,25;40,34;20,31;16,56;53,34;21,25
2013-02-07;53,39;58,05;16,44;40,49;20,1;16,59;54,22;21,29
2013-02-08;53,28;59,03;16,67;40,71;16,56;16,85;55,34;21,4
2013-02-11;53,19;58,1;17,91;40,78;16,21;16,57;54,77;21,42
2013-02-12;53,4;59,35;18,17;41,12;16,12;16,55;55,56;21,53
2013-02-13;56,76;59,83;18,48;41,25;16,1;16,77;56,96;21,53
2013-02-14;58,32;58,86;18,61;41,15;15,92;16,83;56,35;21,66
2013-02-15;57,75;58,07;18,74;41,23;15,84;16,71;56,32;21,52
2013-02-19;57,76;59,56;19,24;41,68;16,5;18,48;56,59;21,51
2013-02-20;54,19;58,15;19,12;41,52;16,35;18,09;55,58;21,74
2013-02-21;53,04;60,9;18,93;41,33;16,05;17,98;55,95;21,74
2013-02-22;54,02;61,6;19,28;41,66;16,28;17,74;55,94;21,73
2013-02-25;52,61;58,36;18,59;41,03;15,9;17,41;55,15;21,82
2013-02-26;52,44;57,74;18,54;41,25;15,7;17,37;55;21,78
2013-02-27;54,28;58,86;18,7;41,73;15,75;17,43;55,1;21,74
2013-02-28;54,93;57,71;18,56;41,72;15,28;17,54;55,92;21,67
2013-03-01;55,15;56,24;18,98;41,6;15,15;17,91;55,81;21,71
2013-03-04;54,8;56,04;18,93;41,81;14,94;18,07;56,19;21,66
2013-03-05;54,32;56,75;19,5;42,11;15;18,51;56,35;21,68
2013-03-06;55,1;56,9;19,87;42,03;15,35;18,64;55,93;21,7
2013-03-07;54,65;59,09;20,01;41,83;15,63;18,61;55,93;21,7
2013-03-08;56,21;58,71;20,42;42,01;15,75;18,56;56,05;21,71
2013-03-11;57,12;57,84;20,33;42,03;15,89;18,52;55,95;21,57
2013-03-12;58,31;56,96;20,34;41,97;15,88;18,68;55,42;21,79
2013-03-13;59,04;56,45;20,48;42,12;15,37;19,05;55,49;21,79
2013-03-14;60,48;58,87;20,69;42,23;15,18;18,97;56,31;21,73
2013-03-15;59,41;58,55;20,94;42,28;14,9;18,91;55,8;21,69
2013-03-18;60,31;58,62;20,91;42,13;14,92;18,75;56,47;21,77
2013-03-19;60,28;57,6;20,35;42,06;14,84;18,56;56,1;21,72
2013-03-20;62,76;57,21;21,12;42,54;14,82;18,68;55,94;21,75
2013-03-21;60,65;57,45;20,95;42,59;14,61;18,81;56,12;21,85
2013-03-22;60,18;57,11;21,31;42,88;14,57;18,88;57;21,8
2013-03-25;59,81;57,49;21,47;43,19;14,67;18,67;56,89;21,74
2013-03-26;59,8;59,38;21,62;43,62;14,69;18,83;56,35;21,85
2013-03-27;58,84;59,05;21,81;43,95;14,91;18,83;56,36;21,84
2013-03-28;60,42;59,05;22,15;44,29;14,92;19,1;57,6;22,03
2013-04-01;58,42;58,8;21,51;44,3;14,83;18,64;57,08;22,11
2013-04-02;57,04;58,68;21,09;44,43;14,93;18,99;57,17;21,92
2013-04-03;55,02;56,75;20,55;44,04;14,93;18,57;56,15;21,88
2013-04-04;54,72;56,38;20,76;44,5;14,96;18,61;55,98;21,9
2013-04-05;54,4;56,38;21,2;44,48;14,59;18,3;56,69;21,95
2013-04-08;54,05;57,58;21,3;44,78;14,47;18,61;57,04;21,89
2013-04-09;54,68;58,78;21,32;44,34;14,59;18,59;57,06;21,94
2013-04-10;55,12;60,83;21,77;44,79;14,94;18,93;57,33;21,94
2013-04-11;56,62;60,44;21,8;44,95;14,72;19,13;57,12;21,95
2013-04-12;55,76;59,53;22,05;45,02;14,6;18,96;56,79;21,94
2013-04-15;49,91;57,89;21,78;43,97;14,51;18,28;55,31;21,96
2013-04-16;53,51;59,7;22,03;44,45;14,74;18,68;56,4;21,98
2013-04-17;51,66;58,4;21,87;44,08;14,5;18,37;55,87;22,16
2013-04-18;50,06;59,74;21,92;44,09;14,31;18,14;55,4;21,95
2013-04-19;52,95;59,53;21,96;44,69;14,21;17,99;56,16;22,07
2013-04-22;52,98;59,85;22,47;44,65;14,14;18;56,83;21,94
2013-04-23;52,69;61,25;22,8;45,02;14,3;18,59;56,33;22,11
2013-04-24;54,58;61,98;23,1;45,14;14,14;18,39;56;22,1
2013-04-25;55,51;61,6;23,29;45,24;14,79;18,42;56,7;22,08
2013-04-26;52,75;60,8;23,29;45,34;14,89;17,79;56,41;22,07
2013-04-29;52,3;61,14;23,46;45,93;14,85;17,77;57,97;22,08
2013-04-30;50,98;60,88;23,38;46,63;14,85;17,77;60,27;22,08
2013-05-01;47,45;57,82;23,59;45,45;14,87;17,45;59,75;22,1
2013-05-02;50,35;58,69;23,91;45,82;15,19;17,37;60,5;22,3
2013-05-03;51,23;61,63;24,12;46,01;15,53;16,7;60,71;22,4
2013-05-06;54,19;61,88;24,06;45,35;15,69;16,73;59,64;22,38
2013-05-07;54,93;62,84;23,96;45,83;15,76;17,23;59,63;22,45
2013-05-08;45,96;63,41;24,24;45,54;15,7;17,26;60,63;22,46
2013-05-09;46,14;62,42;22,74;44,61;15,53;17,35;60,56;22,58
2013-05-10;44,7;61,43;23,19;44,81;15,78;17,43;60,56;22,56
2013-05-13;46,29;60,76;22,59;44,5;15,88;17,19;60,97;22,62
2013-05-14;48,41;61,9;22,55;45,06;15,9;16,71;61,9;22,62
2013-05-15;47,78;60,22;22,74;45,55;15,63;16,84;62,53;22,62
2013-05-16;47,47;60,94;22,23;45,04;16,38;16,7;61,79;22,63
2013-05-17;48,4;62,92;22,7;45,41;16,24;16,78;61,5;22,79
2013-05-20;46,94;64,5;22,71;45,22;16;16,76;59,91;22,7
2013-05-21;47,15;63,81;22,96;45,25;15,95;17,36;59,95;22,73
2013-05-22;45,1;62,89;22,81;44,52;15,49;16,94;58,94;22,73
2013-05-23;46,26;62,89;22,64;44,22;15,16;17;59,42;22,85
2013-05-24;45,52;61,47;22,76;43,93;15;17,11;59,44;22,91
2013-05-28;44,67;62,74;23,44;43,68;15,05;17,2;59,27;22,77
2013-05-29;42,57;62,56;23,33;42,98;15,37;17,04;58,75;22,79
2013-05-30;42,15;61,77;23,7;43,58;15,57;16,87;58,97;22,76
2013-05-31;41,94;60,52;23,08;43,18;15,46;16,53;58,53;22,7
2013-06-03;40,88;60,89;22,37;43,35;15,13;16,73;58,83;22,35
2013-06-04;40,31;61,18;22,27;42,64;15,03;16,55;59,04;22,52
2013-06-05;41,41;61,08;21,64;42,27;15,38;16,12;58,61;22,26
2013-06-06;41,99;61,99;21,89;42,89;16,04;16,26;58,91;22,4
2013-06-07;41,89;63,03;22,87;43,02;16,01;16,4;59,96;22,5
2013-06-10;41,31;62,92;22,4;43,2;16,26;16,37;60,07;22,41
2013-06-11;41,12;61,73;22,08;42,72;15,68;16,27;59,5;22,57
2013-06-12;40,85;61,48;21,71;42,12;15,86;16,09;58,94;21,95
2013-06-13;42,66;62,22;22,85;42,85;16,07;16,46;59,46;22,15
2013-06-14;43,41;61,62;22,31;43,08;16,09;16,36;59,58;22,24
2013-06-17;43,64;62,59;22,82;43,4;16,26;16,53;60,94;22,29
2013-06-18;43,54;62,35;22,88;43,99;16,46;16,79;60,68;22,37
2013-06-19;43,06;62,04;22,62;43,14;16,54;16,48;60,72;22,1
2013-06-20;41,77;60,34;21,97;41,72;16,09;15,94;58,95;21,96
2013-06-21;41,94;60,87;21,9;42,77;16;16,01;58,01;21,74
2013-06-24;39,91;59,54;21,4;42,42;15,36;15,95;57,57;21,64
2013-06-25;41,4;60,34;21,61;42,76;15,27;16,14;57,58;21,69
2013-06-26;41,71;60,08;21,59;42,93;15,3;16,22;57,61;21,81
2013-06-27;42,26;59,79;21,6;43,72;15,69;16,42;58,74;21,75
2013-06-28;41,47;59,86;22,1;44,05;15,56;16,15;59,25;22,06
2013-07-01;41,33;60,49;21,72;43,64;15,7;16,36;59,62;21,57
2013-07-02;39,62;61,69;21,53;43,53;15,59;15,97;59,66;21,72
2013-07-03;40,1;62,53;21,37;43,72;15,68;15,91;60,14;21,58
2013-07-05;40,1;64,18;21,99;43,89;15,89;16,36;61,46;21,08
2013-07-08;39,78;63,45;22,51;44,4;15,82;16,62;61,52;21,14
2013-07-09;40,51;63,88;22,6;44,99;16,09;16,61;61,5;20,75
2013-07-10;40,31;64,05;22,76;45,1;16,38;16,7;61,65;20,51
2013-07-11;41,64;64,11;23,63;45,38;17,02;16,9;62,5;20,68
